id,deal_id,activity_type,date,subject,notes
1,1,email,2026-09-11T00:00:00,Email with Growthloop Inc — RevOS Pro,
2,1,call,2026-08-24T00:00:00,Call with Growthloop Inc — RevOS Pro,
3,1,meeting,2026-06-08T00:00:00,Meeting with Growthloop Inc — RevOS Pro,
4,1,email,2026-07-27T00:00:00,Email with Growthloop Inc — RevOS Pro,
5,2,email,2026-09-12T00:00:00,Email with Zenithops Inc — RevOS API,
6,2,note,2026-04-30T00:00:00,Note with Zenithops Inc — RevOS API,
7,2,email,2026-05-13T00:00:00,Email with Zenithops Inc — RevOS API,
8,2,call,2026-04-19T00:00:00,Call with Zenithops Inc — RevOS API,
9,2,call,2026-04-23T00:00:00,Call with Zenithops Inc — RevOS API,
10,2,call,2026-07-31T00:00:00,Call with Zenithops Inc — RevOS API,
11,2,email,2026-07-30T00:00:00,Email with Zenithops Inc — RevOS API,
12,3,call,2026-08-16T00:00:00,Call with Maplesoft Inc — RevOS Analytic,
13,3,email,2026-07-27T00:00:00,Email with Maplesoft Inc — RevOS Analytic,
14,3,email,2026-08-05T00:00:00,Email with Maplesoft Inc — RevOS Analytic,
15,3,meeting,2026-06-29T00:00:00,Meeting with Maplesoft Inc — RevOS Analytic,
16,3,meeting,2026-06-29T00:00:00,Meeting with Maplesoft Inc — RevOS Analytic,
17,3,email,2026-07-13T00:00:00,Email with Maplesoft Inc — RevOS Analytic,
18,3,meeting,2026-08-20T00:00:00,Meeting with Maplesoft Inc — RevOS Analytic,
19,3,email,2026-09-10T00:00:00,Email with Maplesoft Inc — RevOS Analytic,
20,3,email,2026-09-03T00:00:00,Email with Maplesoft Inc — RevOS Analytic,
21,3,email,2026-08-11T00:00:00,Email with Maplesoft Inc — RevOS Analytic,
22,3,meeting,2026-09-06T00:00:00,Meeting with Maplesoft Inc — RevOS Analytic,
23,3,email,2026-09-25T00:00:00,Email with Maplesoft Inc — RevOS Analytic,
24,3,email,2026-08-24T00:00:00,Email with Maplesoft Inc — RevOS Analytic,
25,3,email,2026-07-20T00:00:00,Email with Maplesoft Inc — RevOS Analytic,
26,4,meeting,2026-09-06T00:00:00,Meeting with Windrose Inc — RevOS API,
27,4,meeting,2026-07-28T00:00:00,Meeting with Windrose Inc — RevOS API,
28,4,email,2026-09-29T00:00:00,Email with Windrose Inc — RevOS API,
29,4,email,2026-08-29T00:00:00,Email with Windrose Inc — RevOS API,
30,4,meeting,2026-09-27T00:00:00,Meeting with Windrose Inc — RevOS API,
31,4,call,2026-09-15T00:00:00,Call with Windrose Inc — RevOS API,
32,4,meeting,2026-08-30T00:00:00,Meeting with Windrose Inc — RevOS API,
33,4,call,2026-08-24T00:00:00,Call with Windrose Inc — RevOS API,
34,4,call,2026-08-24T00:00:00,Call with Windrose Inc — RevOS API,
35,4,email,2026-09-24T00:00:00,Email with Windrose Inc — RevOS API,
36,4,call,2026-09-08T00:00:00,Call with Windrose Inc — RevOS API,
37,4,call,2026-09-20T00:00:00,Call with Windrose Inc — RevOS API,
38,5,email,2026-09-19T00:00:00,Email with Edgeflux Inc — RevOS Pro,
39,5,call,2026-07-13T00:00:00,Call with Edgeflux Inc — RevOS Pro,
40,5,note,2026-09-15T00:00:00,Note with Edgeflux Inc — RevOS Pro,
41,5,call,2026-09-22T00:00:00,Call with Edgeflux Inc — RevOS Pro,
42,5,email,2026-09-08T00:00:00,Email with Edgeflux Inc — RevOS Pro,
43,5,call,2026-09-30T00:00:00,Call with Edgeflux Inc — RevOS Pro,
44,5,note,2026-09-27T00:00:00,Note with Edgeflux Inc — RevOS Pro,
45,5,note,2026-09-04T00:00:00,Note with Edgeflux Inc — RevOS Pro,
46,5,email,2026-09-29T00:00:00,Email with Edgeflux Inc — RevOS Pro,
47,5,email,2026-08-05T00:00:00,Email with Edgeflux Inc — RevOS Pro,
48,5,email,2026-07-29T00:00:00,Email with Edgeflux Inc — RevOS Pro,
49,5,meeting,2026-08-18T00:00:00,Meeting with Edgeflux Inc — RevOS Pro,
50,5,email,2026-09-01T00:00:00,Email with Edgeflux Inc — RevOS Pro,
51,5,call,2026-07-19T00:00:00,Call with Edgeflux Inc — RevOS Pro,
52,5,email,2026-09-01T00:00:00,Email with Edgeflux Inc — RevOS Pro,
53,6,email,2026-08-16T00:00:00,Email with Metaverse Inc — RevOS Starter,
54,6,call,2026-08-26T00:00:00,Call with Metaverse Inc — RevOS Starter,
55,6,email,2026-08-10T00:00:00,Email with Metaverse Inc — RevOS Starter,
56,6,email,2026-07-30T00:00:00,Email with Metaverse Inc — RevOS Starter,
57,6,call,2026-09-04T00:00:00,Call with Metaverse Inc — RevOS Starter,
58,6,call,2026-09-20T00:00:00,Call with Metaverse Inc — RevOS Starter,
59,6,email,2026-07-31T00:00:00,Email with Metaverse Inc — RevOS Starter,
60,7,email,2026-06-29T00:00:00,Email with Maplesoft Inc — RevOS Enterpri,
61,7,meeting,2026-08-05T00:00:00,Meeting with Maplesoft Inc — RevOS Enterpri,
62,7,call,2026-07-10T00:00:00,Call with Maplesoft Inc — RevOS Enterpri,
63,7,note,2026-06-05T00:00:00,Note with Maplesoft Inc — RevOS Enterpri,
64,7,meeting,2026-09-27T00:00:00,Meeting with Maplesoft Inc — RevOS Enterpri,
65,7,note,2026-06-09T00:00:00,Note with Maplesoft Inc — RevOS Enterpri,
66,7,email,2026-06-16T00:00:00,Email with Maplesoft Inc — RevOS Enterpri,
67,8,note,2026-07-10T00:00:00,Note with Maplesoft Inc — RevOS Starter,
68,8,note,2026-08-23T00:00:00,Note with Maplesoft Inc — RevOS Starter,
69,8,meeting,2026-09-25T00:00:00,Meeting with Maplesoft Inc — RevOS Starter,
70,8,email,2026-07-13T00:00:00,Email with Maplesoft Inc — RevOS Starter,
71,8,email,2026-07-19T00:00:00,Email with Maplesoft Inc — RevOS Starter,
72,8,meeting,2026-09-13T00:00:00,Meeting with Maplesoft Inc — RevOS Starter,
73,8,call,2026-07-17T00:00:00,Call with Maplesoft Inc — RevOS Starter,
74,9,note,2026-09-27T00:00:00,Note with Raptorx Inc — RevOS API,
75,9,call,2026-08-25T00:00:00,Call with Raptorx Inc — RevOS API,
76,9,email,2026-08-14T00:00:00,Email with Raptorx Inc — RevOS API,
77,9,meeting,2026-08-16T00:00:00,Meeting with Raptorx Inc — RevOS API,
78,9,email,2026-08-29T00:00:00,Email with Raptorx Inc — RevOS API,
79,9,meeting,2026-09-15T00:00:00,Meeting with Raptorx Inc — RevOS API,
80,9,meeting,2026-09-29T00:00:00,Meeting with Raptorx Inc — RevOS API,
81,9,note,2026-08-24T00:00:00,Note with Raptorx Inc — RevOS API,
82,9,email,2026-08-22T00:00:00,Email with Raptorx Inc — RevOS API,
83,9,email,2026-08-20T00:00:00,Email with Raptorx Inc — RevOS API,
84,9,call,2026-08-26T00:00:00,Call with Raptorx Inc — RevOS API,
85,9,note,2026-08-25T00:00:00,Note with Raptorx Inc — RevOS API,
86,10,call,2026-08-31T00:00:00,Call with Ultradev Inc — RevOS Analytics,
87,10,note,2026-09-27T00:00:00,Note with Ultradev Inc — RevOS Analytics,
88,10,call,2026-08-09T00:00:00,Call with Ultradev Inc — RevOS Analytics,
89,11,note,2026-09-25T00:00:00,Note with Xyphorai Inc — RevOS Analytics,
90,11,email,2026-09-24T00:00:00,Email with Xyphorai Inc — RevOS Analytics,
91,11,meeting,2026-09-27T00:00:00,Meeting with Xyphorai Inc — RevOS Analytics,
92,11,call,2026-09-22T00:00:00,Call with Xyphorai Inc — RevOS Analytics,
93,11,email,2026-10-01T00:00:00,Email with Xyphorai Inc — RevOS Analytics,
94,11,meeting,2026-09-22T00:00:00,Meeting with Xyphorai Inc — RevOS Analytics,
95,11,email,2026-09-25T00:00:00,Email with Xyphorai Inc — RevOS Analytics,
96,11,email,2026-09-28T00:00:00,Email with Xyphorai Inc — RevOS Analytics,
97,11,note,2026-09-27T00:00:00,Note with Xyphorai Inc — RevOS Analytics,
98,11,call,2026-09-23T00:00:00,Call with Xyphorai Inc — RevOS Analytics,
99,12,call,2026-09-24T00:00:00,Call with Orchidtech Inc — RevOS Analyti,
100,12,note,2026-08-01T00:00:00,Note with Orchidtech Inc — RevOS Analyti,
101,12,note,2026-08-26T00:00:00,Note with Orchidtech Inc — RevOS Analyti,
102,12,email,2026-09-28T00:00:00,Email with Orchidtech Inc — RevOS Analyti,
103,12,note,2026-08-06T00:00:00,Note with Orchidtech Inc — RevOS Analyti,
104,12,email,2026-09-18T00:00:00,Email with Orchidtech Inc — RevOS Analyti,
105,13,note,2026-09-28T00:00:00,Note with Truepathsys Inc — RevOS Analyt,
106,13,call,2026-08-05T00:00:00,Call with Truepathsys Inc — RevOS Analyt,
107,13,meeting,2026-09-30T00:00:00,Meeting with Truepathsys Inc — RevOS Analyt,
108,13,call,2026-08-31T00:00:00,Call with Truepathsys Inc — RevOS Analyt,
109,13,email,2026-06-14T00:00:00,Email with Truepathsys Inc — RevOS Analyt,
110,13,meeting,2026-06-20T00:00:00,Meeting with Truepathsys Inc — RevOS Analyt,
111,14,meeting,2026-09-19T00:00:00,Meeting with Stratosai Inc — RevOS Analytic,
112,14,meeting,2026-08-15T00:00:00,Meeting with Stratosai Inc — RevOS Analytic,
113,14,meeting,2026-06-16T00:00:00,Meeting with Stratosai Inc — RevOS Analytic,
114,14,call,2026-07-27T00:00:00,Call with Stratosai Inc — RevOS Analytic,
115,14,call,2026-08-20T00:00:00,Call with Stratosai Inc — RevOS Analytic,
116,14,call,2026-08-13T00:00:00,Call with Stratosai Inc — RevOS Analytic,
117,14,meeting,2026-05-29T00:00:00,Meeting with Stratosai Inc — RevOS Analytic,
118,14,call,2026-07-08T00:00:00,Call with Stratosai Inc — RevOS Analytic,
119,14,email,2026-06-25T00:00:00,Email with Stratosai Inc — RevOS Analytic,
120,14,call,2026-07-12T00:00:00,Call with Stratosai Inc — RevOS Analytic,
121,15,email,2026-08-20T00:00:00,Email with Infoedge Inc — RevOS Enterpris,
122,15,email,2026-06-28T00:00:00,Email with Infoedge Inc — RevOS Enterpris,
123,15,note,2026-09-07T00:00:00,Note with Infoedge Inc — RevOS Enterpris,
124,15,call,2026-09-22T00:00:00,Call with Infoedge Inc — RevOS Enterpris,
125,15,meeting,2026-06-24T00:00:00,Meeting with Infoedge Inc — RevOS Enterpris,
126,15,call,2026-09-03T00:00:00,Call with Infoedge Inc — RevOS Enterpris,
127,15,call,2026-07-18T00:00:00,Call with Infoedge Inc — RevOS Enterpris,
128,15,meeting,2026-09-27T00:00:00,Meeting with Infoedge Inc — RevOS Enterpris,
129,16,meeting,2026-07-21T00:00:00,Meeting with Corelogic Inc — RevOS Starter,
130,16,meeting,2026-08-09T00:00:00,Meeting with Corelogic Inc — RevOS Starter,
131,16,email,2026-07-24T00:00:00,Email with Corelogic Inc — RevOS Starter,
132,16,email,2026-08-15T00:00:00,Email with Corelogic Inc — RevOS Starter,
133,16,note,2026-08-16T00:00:00,Note with Corelogic Inc — RevOS Starter,
134,16,email,2026-09-10T00:00:00,Email with Corelogic Inc — RevOS Starter,
135,16,note,2026-07-01T00:00:00,Note with Corelogic Inc — RevOS Starter,
136,17,call,2026-09-03T00:00:00,Call with Clearstack Inc — RevOS Starter,
137,17,note,2026-06-28T00:00:00,Note with Clearstack Inc — RevOS Starter,
138,17,email,2026-07-12T00:00:00,Email with Clearstack Inc — RevOS Starter,
139,17,email,2026-07-08T00:00:00,Email with Clearstack Inc — RevOS Starter,
140,17,call,2026-09-04T00:00:00,Call with Clearstack Inc — RevOS Starter,
141,17,email,2026-07-20T00:00:00,Email with Clearstack Inc — RevOS Starter,
142,17,email,2026-08-03T00:00:00,Email with Clearstack Inc — RevOS Starter,
143,17,email,2026-08-28T00:00:00,Email with Clearstack Inc — RevOS Starter,
144,17,call,2026-09-16T00:00:00,Call with Clearstack Inc — RevOS Starter,
145,17,note,2026-09-23T00:00:00,Note with Clearstack Inc — RevOS Starter,
146,17,meeting,2026-08-14T00:00:00,Meeting with Clearstack Inc — RevOS Starter,
147,17,email,2026-08-19T00:00:00,Email with Clearstack Inc — RevOS Starter,
148,17,email,2026-09-16T00:00:00,Email with Clearstack Inc — RevOS Starter,
149,18,email,2026-07-02T00:00:00,Email with Corelogic Inc — RevOS Starter,
150,18,email,2026-07-31T00:00:00,Email with Corelogic Inc — RevOS Starter,
151,18,note,2026-07-23T00:00:00,Note with Corelogic Inc — RevOS Starter,
152,18,email,2026-08-13T00:00:00,Email with Corelogic Inc — RevOS Starter,
153,18,email,2026-09-11T00:00:00,Email with Corelogic Inc — RevOS Starter,
154,18,email,2026-08-23T00:00:00,Email with Corelogic Inc — RevOS Starter,
155,18,call,2026-06-21T00:00:00,Call with Corelogic Inc — RevOS Starter,
156,18,email,2026-06-16T00:00:00,Email with Corelogic Inc — RevOS Starter,
157,18,email,2026-09-30T00:00:00,Email with Corelogic Inc — RevOS Starter,
158,18,call,2026-08-16T00:00:00,Call with Corelogic Inc — RevOS Starter,
159,18,email,2026-06-29T00:00:00,Email with Corelogic Inc — RevOS Starter,
160,18,call,2026-08-24T00:00:00,Call with Corelogic Inc — RevOS Starter,
161,18,email,2026-06-08T00:00:00,Email with Corelogic Inc — RevOS Starter,
162,18,note,2026-06-15T00:00:00,Note with Corelogic Inc — RevOS Starter,
163,18,meeting,2026-09-30T00:00:00,Meeting with Corelogic Inc — RevOS Starter,
164,19,meeting,2026-07-27T00:00:00,Meeting with Signalops Inc — RevOS Analytic,
165,19,call,2026-09-28T00:00:00,Call with Signalops Inc — RevOS Analytic,
166,19,email,2026-09-14T00:00:00,Email with Signalops Inc — RevOS Analytic,
167,19,call,2026-07-12T00:00:00,Call with Signalops Inc — RevOS Analytic,
168,19,email,2026-07-06T00:00:00,Email with Signalops Inc — RevOS Analytic,
169,19,call,2026-07-30T00:00:00,Call with Signalops Inc — RevOS Analytic,
170,19,note,2026-08-14T00:00:00,Note with Signalops Inc — RevOS Analytic,
171,19,note,2026-09-23T00:00:00,Note with Signalops Inc — RevOS Analytic,
172,19,meeting,2026-09-14T00:00:00,Meeting with Signalops Inc — RevOS Analytic,
173,19,email,2026-07-05T00:00:00,Email with Signalops Inc — RevOS Analytic,
174,19,call,2026-09-02T00:00:00,Call with Signalops Inc — RevOS Analytic,
175,19,note,2026-08-07T00:00:00,Note with Signalops Inc — RevOS Analytic,
176,19,email,2026-09-23T00:00:00,Email with Signalops Inc — RevOS Analytic,
177,20,call,2026-08-30T00:00:00,Call with Omnilayer Inc — RevOS Enterpri,
178,20,email,2026-09-13T00:00:00,Email with Omnilayer Inc — RevOS Enterpri,
179,20,note,2026-09-28T00:00:00,Note with Omnilayer Inc — RevOS Enterpri,
180,20,email,2026-09-26T00:00:00,Email with Omnilayer Inc — RevOS Enterpri,
181,20,meeting,2026-09-17T00:00:00,Meeting with Omnilayer Inc — RevOS Enterpri,
182,20,email,2026-09-24T00:00:00,Email with Omnilayer Inc — RevOS Enterpri,
183,20,email,2026-09-04T00:00:00,Email with Omnilayer Inc — RevOS Enterpri,
184,20,call,2026-09-05T00:00:00,Call with Omnilayer Inc — RevOS Enterpri,
185,20,meeting,2026-09-14T00:00:00,Meeting with Omnilayer Inc — RevOS Enterpri,
186,20,email,2026-09-24T00:00:00,Email with Omnilayer Inc — RevOS Enterpri,
187,20,call,2026-09-13T00:00:00,Call with Omnilayer Inc — RevOS Enterpri,
188,21,call,2026-09-01T00:00:00,Call with Stratosai Inc — RevOS Starter,
189,21,note,2026-09-12T00:00:00,Note with Stratosai Inc — RevOS Starter,
190,21,meeting,2026-09-05T00:00:00,Meeting with Stratosai Inc — RevOS Starter,
191,21,meeting,2026-09-16T00:00:00,Meeting with Stratosai Inc — RevOS Starter,
192,21,call,2026-08-25T00:00:00,Call with Stratosai Inc — RevOS Starter,
193,21,call,2026-09-27T00:00:00,Call with Stratosai Inc — RevOS Starter,
194,21,email,2026-09-13T00:00:00,Email with Stratosai Inc — RevOS Starter,
195,21,email,2026-08-25T00:00:00,Email with Stratosai Inc — RevOS Starter,
196,21,email,2026-08-27T00:00:00,Email with Stratosai Inc — RevOS Starter,
197,21,email,2026-09-01T00:00:00,Email with Stratosai Inc — RevOS Starter,
198,21,call,2026-09-14T00:00:00,Call with Stratosai Inc — RevOS Starter,
199,21,email,2026-09-16T00:00:00,Email with Stratosai Inc — RevOS Starter,
200,21,note,2026-09-07T00:00:00,Note with Stratosai Inc — RevOS Starter,
201,21,call,2026-09-20T00:00:00,Call with Stratosai Inc — RevOS Starter,
202,21,email,2026-09-16T00:00:00,Email with Stratosai Inc — RevOS Starter,
203,22,email,2026-06-02T00:00:00,Email with Yieldmax Inc — RevOS Analytics,
204,22,email,2026-05-19T00:00:00,Email with Yieldmax Inc — RevOS Analytics,
205,22,email,2026-07-07T00:00:00,Email with Yieldmax Inc — RevOS Analytics,
206,22,meeting,2026-06-08T00:00:00,Meeting with Yieldmax Inc — RevOS Analytics,
207,22,call,2026-07-04T00:00:00,Call with Yieldmax Inc — RevOS Analytics,
208,22,email,2026-09-22T00:00:00,Email with Yieldmax Inc — RevOS Analytics,
209,22,call,2026-04-27T00:00:00,Call with Yieldmax Inc — RevOS Analytics,
210,22,email,2026-09-19T00:00:00,Email with Yieldmax Inc — RevOS Analytics,
211,22,email,2026-05-15T00:00:00,Email with Yieldmax Inc — RevOS Analytics,
212,22,meeting,2026-08-31T00:00:00,Meeting with Yieldmax Inc — RevOS Analytics,
213,22,email,2026-07-19T00:00:00,Email with Yieldmax Inc — RevOS Analytics,
214,22,email,2026-05-27T00:00:00,Email with Yieldmax Inc — RevOS Analytics,
215,22,note,2026-09-24T00:00:00,Note with Yieldmax Inc — RevOS Analytics,
216,22,meeting,2026-05-23T00:00:00,Meeting with Yieldmax Inc — RevOS Analytics,
217,23,email,2026-06-29T00:00:00,Email with Relaystack Inc — RevOS Enterpr,
218,23,meeting,2026-09-24T00:00:00,Meeting with Relaystack Inc — RevOS Enterpr,
219,23,call,2026-08-23T00:00:00,Call with Relaystack Inc — RevOS Enterpr,
220,23,call,2026-07-30T00:00:00,Call with Relaystack Inc — RevOS Enterpr,
221,23,email,2026-06-26T00:00:00,Email with Relaystack Inc — RevOS Enterpr,
222,24,email,2026-08-22T00:00:00,Email with Edgeflux Inc — RevOS Analytics,
223,24,email,2026-09-21T00:00:00,Email with Edgeflux Inc — RevOS Analytics,
224,24,meeting,2026-05-11T00:00:00,Meeting with Edgeflux Inc — RevOS Analytics,
225,25,meeting,2026-07-11T00:00:00,Meeting with Xyphorai Inc — RevOS Enterpris,
226,25,call,2026-05-08T00:00:00,Call with Xyphorai Inc — RevOS Enterpris,
227,25,email,2026-09-21T00:00:00,Email with Xyphorai Inc — RevOS Enterpris,
228,25,email,2026-07-31T00:00:00,Email with Xyphorai Inc — RevOS Enterpris,
229,25,note,2026-06-20T00:00:00,Note with Xyphorai Inc — RevOS Enterpris,
230,25,email,2026-07-31T00:00:00,Email with Xyphorai Inc — RevOS Enterpris,
231,25,email,2026-06-12T00:00:00,Email with Xyphorai Inc — RevOS Enterpris,
232,26,email,2026-07-19T00:00:00,Email with Quantleap Inc — RevOS Pro,
233,26,email,2026-09-21T00:00:00,Email with Quantleap Inc — RevOS Pro,
234,26,call,2026-06-22T00:00:00,Call with Quantleap Inc — RevOS Pro,
235,26,meeting,2026-07-26T00:00:00,Meeting with Quantleap Inc — RevOS Pro,
236,26,note,2026-06-25T00:00:00,Note with Quantleap Inc — RevOS Pro,
237,26,email,2026-09-08T00:00:00,Email with Quantleap Inc — RevOS Pro,
238,26,email,2026-09-24T00:00:00,Email with Quantleap Inc — RevOS Pro,
239,26,call,2026-07-10T00:00:00,Call with Quantleap Inc — RevOS Pro,
240,26,call,2026-08-10T00:00:00,Call with Quantleap Inc — RevOS Pro,
241,26,call,2026-07-15T00:00:00,Call with Quantleap Inc — RevOS Pro,
242,26,call,2026-08-29T00:00:00,Call with Quantleap Inc — RevOS Pro,
243,26,meeting,2026-04-30T00:00:00,Meeting with Quantleap Inc — RevOS Pro,
244,26,call,2026-07-10T00:00:00,Call with Quantleap Inc — RevOS Pro,
245,26,call,2026-07-27T00:00:00,Call with Quantleap Inc — RevOS Pro,
246,26,email,2026-04-30T00:00:00,Email with Quantleap Inc — RevOS Pro,
247,27,meeting,2026-08-06T00:00:00,Meeting with Finlabs Inc — RevOS Enterprise,
248,27,meeting,2026-08-29T00:00:00,Meeting with Finlabs Inc — RevOS Enterprise,
249,27,note,2026-06-27T00:00:00,Note with Finlabs Inc — RevOS Enterprise,
250,27,call,2026-08-14T00:00:00,Call with Finlabs Inc — RevOS Enterprise,
251,27,email,2026-08-14T00:00:00,Email with Finlabs Inc — RevOS Enterprise,
252,27,call,2026-08-06T00:00:00,Call with Finlabs Inc — RevOS Enterprise,
253,27,call,2026-09-18T00:00:00,Call with Finlabs Inc — RevOS Enterprise,
254,27,note,2026-06-27T00:00:00,Note with Finlabs Inc — RevOS Enterprise,
255,28,meeting,2026-08-16T00:00:00,Meeting with Quantleap Inc — RevOS Pro,
256,28,call,2026-09-13T00:00:00,Call with Quantleap Inc — RevOS Pro,
257,28,email,2026-09-19T00:00:00,Email with Quantleap Inc — RevOS Pro,
258,28,note,2026-07-18T00:00:00,Note with Quantleap Inc — RevOS Pro,
259,28,email,2026-09-12T00:00:00,Email with Quantleap Inc — RevOS Pro,
260,28,call,2026-09-01T00:00:00,Call with Quantleap Inc — RevOS Pro,
261,28,meeting,2026-09-06T00:00:00,Meeting with Quantleap Inc — RevOS Pro,
262,28,meeting,2026-09-19T00:00:00,Meeting with Quantleap Inc — RevOS Pro,
263,28,email,2026-08-23T00:00:00,Email with Quantleap Inc — RevOS Pro,
264,28,meeting,2026-07-19T00:00:00,Meeting with Quantleap Inc — RevOS Pro,
265,28,email,2026-07-11T00:00:00,Email with Quantleap Inc — RevOS Pro,
266,28,call,2026-10-01T00:00:00,Call with Quantleap Inc — RevOS Pro,
267,28,meeting,2026-08-01T00:00:00,Meeting with Quantleap Inc — RevOS Pro,
268,29,call,2026-06-23T00:00:00,Call with Junctionai Inc — RevOS Enterpr,
269,29,email,2026-09-11T00:00:00,Email with Junctionai Inc — RevOS Enterpr,
270,29,meeting,2026-08-27T00:00:00,Meeting with Junctionai Inc — RevOS Enterpr,
271,30,call,2026-09-17T00:00:00,Call with Xeronova Inc — RevOS Pro,
272,30,email,2026-07-31T00:00:00,Email with Xeronova Inc — RevOS Pro,
273,30,email,2026-07-11T00:00:00,Email with Xeronova Inc — RevOS Pro,
274,30,meeting,2026-06-14T00:00:00,Meeting with Xeronova Inc — RevOS Pro,
275,30,note,2026-07-30T00:00:00,Note with Xeronova Inc — RevOS Pro,
276,30,call,2026-06-21T00:00:00,Call with Xeronova Inc — RevOS Pro,
277,30,email,2026-05-29T00:00:00,Email with Xeronova Inc — RevOS Pro,
278,30,email,2026-06-23T00:00:00,Email with Xeronova Inc — RevOS Pro,
279,30,call,2026-09-24T00:00:00,Call with Xeronova Inc — RevOS Pro,
280,30,note,2026-09-05T00:00:00,Note with Xeronova Inc — RevOS Pro,
281,30,email,2026-09-26T00:00:00,Email with Xeronova Inc — RevOS Pro,
282,30,meeting,2026-08-25T00:00:00,Meeting with Xeronova Inc — RevOS Pro,
283,30,meeting,2026-09-03T00:00:00,Meeting with Xeronova Inc — RevOS Pro,
284,30,email,2026-06-16T00:00:00,Email with Xeronova Inc — RevOS Pro,
285,30,email,2026-05-28T00:00:00,Email with Xeronova Inc — RevOS Pro,
286,31,note,2026-06-25T00:00:00,Note with Fusionware Inc — RevOS API,
287,31,call,2026-06-30T00:00:00,Call with Fusionware Inc — RevOS API,
288,31,call,2026-06-14T00:00:00,Call with Fusionware Inc — RevOS API,
289,32,note,2026-09-25T00:00:00,Note with Pulsenet Inc — RevOS Enterpris,
290,32,email,2026-09-02T00:00:00,Email with Pulsenet Inc — RevOS Enterpris,
291,32,meeting,2026-07-04T00:00:00,Meeting with Pulsenet Inc — RevOS Enterpris,
292,32,call,2026-05-25T00:00:00,Call with Pulsenet Inc — RevOS Enterpris,
293,32,email,2026-04-23T00:00:00,Email with Pulsenet Inc — RevOS Enterpris,
294,32,meeting,2026-05-27T00:00:00,Meeting with Pulsenet Inc — RevOS Enterpris,
295,32,note,2026-08-09T00:00:00,Note with Pulsenet Inc — RevOS Enterpris,
296,32,email,2026-08-16T00:00:00,Email with Pulsenet Inc — RevOS Enterpris,
297,32,call,2026-08-11T00:00:00,Call with Pulsenet Inc — RevOS Enterpris,
298,33,call,2026-06-24T00:00:00,Call with Growthloop Inc — RevOS Pro,
299,33,email,2026-07-19T00:00:00,Email with Growthloop Inc — RevOS Pro,
300,33,email,2026-04-12T00:00:00,Email with Growthloop Inc — RevOS Pro,
301,33,note,2026-07-29T00:00:00,Note with Growthloop Inc — RevOS Pro,
302,33,meeting,2026-08-14T00:00:00,Meeting with Growthloop Inc — RevOS Pro,
303,33,meeting,2026-09-09T00:00:00,Meeting with Growthloop Inc — RevOS Pro,
304,34,call,2026-07-03T00:00:00,Call with Maplesoft Inc — RevOS Pro,
305,34,call,2026-08-30T00:00:00,Call with Maplesoft Inc — RevOS Pro,
306,34,call,2026-09-29T00:00:00,Call with Maplesoft Inc — RevOS Pro,
307,34,note,2026-09-23T00:00:00,Note with Maplesoft Inc — RevOS Pro,
308,34,email,2026-08-30T00:00:00,Email with Maplesoft Inc — RevOS Pro,
309,34,call,2026-07-06T00:00:00,Call with Maplesoft Inc — RevOS Pro,
310,34,call,2026-08-22T00:00:00,Call with Maplesoft Inc — RevOS Pro,
311,35,email,2026-05-09T00:00:00,Email with Vantagepoint Inc — RevOS Start,
312,35,note,2026-08-07T00:00:00,Note with Vantagepoint Inc — RevOS Start,
313,35,call,2026-05-22T00:00:00,Call with Vantagepoint Inc — RevOS Start,
314,35,call,2026-07-20T00:00:00,Call with Vantagepoint Inc — RevOS Start,
315,35,email,2026-08-12T00:00:00,Email with Vantagepoint Inc — RevOS Start,
316,35,meeting,2026-07-05T00:00:00,Meeting with Vantagepoint Inc — RevOS Start,
317,35,email,2026-08-21T00:00:00,Email with Vantagepoint Inc — RevOS Start,
318,35,call,2026-06-21T00:00:00,Call with Vantagepoint Inc — RevOS Start,
319,35,note,2026-09-20T00:00:00,Note with Vantagepoint Inc — RevOS Start,
320,35,note,2026-07-18T00:00:00,Note with Vantagepoint Inc — RevOS Start,
321,35,email,2026-08-20T00:00:00,Email with Vantagepoint Inc — RevOS Start,
322,36,meeting,2026-09-29T00:00:00,Meeting with Wavefront Inc — RevOS Analytic,
323,36,meeting,2026-09-24T00:00:00,Meeting with Wavefront Inc — RevOS Analytic,
324,36,meeting,2026-09-28T00:00:00,Meeting with Wavefront Inc — RevOS Analytic,
325,36,meeting,2026-09-23T00:00:00,Meeting with Wavefront Inc — RevOS Analytic,
326,36,note,2026-09-30T00:00:00,Note with Wavefront Inc — RevOS Analytic,
327,36,call,2026-09-20T00:00:00,Call with Wavefront Inc — RevOS Analytic,
328,36,meeting,2026-09-22T00:00:00,Meeting with Wavefront Inc — RevOS Analytic,
329,37,email,2026-09-25T00:00:00,Email with Xyphorai Inc — RevOS API,
330,37,email,2026-09-07T00:00:00,Email with Xyphorai Inc — RevOS API,
331,37,email,2026-09-26T00:00:00,Email with Xyphorai Inc — RevOS API,
332,37,note,2026-09-21T00:00:00,Note with Xyphorai Inc — RevOS API,
333,38,email,2026-08-05T00:00:00,Email with Zenithops Inc — RevOS API,
334,38,note,2026-06-01T00:00:00,Note with Zenithops Inc — RevOS API,
335,38,note,2026-08-19T00:00:00,Note with Zenithops Inc — RevOS API,
336,38,meeting,2026-08-19T00:00:00,Meeting with Zenithops Inc — RevOS API,
337,38,meeting,2026-07-03T00:00:00,Meeting with Zenithops Inc — RevOS API,
338,38,email,2026-09-25T00:00:00,Email with Zenithops Inc — RevOS API,
339,38,email,2026-06-05T00:00:00,Email with Zenithops Inc — RevOS API,
340,38,call,2026-06-18T00:00:00,Call with Zenithops Inc — RevOS API,
341,38,call,2026-06-19T00:00:00,Call with Zenithops Inc — RevOS API,
342,38,email,2026-09-21T00:00:00,Email with Zenithops Inc — RevOS API,
343,39,meeting,2026-08-08T00:00:00,Meeting with Ultradev Inc — RevOS Analytics,
344,39,email,2026-09-29T00:00:00,Email with Ultradev Inc — RevOS Analytics,
345,39,note,2026-06-17T00:00:00,Note with Ultradev Inc — RevOS Analytics,
346,39,call,2026-09-18T00:00:00,Call with Ultradev Inc — RevOS Analytics,
347,39,meeting,2026-06-05T00:00:00,Meeting with Ultradev Inc — RevOS Analytics,
348,39,meeting,2026-08-30T00:00:00,Meeting with Ultradev Inc — RevOS Analytics,
349,39,note,2026-06-07T00:00:00,Note with Ultradev Inc — RevOS Analytics,
350,39,meeting,2026-06-05T00:00:00,Meeting with Ultradev Inc — RevOS Analytics,
351,40,email,2026-09-28T00:00:00,Email with Nexatech Inc — RevOS Analytics,
352,40,note,2026-08-10T00:00:00,Note with Nexatech Inc — RevOS Analytics,
353,40,email,2026-09-10T00:00:00,Email with Nexatech Inc — RevOS Analytics,
354,41,meeting,2026-09-14T00:00:00,Meeting with Quantleap Inc — RevOS Pro,
355,41,meeting,2026-09-28T00:00:00,Meeting with Quantleap Inc — RevOS Pro,
356,41,email,2026-06-18T00:00:00,Email with Quantleap Inc — RevOS Pro,
357,41,email,2026-08-25T00:00:00,Email with Quantleap Inc — RevOS Pro,
358,41,email,2026-06-28T00:00:00,Email with Quantleap Inc — RevOS Pro,
359,41,call,2026-07-14T00:00:00,Call with Quantleap Inc — RevOS Pro,
360,41,meeting,2026-09-07T00:00:00,Meeting with Quantleap Inc — RevOS Pro,
361,42,meeting,2026-07-03T00:00:00,Meeting with Junctionai Inc — RevOS Enterpr,
362,42,email,2026-08-31T00:00:00,Email with Junctionai Inc — RevOS Enterpr,
363,42,email,2026-09-08T00:00:00,Email with Junctionai Inc — RevOS Enterpr,
364,43,meeting,2026-09-15T00:00:00,Meeting with Wavefront Inc — RevOS Enterpri,
365,43,email,2026-09-21T00:00:00,Email with Wavefront Inc — RevOS Enterpri,
366,43,email,2026-08-30T00:00:00,Email with Wavefront Inc — RevOS Enterpri,
367,43,meeting,2026-09-21T00:00:00,Meeting with Wavefront Inc — RevOS Enterpri,
368,43,meeting,2026-08-16T00:00:00,Meeting with Wavefront Inc — RevOS Enterpri,
369,43,note,2026-09-20T00:00:00,Note with Wavefront Inc — RevOS Enterpri,
370,43,note,2026-09-26T00:00:00,Note with Wavefront Inc — RevOS Enterpri,
371,44,note,2026-08-02T00:00:00,Note with Keystone Inc — RevOS API,
372,44,email,2026-08-23T00:00:00,Email with Keystone Inc — RevOS API,
373,44,meeting,2026-05-04T00:00:00,Meeting with Keystone Inc — RevOS API,
374,44,note,2026-09-11T00:00:00,Note with Keystone Inc — RevOS API,
375,44,email,2026-05-23T00:00:00,Email with Keystone Inc — RevOS API,
376,44,note,2026-08-12T00:00:00,Note with Keystone Inc — RevOS API,
377,44,call,2026-06-13T00:00:00,Call with Keystone Inc — RevOS API,
378,44,meeting,2026-08-10T00:00:00,Meeting with Keystone Inc — RevOS API,
379,44,note,2026-06-09T00:00:00,Note with Keystone Inc — RevOS API,
380,44,note,2026-05-16T00:00:00,Note with Keystone Inc — RevOS API,
381,44,note,2026-09-12T00:00:00,Note with Keystone Inc — RevOS API,
382,45,note,2026-09-11T00:00:00,Note with Vantagepoint Inc — RevOS Pro,
383,45,call,2026-09-30T00:00:00,Call with Vantagepoint Inc — RevOS Pro,
384,45,meeting,2026-09-05T00:00:00,Meeting with Vantagepoint Inc — RevOS Pro,
385,45,note,2026-09-06T00:00:00,Note with Vantagepoint Inc — RevOS Pro,
386,45,meeting,2026-08-17T00:00:00,Meeting with Vantagepoint Inc — RevOS Pro,
387,45,call,2026-09-19T00:00:00,Call with Vantagepoint Inc — RevOS Pro,
388,45,meeting,2026-08-26T00:00:00,Meeting with Vantagepoint Inc — RevOS Pro,
389,45,call,2026-09-14T00:00:00,Call with Vantagepoint Inc — RevOS Pro,
390,45,call,2026-09-20T00:00:00,Call with Vantagepoint Inc — RevOS Pro,
391,46,call,2026-09-26T00:00:00,Call with Datavault Inc — RevOS Starter,
392,46,note,2026-08-18T00:00:00,Note with Datavault Inc — RevOS Starter,
393,46,call,2026-09-26T00:00:00,Call with Datavault Inc — RevOS Starter,
394,46,note,2026-07-30T00:00:00,Note with Datavault Inc — RevOS Starter,
395,46,email,2026-07-15T00:00:00,Email with Datavault Inc — RevOS Starter,
396,46,email,2026-08-16T00:00:00,Email with Datavault Inc — RevOS Starter,
397,46,call,2026-07-21T00:00:00,Call with Datavault Inc — RevOS Starter,
398,46,email,2026-09-12T00:00:00,Email with Datavault Inc — RevOS Starter,
399,46,call,2026-07-16T00:00:00,Call with Datavault Inc — RevOS Starter,
400,46,call,2026-08-13T00:00:00,Call with Datavault Inc — RevOS Starter,
401,46,email,2026-09-24T00:00:00,Email with Datavault Inc — RevOS Starter,
402,46,note,2026-07-08T00:00:00,Note with Datavault Inc — RevOS Starter,
403,47,email,2026-09-28T00:00:00,Email with Fusionware Inc — RevOS Enterpr,
404,47,meeting,2026-08-22T00:00:00,Meeting with Fusionware Inc — RevOS Enterpr,
405,47,email,2026-09-17T00:00:00,Email with Fusionware Inc — RevOS Enterpr,
406,47,meeting,2026-07-22T00:00:00,Meeting with Fusionware Inc — RevOS Enterpr,
407,47,call,2026-08-17T00:00:00,Call with Fusionware Inc — RevOS Enterpr,
408,47,email,2026-08-29T00:00:00,Email with Fusionware Inc — RevOS Enterpr,
409,47,call,2026-07-30T00:00:00,Call with Fusionware Inc — RevOS Enterpr,
410,47,meeting,2026-09-26T00:00:00,Meeting with Fusionware Inc — RevOS Enterpr,
411,47,email,2026-09-11T00:00:00,Email with Fusionware Inc — RevOS Enterpr,
412,47,meeting,2026-08-14T00:00:00,Meeting with Fusionware Inc — RevOS Enterpr,
413,47,call,2026-09-27T00:00:00,Call with Fusionware Inc — RevOS Enterpr,
414,48,meeting,2026-09-05T00:00:00,Meeting with Clearstack Inc — RevOS Starter,
415,48,email,2026-06-20T00:00:00,Email with Clearstack Inc — RevOS Starter,
416,48,meeting,2026-07-03T00:00:00,Meeting with Clearstack Inc — RevOS Starter,
417,48,meeting,2026-09-15T00:00:00,Meeting with Clearstack Inc — RevOS Starter,
418,48,call,2026-07-27T00:00:00,Call with Clearstack Inc — RevOS Starter,
419,48,email,2026-06-24T00:00:00,Email with Clearstack Inc — RevOS Starter,
420,48,call,2026-09-01T00:00:00,Call with Clearstack Inc — RevOS Starter,
421,48,call,2026-07-23T00:00:00,Call with Clearstack Inc — RevOS Starter,
422,48,meeting,2026-05-29T00:00:00,Meeting with Clearstack Inc — RevOS Starter,
423,48,email,2026-08-05T00:00:00,Email with Clearstack Inc — RevOS Starter,
424,48,call,2026-05-07T00:00:00,Call with Clearstack Inc — RevOS Starter,
425,48,call,2026-05-25T00:00:00,Call with Clearstack Inc — RevOS Starter,
426,48,email,2026-08-14T00:00:00,Email with Clearstack Inc — RevOS Starter,
427,49,call,2026-09-11T00:00:00,Call with Acmetech Inc — RevOS API,
428,49,call,2026-09-13T00:00:00,Call with Acmetech Inc — RevOS API,
429,49,note,2026-09-03T00:00:00,Note with Acmetech Inc — RevOS API,
430,49,call,2026-09-15T00:00:00,Call with Acmetech Inc — RevOS API,
431,49,note,2026-09-05T00:00:00,Note with Acmetech Inc — RevOS API,
432,49,note,2026-09-22T00:00:00,Note with Acmetech Inc — RevOS API,
433,49,meeting,2026-09-09T00:00:00,Meeting with Acmetech Inc — RevOS API,
434,49,meeting,2026-09-04T00:00:00,Meeting with Acmetech Inc — RevOS API,
435,49,call,2026-08-18T00:00:00,Call with Acmetech Inc — RevOS API,
436,49,meeting,2026-09-09T00:00:00,Meeting with Acmetech Inc — RevOS API,
437,49,note,2026-08-17T00:00:00,Note with Acmetech Inc — RevOS API,
438,49,note,2026-09-10T00:00:00,Note with Acmetech Inc — RevOS API,
439,49,meeting,2026-08-16T00:00:00,Meeting with Acmetech Inc — RevOS API,
440,50,email,2026-09-18T00:00:00,Email with Brightspark Inc — RevOS Analyt,
441,50,note,2026-09-08T00:00:00,Note with Brightspark Inc — RevOS Analyt,
442,50,note,2026-09-14T00:00:00,Note with Brightspark Inc — RevOS Analyt,
443,50,call,2026-09-06T00:00:00,Call with Brightspark Inc — RevOS Analyt,
444,50,email,2026-09-16T00:00:00,Email with Brightspark Inc — RevOS Analyt,
445,50,call,2026-09-14T00:00:00,Call with Brightspark Inc — RevOS Analyt,
446,50,call,2026-09-04T00:00:00,Call with Brightspark Inc — RevOS Analyt,
447,50,email,2026-09-06T00:00:00,Email with Brightspark Inc — RevOS Analyt,
448,50,email,2026-09-14T00:00:00,Email with Brightspark Inc — RevOS Analyt,
449,50,email,2026-09-18T00:00:00,Email with Brightspark Inc — RevOS Analyt,
450,51,meeting,2026-07-10T00:00:00,Meeting with Novabridge Inc — RevOS Starter,
451,51,email,2026-08-14T00:00:00,Email with Novabridge Inc — RevOS Starter,
452,51,note,2026-07-31T00:00:00,Note with Novabridge Inc — RevOS Starter,
453,51,email,2026-07-19T00:00:00,Email with Novabridge Inc — RevOS Starter,
454,51,call,2026-09-24T00:00:00,Call with Novabridge Inc — RevOS Starter,
455,52,email,2026-09-07T00:00:00,Email with Truepathsys Inc — RevOS API,
456,52,call,2026-07-04T00:00:00,Call with Truepathsys Inc — RevOS API,
457,52,email,2026-09-10T00:00:00,Email with Truepathsys Inc — RevOS API,
458,52,note,2026-08-25T00:00:00,Note with Truepathsys Inc — RevOS API,
459,53,call,2026-09-09T00:00:00,Call with Pulsenet Inc — RevOS Pro,
460,53,meeting,2026-10-01T00:00:00,Meeting with Pulsenet Inc — RevOS Pro,
461,53,meeting,2026-08-24T00:00:00,Meeting with Pulsenet Inc — RevOS Pro,
462,53,call,2026-09-17T00:00:00,Call with Pulsenet Inc — RevOS Pro,
463,53,meeting,2026-09-13T00:00:00,Meeting with Pulsenet Inc — RevOS Pro,
464,53,note,2026-08-25T00:00:00,Note with Pulsenet Inc — RevOS Pro,
465,53,email,2026-09-05T00:00:00,Email with Pulsenet Inc — RevOS Pro,
466,53,meeting,2026-09-24T00:00:00,Meeting with Pulsenet Inc — RevOS Pro,
467,53,email,2026-09-11T00:00:00,Email with Pulsenet Inc — RevOS Pro,
468,53,email,2026-09-10T00:00:00,Email with Pulsenet Inc — RevOS Pro,
469,53,note,2026-08-18T00:00:00,Note with Pulsenet Inc — RevOS Pro,
470,53,meeting,2026-09-13T00:00:00,Meeting with Pulsenet Inc — RevOS Pro,
471,53,email,2026-09-26T00:00:00,Email with Pulsenet Inc — RevOS Pro,
472,53,meeting,2026-08-26T00:00:00,Meeting with Pulsenet Inc — RevOS Pro,
473,53,call,2026-09-21T00:00:00,Call with Pulsenet Inc — RevOS Pro,
474,54,call,2026-07-19T00:00:00,Call with Windrose Inc — RevOS Enterpris,
475,54,call,2026-06-01T00:00:00,Call with Windrose Inc — RevOS Enterpris,
476,54,email,2026-05-22T00:00:00,Email with Windrose Inc — RevOS Enterpris,
477,54,call,2026-09-16T00:00:00,Call with Windrose Inc — RevOS Enterpris,
478,54,note,2026-05-14T00:00:00,Note with Windrose Inc — RevOS Enterpris,
479,54,email,2026-09-11T00:00:00,Email with Windrose Inc — RevOS Enterpris,
480,54,call,2026-08-30T00:00:00,Call with Windrose Inc — RevOS Enterpris,
481,54,email,2026-05-05T00:00:00,Email with Windrose Inc — RevOS Enterpris,
482,54,email,2026-09-14T00:00:00,Email with Windrose Inc — RevOS Enterpris,
483,54,email,2026-05-05T00:00:00,Email with Windrose Inc — RevOS Enterpris,
484,54,email,2026-06-22T00:00:00,Email with Windrose Inc — RevOS Enterpris,
485,54,call,2026-09-26T00:00:00,Call with Windrose Inc — RevOS Enterpris,
486,54,call,2026-09-14T00:00:00,Call with Windrose Inc — RevOS Enterpris,
487,54,call,2026-08-11T00:00:00,Call with Windrose Inc — RevOS Enterpris,
488,54,note,2026-09-03T00:00:00,Note with Windrose Inc — RevOS Enterpris,
489,55,call,2026-09-14T00:00:00,Call with Raptorx Inc — RevOS Enterprise,
490,55,email,2026-09-17T00:00:00,Email with Raptorx Inc — RevOS Enterprise,
491,55,email,2026-09-20T00:00:00,Email with Raptorx Inc — RevOS Enterprise,
492,56,email,2026-05-27T00:00:00,Email with Globecast Inc — RevOS Starter,
493,56,call,2026-05-29T00:00:00,Call with Globecast Inc — RevOS Starter,
494,56,email,2026-07-16T00:00:00,Email with Globecast Inc — RevOS Starter,
495,56,meeting,2026-07-08T00:00:00,Meeting with Globecast Inc — RevOS Starter,
496,56,email,2026-06-12T00:00:00,Email with Globecast Inc — RevOS Starter,
497,56,meeting,2026-08-16T00:00:00,Meeting with Globecast Inc — RevOS Starter,
498,56,call,2026-05-19T00:00:00,Call with Globecast Inc — RevOS Starter,
499,57,email,2026-07-20T00:00:00,Email with Deltaforce Inc — RevOS Analyti,
500,57,email,2026-07-04T00:00:00,Email with Deltaforce Inc — RevOS Analyti,
501,57,email,2026-07-09T00:00:00,Email with Deltaforce Inc — RevOS Analyti,
502,57,note,2026-08-18T00:00:00,Note with Deltaforce Inc — RevOS Analyti,
503,57,email,2026-07-30T00:00:00,Email with Deltaforce Inc — RevOS Analyti,
504,57,email,2026-07-12T00:00:00,Email with Deltaforce Inc — RevOS Analyti,
505,57,meeting,2026-07-27T00:00:00,Meeting with Deltaforce Inc — RevOS Analyti,
506,57,email,2026-09-10T00:00:00,Email with Deltaforce Inc — RevOS Analyti,
507,58,call,2026-09-19T00:00:00,Call with Xeronova Inc — RevOS API,
508,58,email,2026-06-29T00:00:00,Email with Xeronova Inc — RevOS API,
509,58,call,2026-07-25T00:00:00,Call with Xeronova Inc — RevOS API,
510,58,email,2026-08-06T00:00:00,Email with Xeronova Inc — RevOS API,
511,58,call,2026-06-18T00:00:00,Call with Xeronova Inc — RevOS API,
512,58,note,2026-07-14T00:00:00,Note with Xeronova Inc — RevOS API,
513,58,email,2026-06-17T00:00:00,Email with Xeronova Inc — RevOS API,
514,58,meeting,2026-08-29T00:00:00,Meeting with Xeronova Inc — RevOS API,
515,58,meeting,2026-07-16T00:00:00,Meeting with Xeronova Inc — RevOS API,
516,58,meeting,2026-09-06T00:00:00,Meeting with Xeronova Inc — RevOS API,
517,58,call,2026-07-23T00:00:00,Call with Xeronova Inc — RevOS API,
518,59,meeting,2026-04-28T00:00:00,Meeting with Yieldmax Inc — RevOS Starter,
519,59,email,2026-08-13T00:00:00,Email with Yieldmax Inc — RevOS Starter,
520,59,email,2026-05-13T00:00:00,Email with Yieldmax Inc — RevOS Starter,
521,59,meeting,2026-05-20T00:00:00,Meeting with Yieldmax Inc — RevOS Starter,
522,59,note,2026-08-22T00:00:00,Note with Yieldmax Inc — RevOS Starter,
523,59,call,2026-08-27T00:00:00,Call with Yieldmax Inc — RevOS Starter,
524,59,meeting,2026-04-07T00:00:00,Meeting with Yieldmax Inc — RevOS Starter,
525,59,email,2026-09-12T00:00:00,Email with Yieldmax Inc — RevOS Starter,
526,59,email,2026-05-19T00:00:00,Email with Yieldmax Inc — RevOS Starter,
527,59,email,2026-08-08T00:00:00,Email with Yieldmax Inc — RevOS Starter,
528,60,note,2026-07-17T00:00:00,Note with Finlabs Inc — RevOS API,
529,60,email,2026-09-19T00:00:00,Email with Finlabs Inc — RevOS API,
530,60,email,2026-08-19T00:00:00,Email with Finlabs Inc — RevOS API,
531,60,meeting,2026-05-22T00:00:00,Meeting with Finlabs Inc — RevOS API,
532,60,email,2026-09-02T00:00:00,Email with Finlabs Inc — RevOS API,
533,60,email,2026-05-03T00:00:00,Email with Finlabs Inc — RevOS API,
534,60,meeting,2026-05-12T00:00:00,Meeting with Finlabs Inc — RevOS API,
535,61,note,2026-09-03T00:00:00,Note with Xeronova Inc — RevOS Starter,
536,61,call,2026-08-25T00:00:00,Call with Xeronova Inc — RevOS Starter,
537,61,note,2026-09-08T00:00:00,Note with Xeronova Inc — RevOS Starter,
538,61,call,2026-09-11T00:00:00,Call with Xeronova Inc — RevOS Starter,
539,61,email,2026-09-25T00:00:00,Email with Xeronova Inc — RevOS Starter,
540,61,email,2026-09-09T00:00:00,Email with Xeronova Inc — RevOS Starter,
541,61,note,2026-09-26T00:00:00,Note with Xeronova Inc — RevOS Starter,
542,61,email,2026-09-10T00:00:00,Email with Xeronova Inc — RevOS Starter,
543,61,call,2026-08-16T00:00:00,Call with Xeronova Inc — RevOS Starter,
544,61,call,2026-07-30T00:00:00,Call with Xeronova Inc — RevOS Starter,
545,61,note,2026-07-30T00:00:00,Note with Xeronova Inc — RevOS Starter,
546,61,call,2026-08-21T00:00:00,Call with Xeronova Inc — RevOS Starter,
547,61,meeting,2026-09-30T00:00:00,Meeting with Xeronova Inc — RevOS Starter,
548,61,meeting,2026-08-09T00:00:00,Meeting with Xeronova Inc — RevOS Starter,
549,62,email,2026-09-30T00:00:00,Email with Growthloop Inc — RevOS API,
550,62,note,2026-04-24T00:00:00,Note with Growthloop Inc — RevOS API,
551,62,meeting,2026-08-08T00:00:00,Meeting with Growthloop Inc — RevOS API,
552,62,note,2026-07-16T00:00:00,Note with Growthloop Inc — RevOS API,
553,62,meeting,2026-07-22T00:00:00,Meeting with Growthloop Inc — RevOS API,
554,62,email,2026-07-17T00:00:00,Email with Growthloop Inc — RevOS API,
555,62,email,2026-04-19T00:00:00,Email with Growthloop Inc — RevOS API,
556,62,note,2026-07-20T00:00:00,Note with Growthloop Inc — RevOS API,
557,62,email,2026-08-08T00:00:00,Email with Growthloop Inc — RevOS API,
558,62,meeting,2026-04-22T00:00:00,Meeting with Growthloop Inc — RevOS API,
559,62,email,2026-07-17T00:00:00,Email with Growthloop Inc — RevOS API,
560,62,call,2026-09-21T00:00:00,Call with Growthloop Inc — RevOS API,
561,62,email,2026-06-12T00:00:00,Email with Growthloop Inc — RevOS API,
562,63,email,2026-10-01T00:00:00,Email with Prismdata Inc — RevOS Analytic,
563,63,call,2026-07-05T00:00:00,Call with Prismdata Inc — RevOS Analytic,
564,63,meeting,2026-08-29T00:00:00,Meeting with Prismdata Inc — RevOS Analytic,
565,63,email,2026-06-26T00:00:00,Email with Prismdata Inc — RevOS Analytic,
566,63,call,2026-09-13T00:00:00,Call with Prismdata Inc — RevOS Analytic,
567,63,note,2026-06-14T00:00:00,Note with Prismdata Inc — RevOS Analytic,
568,63,call,2026-08-11T00:00:00,Call with Prismdata Inc — RevOS Analytic,
569,63,call,2026-06-21T00:00:00,Call with Prismdata Inc — RevOS Analytic,
570,63,meeting,2026-08-23T00:00:00,Meeting with Prismdata Inc — RevOS Analytic,
571,63,meeting,2026-08-25T00:00:00,Meeting with Prismdata Inc — RevOS Analytic,
572,64,email,2026-06-29T00:00:00,Email with Stratosai Inc — RevOS Enterpri,
573,64,meeting,2026-06-23T00:00:00,Meeting with Stratosai Inc — RevOS Enterpri,
574,64,email,2026-06-23T00:00:00,Email with Stratosai Inc — RevOS Enterpri,
575,64,note,2026-08-18T00:00:00,Note with Stratosai Inc — RevOS Enterpri,
576,64,call,2026-09-27T00:00:00,Call with Stratosai Inc — RevOS Enterpri,
577,64,email,2026-09-15T00:00:00,Email with Stratosai Inc — RevOS Enterpri,
578,64,meeting,2026-09-23T00:00:00,Meeting with Stratosai Inc — RevOS Enterpri,
579,64,meeting,2026-09-03T00:00:00,Meeting with Stratosai Inc — RevOS Enterpri,
580,64,email,2026-08-24T00:00:00,Email with Stratosai Inc — RevOS Enterpri,
581,64,note,2026-08-17T00:00:00,Note with Stratosai Inc — RevOS Enterpri,
582,64,note,2026-06-07T00:00:00,Note with Stratosai Inc — RevOS Enterpri,
583,64,meeting,2026-08-28T00:00:00,Meeting with Stratosai Inc — RevOS Enterpri,
584,65,note,2026-08-15T00:00:00,Note with Growthloop Inc — RevOS Analyti,
585,65,call,2026-09-01T00:00:00,Call with Growthloop Inc — RevOS Analyti,
586,65,email,2026-09-07T00:00:00,Email with Growthloop Inc — RevOS Analyti,
587,65,call,2026-09-24T00:00:00,Call with Growthloop Inc — RevOS Analyti,
588,65,email,2026-09-12T00:00:00,Email with Growthloop Inc — RevOS Analyti,
589,65,email,2026-09-29T00:00:00,Email with Growthloop Inc — RevOS Analyti,
590,65,email,2026-09-27T00:00:00,Email with Growthloop Inc — RevOS Analyti,
591,65,note,2026-08-29T00:00:00,Note with Growthloop Inc — RevOS Analyti,
592,65,call,2026-09-15T00:00:00,Call with Growthloop Inc — RevOS Analyti,
593,65,email,2026-08-12T00:00:00,Email with Growthloop Inc — RevOS Analyti,
594,65,email,2026-09-02T00:00:00,Email with Growthloop Inc — RevOS Analyti,
595,65,meeting,2026-09-17T00:00:00,Meeting with Growthloop Inc — RevOS Analyti,
596,65,email,2026-09-28T00:00:00,Email with Growthloop Inc — RevOS Analyti,
597,66,note,2026-09-02T00:00:00,Note with Betaworks Inc — RevOS Enterpri,
598,66,email,2026-07-19T00:00:00,Email with Betaworks Inc — RevOS Enterpri,
599,66,email,2026-08-09T00:00:00,Email with Betaworks Inc — RevOS Enterpri,
600,66,email,2026-06-10T00:00:00,Email with Betaworks Inc — RevOS Enterpri,
601,66,meeting,2026-09-04T00:00:00,Meeting with Betaworks Inc — RevOS Enterpri,
602,66,meeting,2026-08-10T00:00:00,Meeting with Betaworks Inc — RevOS Enterpri,
603,66,email,2026-07-19T00:00:00,Email with Betaworks Inc — RevOS Enterpri,
604,66,note,2026-07-17T00:00:00,Note with Betaworks Inc — RevOS Enterpri,
605,66,meeting,2026-05-30T00:00:00,Meeting with Betaworks Inc — RevOS Enterpri,
606,66,meeting,2026-09-27T00:00:00,Meeting with Betaworks Inc — RevOS Enterpri,
607,66,meeting,2026-06-04T00:00:00,Meeting with Betaworks Inc — RevOS Enterpri,
608,66,meeting,2026-09-06T00:00:00,Meeting with Betaworks Inc — RevOS Enterpri,
609,66,call,2026-09-08T00:00:00,Call with Betaworks Inc — RevOS Enterpri,
610,66,note,2026-06-07T00:00:00,Note with Betaworks Inc — RevOS Enterpri,
611,67,email,2026-09-11T00:00:00,Email with Terraflow Inc — RevOS Starter,
612,67,email,2026-10-01T00:00:00,Email with Terraflow Inc — RevOS Starter,
613,67,email,2026-08-26T00:00:00,Email with Terraflow Inc — RevOS Starter,
614,68,email,2026-08-11T00:00:00,Email with Jetscale Inc — RevOS Enterpris,
615,68,call,2026-09-23T00:00:00,Call with Jetscale Inc — RevOS Enterpris,
616,68,email,2026-05-06T00:00:00,Email with Jetscale Inc — RevOS Enterpris,
617,68,call,2026-05-04T00:00:00,Call with Jetscale Inc — RevOS Enterpris,
618,68,meeting,2026-07-04T00:00:00,Meeting with Jetscale Inc — RevOS Enterpris,
619,68,email,2026-07-31T00:00:00,Email with Jetscale Inc — RevOS Enterpris,
620,68,email,2026-08-03T00:00:00,Email with Jetscale Inc — RevOS Enterpris,
621,68,meeting,2026-09-20T00:00:00,Meeting with Jetscale Inc — RevOS Enterpris,
622,68,email,2026-09-26T00:00:00,Email with Jetscale Inc — RevOS Enterpris,
623,68,call,2026-07-27T00:00:00,Call with Jetscale Inc — RevOS Enterpris,
624,68,note,2026-08-07T00:00:00,Note with Jetscale Inc — RevOS Enterpris,
625,68,email,2026-09-25T00:00:00,Email with Jetscale Inc — RevOS Enterpris,
626,68,call,2026-04-26T00:00:00,Call with Jetscale Inc — RevOS Enterpris,
627,68,call,2026-07-13T00:00:00,Call with Jetscale Inc — RevOS Enterpris,
628,68,email,2026-05-17T00:00:00,Email with Jetscale Inc — RevOS Enterpris,
629,69,call,2026-06-04T00:00:00,Call with Novabridge Inc — RevOS Starter,
630,69,note,2026-07-06T00:00:00,Note with Novabridge Inc — RevOS Starter,
631,69,call,2026-06-19T00:00:00,Call with Novabridge Inc — RevOS Starter,
632,69,email,2026-07-22T00:00:00,Email with Novabridge Inc — RevOS Starter,
633,69,meeting,2026-09-18T00:00:00,Meeting with Novabridge Inc — RevOS Starter,
634,69,email,2026-09-08T00:00:00,Email with Novabridge Inc — RevOS Starter,
635,69,meeting,2026-06-22T00:00:00,Meeting with Novabridge Inc — RevOS Starter,
636,69,email,2026-06-02T00:00:00,Email with Novabridge Inc — RevOS Starter,
637,69,call,2026-09-06T00:00:00,Call with Novabridge Inc — RevOS Starter,
638,69,email,2026-08-17T00:00:00,Email with Novabridge Inc — RevOS Starter,
639,69,email,2026-06-24T00:00:00,Email with Novabridge Inc — RevOS Starter,
640,69,call,2026-08-05T00:00:00,Call with Novabridge Inc — RevOS Starter,
641,70,note,2026-09-12T00:00:00,Note with Keystone Inc — RevOS API,
642,70,call,2026-09-17T00:00:00,Call with Keystone Inc — RevOS API,
643,70,email,2026-09-22T00:00:00,Email with Keystone Inc — RevOS API,
644,70,call,2026-09-08T00:00:00,Call with Keystone Inc — RevOS API,
645,70,call,2026-09-27T00:00:00,Call with Keystone Inc — RevOS API,
646,70,call,2026-09-02T00:00:00,Call with Keystone Inc — RevOS API,
647,70,note,2026-09-07T00:00:00,Note with Keystone Inc — RevOS API,
648,71,meeting,2026-08-14T00:00:00,Meeting with Clearstack Inc — RevOS Enterpr,
649,71,email,2026-09-01T00:00:00,Email with Clearstack Inc — RevOS Enterpr,
650,71,meeting,2026-09-18T00:00:00,Meeting with Clearstack Inc — RevOS Enterpr,
651,71,call,2026-09-17T00:00:00,Call with Clearstack Inc — RevOS Enterpr,
652,71,note,2026-08-31T00:00:00,Note with Clearstack Inc — RevOS Enterpr,
653,71,note,2026-09-30T00:00:00,Note with Clearstack Inc — RevOS Enterpr,
654,71,call,2026-08-27T00:00:00,Call with Clearstack Inc — RevOS Enterpr,
655,71,email,2026-08-09T00:00:00,Email with Clearstack Inc — RevOS Enterpr,
656,71,call,2026-07-25T00:00:00,Call with Clearstack Inc — RevOS Enterpr,
657,71,call,2026-07-20T00:00:00,Call with Clearstack Inc — RevOS Enterpr,
658,71,call,2026-08-18T00:00:00,Call with Clearstack Inc — RevOS Enterpr,
659,71,email,2026-08-16T00:00:00,Email with Clearstack Inc — RevOS Enterpr,
660,71,meeting,2026-08-31T00:00:00,Meeting with Clearstack Inc — RevOS Enterpr,
661,72,call,2026-06-27T00:00:00,Call with Vantagepoint Inc — RevOS Analy,
662,72,email,2026-05-07T00:00:00,Email with Vantagepoint Inc — RevOS Analy,
663,72,email,2026-05-24T00:00:00,Email with Vantagepoint Inc — RevOS Analy,
664,72,email,2026-09-25T00:00:00,Email with Vantagepoint Inc — RevOS Analy,
665,72,call,2026-07-19T00:00:00,Call with Vantagepoint Inc — RevOS Analy,
666,72,email,2026-08-06T00:00:00,Email with Vantagepoint Inc — RevOS Analy,
667,72,email,2026-05-13T00:00:00,Email with Vantagepoint Inc — RevOS Analy,
668,72,email,2026-07-17T00:00:00,Email with Vantagepoint Inc — RevOS Analy,
669,72,meeting,2026-07-12T00:00:00,Meeting with Vantagepoint Inc — RevOS Analy,
670,73,email,2026-09-28T00:00:00,Email with Datavault Inc — RevOS API,
671,73,email,2026-09-17T00:00:00,Email with Datavault Inc — RevOS API,
672,73,note,2026-09-19T00:00:00,Note with Datavault Inc — RevOS API,
673,73,meeting,2026-09-11T00:00:00,Meeting with Datavault Inc — RevOS API,
674,73,email,2026-09-15T00:00:00,Email with Datavault Inc — RevOS API,
675,73,email,2026-09-14T00:00:00,Email with Datavault Inc — RevOS API,
676,73,email,2026-09-17T00:00:00,Email with Datavault Inc — RevOS API,
677,73,email,2026-09-18T00:00:00,Email with Datavault Inc — RevOS API,
678,74,email,2026-10-01T00:00:00,Email with Metaverse Inc — RevOS Enterpri,
679,74,note,2026-09-26T00:00:00,Note with Metaverse Inc — RevOS Enterpri,
680,74,note,2026-09-29T00:00:00,Note with Metaverse Inc — RevOS Enterpri,
681,74,email,2026-09-12T00:00:00,Email with Metaverse Inc — RevOS Enterpri,
682,74,meeting,2026-09-14T00:00:00,Meeting with Metaverse Inc — RevOS Enterpri,
683,74,call,2026-09-16T00:00:00,Call with Metaverse Inc — RevOS Enterpri,
684,74,email,2026-09-21T00:00:00,Email with Metaverse Inc — RevOS Enterpri,
685,74,note,2026-09-23T00:00:00,Note with Metaverse Inc — RevOS Enterpri,
686,75,meeting,2026-05-29T00:00:00,Meeting with Yieldmax Inc — RevOS API,
687,75,note,2026-07-05T00:00:00,Note with Yieldmax Inc — RevOS API,
688,75,meeting,2026-08-01T00:00:00,Meeting with Yieldmax Inc — RevOS API,
689,75,email,2026-08-09T00:00:00,Email with Yieldmax Inc — RevOS API,
690,75,note,2026-07-28T00:00:00,Note with Yieldmax Inc — RevOS API,
691,75,note,2026-09-25T00:00:00,Note with Yieldmax Inc — RevOS API,
692,76,meeting,2026-09-08T00:00:00,Meeting with Logicworks Inc — RevOS Analyti,
693,76,call,2026-09-27T00:00:00,Call with Logicworks Inc — RevOS Analyti,
694,76,call,2026-09-23T00:00:00,Call with Logicworks Inc — RevOS Analyti,
695,76,call,2026-09-07T00:00:00,Call with Logicworks Inc — RevOS Analyti,
696,76,note,2026-09-26T00:00:00,Note with Logicworks Inc — RevOS Analyti,
697,76,call,2026-09-26T00:00:00,Call with Logicworks Inc — RevOS Analyti,
698,76,call,2026-09-17T00:00:00,Call with Logicworks Inc — RevOS Analyti,
699,76,email,2026-09-07T00:00:00,Email with Logicworks Inc — RevOS Analyti,
700,76,call,2026-09-13T00:00:00,Call with Logicworks Inc — RevOS Analyti,
701,76,meeting,2026-09-17T00:00:00,Meeting with Logicworks Inc — RevOS Analyti,
702,77,email,2026-08-02T00:00:00,Email with Uplinkai Inc — RevOS Analytics,
703,77,call,2026-07-24T00:00:00,Call with Uplinkai Inc — RevOS Analytics,
704,77,call,2026-09-12T00:00:00,Call with Uplinkai Inc — RevOS Analytics,
705,77,email,2026-06-07T00:00:00,Email with Uplinkai Inc — RevOS Analytics,
706,77,email,2026-09-25T00:00:00,Email with Uplinkai Inc — RevOS Analytics,
707,77,email,2026-09-21T00:00:00,Email with Uplinkai Inc — RevOS Analytics,
708,77,email,2026-06-30T00:00:00,Email with Uplinkai Inc — RevOS Analytics,
709,77,email,2026-09-24T00:00:00,Email with Uplinkai Inc — RevOS Analytics,
710,77,note,2026-06-23T00:00:00,Note with Uplinkai Inc — RevOS Analytics,
711,77,email,2026-07-20T00:00:00,Email with Uplinkai Inc — RevOS Analytics,
712,78,meeting,2026-09-09T00:00:00,Meeting with Maplesoft Inc — RevOS API,
713,78,call,2026-09-14T00:00:00,Call with Maplesoft Inc — RevOS API,
714,78,email,2026-09-16T00:00:00,Email with Maplesoft Inc — RevOS API,
715,78,call,2026-09-06T00:00:00,Call with Maplesoft Inc — RevOS API,
716,79,call,2026-09-13T00:00:00,Call with Xeronova Inc — RevOS Enterpris,
717,79,call,2026-09-17T00:00:00,Call with Xeronova Inc — RevOS Enterpris,
718,79,meeting,2026-09-14T00:00:00,Meeting with Xeronova Inc — RevOS Enterpris,
719,79,email,2026-09-13T00:00:00,Email with Xeronova Inc — RevOS Enterpris,
720,79,email,2026-09-03T00:00:00,Email with Xeronova Inc — RevOS Enterpris,
721,79,email,2026-09-10T00:00:00,Email with Xeronova Inc — RevOS Enterpris,
722,79,email,2026-09-05T00:00:00,Email with Xeronova Inc — RevOS Enterpris,
723,79,email,2026-09-05T00:00:00,Email with Xeronova Inc — RevOS Enterpris,
724,79,call,2026-09-19T00:00:00,Call with Xeronova Inc — RevOS Enterpris,
725,79,email,2026-09-23T00:00:00,Email with Xeronova Inc — RevOS Enterpris,
726,79,note,2026-09-11T00:00:00,Note with Xeronova Inc — RevOS Enterpris,
727,79,email,2026-09-06T00:00:00,Email with Xeronova Inc — RevOS Enterpris,
728,80,call,2026-08-25T00:00:00,Call with Hexacore Inc — RevOS Analytics,
729,80,email,2026-09-13T00:00:00,Email with Hexacore Inc — RevOS Analytics,
730,80,email,2026-09-13T00:00:00,Email with Hexacore Inc — RevOS Analytics,
731,80,email,2026-09-09T00:00:00,Email with Hexacore Inc — RevOS Analytics,
732,80,note,2026-09-30T00:00:00,Note with Hexacore Inc — RevOS Analytics,
733,80,note,2026-09-26T00:00:00,Note with Hexacore Inc — RevOS Analytics,
734,80,meeting,2026-08-23T00:00:00,Meeting with Hexacore Inc — RevOS Analytics,
735,80,meeting,2026-09-10T00:00:00,Meeting with Hexacore Inc — RevOS Analytics,
736,81,note,2026-09-16T00:00:00,Note with Metaverse Inc — RevOS Pro,
737,81,call,2026-09-30T00:00:00,Call with Metaverse Inc — RevOS Pro,
738,81,email,2026-09-24T00:00:00,Email with Metaverse Inc — RevOS Pro,
739,81,call,2026-09-24T00:00:00,Call with Metaverse Inc — RevOS Pro,
740,81,note,2026-09-28T00:00:00,Note with Metaverse Inc — RevOS Pro,
741,81,email,2026-10-01T00:00:00,Email with Metaverse Inc — RevOS Pro,
742,81,meeting,2026-09-11T00:00:00,Meeting with Metaverse Inc — RevOS Pro,
743,81,call,2026-09-10T00:00:00,Call with Metaverse Inc — RevOS Pro,
744,81,call,2026-09-20T00:00:00,Call with Metaverse Inc — RevOS Pro,
745,81,meeting,2026-09-21T00:00:00,Meeting with Metaverse Inc — RevOS Pro,
746,81,meeting,2026-09-27T00:00:00,Meeting with Metaverse Inc — RevOS Pro,
747,81,meeting,2026-09-14T00:00:00,Meeting with Metaverse Inc — RevOS Pro,
748,81,meeting,2026-09-14T00:00:00,Meeting with Metaverse Inc — RevOS Pro,
749,81,meeting,2026-09-17T00:00:00,Meeting with Metaverse Inc — RevOS Pro,
750,81,call,2026-09-26T00:00:00,Call with Metaverse Inc — RevOS Pro,
751,82,note,2026-08-05T00:00:00,Note with Stratosai Inc — RevOS Starter,
752,82,email,2026-04-19T00:00:00,Email with Stratosai Inc — RevOS Starter,
753,82,note,2026-09-06T00:00:00,Note with Stratosai Inc — RevOS Starter,
754,82,note,2026-06-29T00:00:00,Note with Stratosai Inc — RevOS Starter,
755,82,call,2026-04-14T00:00:00,Call with Stratosai Inc — RevOS Starter,
756,82,meeting,2026-09-27T00:00:00,Meeting with Stratosai Inc — RevOS Starter,
757,82,email,2026-07-07T00:00:00,Email with Stratosai Inc — RevOS Starter,
758,82,meeting,2026-07-29T00:00:00,Meeting with Stratosai Inc — RevOS Starter,
759,82,meeting,2026-07-24T00:00:00,Meeting with Stratosai Inc — RevOS Starter,
760,82,email,2026-08-27T00:00:00,Email with Stratosai Inc — RevOS Starter,
761,83,call,2026-05-09T00:00:00,Call with Keystone Inc — RevOS Analytics,
762,83,note,2026-05-12T00:00:00,Note with Keystone Inc — RevOS Analytics,
763,83,note,2026-06-12T00:00:00,Note with Keystone Inc — RevOS Analytics,
764,83,call,2026-07-27T00:00:00,Call with Keystone Inc — RevOS Analytics,
765,83,note,2026-09-27T00:00:00,Note with Keystone Inc — RevOS Analytics,
766,83,email,2026-08-09T00:00:00,Email with Keystone Inc — RevOS Analytics,
767,83,email,2026-08-12T00:00:00,Email with Keystone Inc — RevOS Analytics,
768,83,email,2026-08-10T00:00:00,Email with Keystone Inc — RevOS Analytics,
769,83,email,2026-05-31T00:00:00,Email with Keystone Inc — RevOS Analytics,
770,83,call,2026-08-27T00:00:00,Call with Keystone Inc — RevOS Analytics,
771,83,email,2026-07-20T00:00:00,Email with Keystone Inc — RevOS Analytics,
772,83,meeting,2026-05-30T00:00:00,Meeting with Keystone Inc — RevOS Analytics,
773,84,meeting,2026-04-19T00:00:00,Meeting with Ecomsprint Inc — RevOS API,
774,84,call,2026-09-12T00:00:00,Call with Ecomsprint Inc — RevOS API,
775,84,email,2026-05-28T00:00:00,Email with Ecomsprint Inc — RevOS API,
776,84,email,2026-07-18T00:00:00,Email with Ecomsprint Inc — RevOS API,
777,84,email,2026-06-09T00:00:00,Email with Ecomsprint Inc — RevOS API,
778,85,call,2026-09-10T00:00:00,Call with Logicworks Inc — RevOS Enterpr,
779,85,call,2026-09-19T00:00:00,Call with Logicworks Inc — RevOS Enterpr,
780,85,email,2026-09-13T00:00:00,Email with Logicworks Inc — RevOS Enterpr,
781,85,email,2026-09-21T00:00:00,Email with Logicworks Inc — RevOS Enterpr,
782,85,email,2026-09-11T00:00:00,Email with Logicworks Inc — RevOS Enterpr,
783,85,call,2026-09-21T00:00:00,Call with Logicworks Inc — RevOS Enterpr,
784,85,email,2026-09-10T00:00:00,Email with Logicworks Inc — RevOS Enterpr,
785,85,email,2026-09-14T00:00:00,Email with Logicworks Inc — RevOS Enterpr,
786,85,email,2026-09-14T00:00:00,Email with Logicworks Inc — RevOS Enterpr,
787,85,meeting,2026-09-30T00:00:00,Meeting with Logicworks Inc — RevOS Enterpr,
788,85,call,2026-09-13T00:00:00,Call with Logicworks Inc — RevOS Enterpr,
789,86,email,2026-10-01T00:00:00,Email with Finlabs Inc — RevOS API,
790,86,email,2026-08-29T00:00:00,Email with Finlabs Inc — RevOS API,
791,86,note,2026-05-05T00:00:00,Note with Finlabs Inc — RevOS API,
792,86,email,2026-08-26T00:00:00,Email with Finlabs Inc — RevOS API,
793,86,call,2026-08-14T00:00:00,Call with Finlabs Inc — RevOS API,
794,86,call,2026-07-06T00:00:00,Call with Finlabs Inc — RevOS API,
795,86,note,2026-09-26T00:00:00,Note with Finlabs Inc — RevOS API,
796,87,call,2026-08-12T00:00:00,Call with Luminance Inc — RevOS Pro,
797,87,email,2026-05-09T00:00:00,Email with Luminance Inc — RevOS Pro,
798,87,email,2026-08-10T00:00:00,Email with Luminance Inc — RevOS Pro,
799,87,email,2026-07-01T00:00:00,Email with Luminance Inc — RevOS Pro,
800,87,call,2026-05-30T00:00:00,Call with Luminance Inc — RevOS Pro,
801,87,note,2026-05-31T00:00:00,Note with Luminance Inc — RevOS Pro,
802,87,call,2026-08-04T00:00:00,Call with Luminance Inc — RevOS Pro,
803,87,email,2026-10-01T00:00:00,Email with Luminance Inc — RevOS Pro,
804,87,email,2026-09-08T00:00:00,Email with Luminance Inc — RevOS Pro,
805,87,email,2026-04-27T00:00:00,Email with Luminance Inc — RevOS Pro,
806,88,note,2026-08-17T00:00:00,Note with Xyphorai Inc — RevOS Analytics,
807,88,email,2026-09-03T00:00:00,Email with Xyphorai Inc — RevOS Analytics,
808,88,email,2026-09-27T00:00:00,Email with Xyphorai Inc — RevOS Analytics,
809,88,meeting,2026-09-15T00:00:00,Meeting with Xyphorai Inc — RevOS Analytics,
810,88,note,2026-08-13T00:00:00,Note with Xyphorai Inc — RevOS Analytics,
811,89,call,2026-09-28T00:00:00,Call with Relaystack Inc — RevOS Analyti,
812,89,email,2026-09-15T00:00:00,Email with Relaystack Inc — RevOS Analyti,
813,89,call,2026-09-07T00:00:00,Call with Relaystack Inc — RevOS Analyti,
814,89,email,2026-09-28T00:00:00,Email with Relaystack Inc — RevOS Analyti,
815,89,email,2026-09-18T00:00:00,Email with Relaystack Inc — RevOS Analyti,
816,89,call,2026-09-10T00:00:00,Call with Relaystack Inc — RevOS Analyti,
817,89,email,2026-09-18T00:00:00,Email with Relaystack Inc — RevOS Analyti,
818,89,meeting,2026-09-24T00:00:00,Meeting with Relaystack Inc — RevOS Analyti,
819,89,call,2026-09-27T00:00:00,Call with Relaystack Inc — RevOS Analyti,
820,90,email,2026-09-29T00:00:00,Email with Ultradev Inc — RevOS API,
821,90,email,2026-07-20T00:00:00,Email with Ultradev Inc — RevOS API,
822,90,email,2026-06-27T00:00:00,Email with Ultradev Inc — RevOS API,
823,90,note,2026-09-24T00:00:00,Note with Ultradev Inc — RevOS API,
824,90,meeting,2026-08-06T00:00:00,Meeting with Ultradev Inc — RevOS API,
825,90,call,2026-08-24T00:00:00,Call with Ultradev Inc — RevOS API,
826,90,email,2026-07-04T00:00:00,Email with Ultradev Inc — RevOS API,
827,90,email,2026-09-18T00:00:00,Email with Ultradev Inc — RevOS API,
828,91,call,2026-07-27T00:00:00,Call with Prismdata Inc — RevOS Starter,
829,91,meeting,2026-08-14T00:00:00,Meeting with Prismdata Inc — RevOS Starter,
830,91,meeting,2026-07-31T00:00:00,Meeting with Prismdata Inc — RevOS Starter,
831,91,email,2026-09-25T00:00:00,Email with Prismdata Inc — RevOS Starter,
832,91,email,2026-08-16T00:00:00,Email with Prismdata Inc — RevOS Starter,
833,91,email,2026-08-29T00:00:00,Email with Prismdata Inc — RevOS Starter,
834,91,meeting,2026-07-11T00:00:00,Meeting with Prismdata Inc — RevOS Starter,
835,91,call,2026-07-29T00:00:00,Call with Prismdata Inc — RevOS Starter,
836,91,email,2026-08-01T00:00:00,Email with Prismdata Inc — RevOS Starter,
837,91,note,2026-07-14T00:00:00,Note with Prismdata Inc — RevOS Starter,
838,92,call,2026-08-02T00:00:00,Call with Globecast Inc — RevOS API,
839,92,meeting,2026-07-12T00:00:00,Meeting with Globecast Inc — RevOS API,
840,92,call,2026-09-10T00:00:00,Call with Globecast Inc — RevOS API,
841,92,note,2026-09-28T00:00:00,Note with Globecast Inc — RevOS API,
842,92,meeting,2026-08-24T00:00:00,Meeting with Globecast Inc — RevOS API,
843,92,email,2026-08-31T00:00:00,Email with Globecast Inc — RevOS API,
844,92,email,2026-07-06T00:00:00,Email with Globecast Inc — RevOS API,
845,92,meeting,2026-08-23T00:00:00,Meeting with Globecast Inc — RevOS API,
846,92,email,2026-08-06T00:00:00,Email with Globecast Inc — RevOS API,
847,92,email,2026-08-05T00:00:00,Email with Globecast Inc — RevOS API,
848,92,call,2026-07-08T00:00:00,Call with Globecast Inc — RevOS API,
849,93,meeting,2026-07-18T00:00:00,Meeting with Deltaforce Inc — RevOS Pro,
850,93,email,2026-05-09T00:00:00,Email with Deltaforce Inc — RevOS Pro,
851,93,meeting,2026-05-17T00:00:00,Meeting with Deltaforce Inc — RevOS Pro,
852,94,meeting,2026-07-03T00:00:00,Meeting with Windrose Inc — RevOS Pro,
853,94,call,2026-06-17T00:00:00,Call with Windrose Inc — RevOS Pro,
854,94,meeting,2026-06-25T00:00:00,Meeting with Windrose Inc — RevOS Pro,
855,94,call,2026-07-23T00:00:00,Call with Windrose Inc — RevOS Pro,
856,94,call,2026-07-06T00:00:00,Call with Windrose Inc — RevOS Pro,
857,94,email,2026-08-20T00:00:00,Email with Windrose Inc — RevOS Pro,
858,94,email,2026-08-05T00:00:00,Email with Windrose Inc — RevOS Pro,
859,94,email,2026-07-09T00:00:00,Email with Windrose Inc — RevOS Pro,
860,94,email,2026-07-23T00:00:00,Email with Windrose Inc — RevOS Pro,
861,94,meeting,2026-08-02T00:00:00,Meeting with Windrose Inc — RevOS Pro,
862,94,email,2026-06-13T00:00:00,Email with Windrose Inc — RevOS Pro,
863,94,email,2026-08-09T00:00:00,Email with Windrose Inc — RevOS Pro,
864,94,meeting,2026-09-04T00:00:00,Meeting with Windrose Inc — RevOS Pro,
865,95,email,2026-09-21T00:00:00,Email with Raptorx Inc — RevOS API,
866,95,call,2026-09-11T00:00:00,Call with Raptorx Inc — RevOS API,
867,95,note,2026-09-29T00:00:00,Note with Raptorx Inc — RevOS API,
868,95,meeting,2026-09-04T00:00:00,Meeting with Raptorx Inc — RevOS API,
869,95,email,2026-09-08T00:00:00,Email with Raptorx Inc — RevOS API,
870,95,call,2026-09-04T00:00:00,Call with Raptorx Inc — RevOS API,
871,95,meeting,2026-09-22T00:00:00,Meeting with Raptorx Inc — RevOS API,
872,95,email,2026-09-06T00:00:00,Email with Raptorx Inc — RevOS API,
873,95,note,2026-09-18T00:00:00,Note with Raptorx Inc — RevOS API,
874,95,email,2026-09-28T00:00:00,Email with Raptorx Inc — RevOS API,
875,95,call,2026-08-30T00:00:00,Call with Raptorx Inc — RevOS API,
876,95,email,2026-09-26T00:00:00,Email with Raptorx Inc — RevOS API,
877,95,call,2026-09-12T00:00:00,Call with Raptorx Inc — RevOS API,
878,96,email,2026-08-18T00:00:00,Email with Zenithops Inc — RevOS API,
879,96,meeting,2026-09-26T00:00:00,Meeting with Zenithops Inc — RevOS API,
880,96,email,2026-08-25T00:00:00,Email with Zenithops Inc — RevOS API,
881,96,meeting,2026-09-14T00:00:00,Meeting with Zenithops Inc — RevOS API,
882,96,email,2026-09-26T00:00:00,Email with Zenithops Inc — RevOS API,
883,96,email,2026-08-26T00:00:00,Email with Zenithops Inc — RevOS API,
884,96,email,2026-09-05T00:00:00,Email with Zenithops Inc — RevOS API,
885,96,email,2026-09-11T00:00:00,Email with Zenithops Inc — RevOS API,
886,96,email,2026-08-20T00:00:00,Email with Zenithops Inc — RevOS API,
887,96,note,2026-09-25T00:00:00,Note with Zenithops Inc — RevOS API,
888,96,meeting,2026-09-15T00:00:00,Meeting with Zenithops Inc — RevOS API,
889,96,email,2026-09-08T00:00:00,Email with Zenithops Inc — RevOS API,
890,96,call,2026-09-07T00:00:00,Call with Zenithops Inc — RevOS API,
891,96,call,2026-08-20T00:00:00,Call with Zenithops Inc — RevOS API,
892,97,meeting,2026-09-30T00:00:00,Meeting with Ultradev Inc — RevOS API,
893,97,email,2026-04-24T00:00:00,Email with Ultradev Inc — RevOS API,
894,97,email,2026-07-11T00:00:00,Email with Ultradev Inc — RevOS API,
895,97,call,2026-06-09T00:00:00,Call with Ultradev Inc — RevOS API,
896,97,meeting,2026-06-20T00:00:00,Meeting with Ultradev Inc — RevOS API,
897,97,call,2026-06-13T00:00:00,Call with Ultradev Inc — RevOS API,
898,97,call,2026-07-24T00:00:00,Call with Ultradev Inc — RevOS API,
899,97,call,2026-06-03T00:00:00,Call with Ultradev Inc — RevOS API,
900,97,email,2026-04-19T00:00:00,Email with Ultradev Inc — RevOS API,
901,98,note,2026-08-29T00:00:00,Note with Betaworks Inc — RevOS Pro,
902,98,call,2026-08-28T00:00:00,Call with Betaworks Inc — RevOS Pro,
903,98,note,2026-09-03T00:00:00,Note with Betaworks Inc — RevOS Pro,
904,98,email,2026-09-02T00:00:00,Email with Betaworks Inc — RevOS Pro,
905,98,call,2026-10-01T00:00:00,Call with Betaworks Inc — RevOS Pro,
906,98,email,2026-09-07T00:00:00,Email with Betaworks Inc — RevOS Pro,
907,98,call,2026-08-30T00:00:00,Call with Betaworks Inc — RevOS Pro,
908,98,email,2026-09-23T00:00:00,Email with Betaworks Inc — RevOS Pro,
909,98,email,2026-09-06T00:00:00,Email with Betaworks Inc — RevOS Pro,
910,98,call,2026-09-05T00:00:00,Call with Betaworks Inc — RevOS Pro,
911,99,call,2026-09-18T00:00:00,Call with Xyphorai Inc — RevOS API,
912,99,email,2026-09-29T00:00:00,Email with Xyphorai Inc — RevOS API,
913,99,email,2026-09-24T00:00:00,Email with Xyphorai Inc — RevOS API,
914,99,email,2026-09-20T00:00:00,Email with Xyphorai Inc — RevOS API,
915,99,call,2026-09-14T00:00:00,Call with Xyphorai Inc — RevOS API,
916,99,call,2026-09-22T00:00:00,Call with Xyphorai Inc — RevOS API,
917,99,meeting,2026-09-22T00:00:00,Meeting with Xyphorai Inc — RevOS API,
918,100,email,2026-09-03T00:00:00,Email with Hyperion Inc — RevOS Analytics,
919,100,call,2026-08-21T00:00:00,Call with Hyperion Inc — RevOS Analytics,
920,100,meeting,2026-07-14T00:00:00,Meeting with Hyperion Inc — RevOS Analytics,
921,100,call,2026-08-11T00:00:00,Call with Hyperion Inc — RevOS Analytics,
922,100,call,2026-07-23T00:00:00,Call with Hyperion Inc — RevOS Analytics,
923,100,email,2026-07-26T00:00:00,Email with Hyperion Inc — RevOS Analytics,
924,100,email,2026-09-01T00:00:00,Email with Hyperion Inc — RevOS Analytics,
925,100,email,2026-08-09T00:00:00,Email with Hyperion Inc — RevOS Analytics,
926,100,call,2026-09-19T00:00:00,Call with Hyperion Inc — RevOS Analytics,
927,100,email,2026-08-15T00:00:00,Email with Hyperion Inc — RevOS Analytics,
928,100,email,2026-09-02T00:00:00,Email with Hyperion Inc — RevOS Analytics,
929,100,email,2026-07-28T00:00:00,Email with Hyperion Inc — RevOS Analytics,
930,100,meeting,2026-09-06T00:00:00,Meeting with Hyperion Inc — RevOS Analytics,
931,100,call,2026-08-20T00:00:00,Call with Hyperion Inc — RevOS Analytics,
932,100,note,2026-08-26T00:00:00,Note with Hyperion Inc — RevOS Analytics,
933,101,email,2026-08-16T00:00:00,Email with Vertexsys Inc — RevOS Analytic,
934,101,call,2026-07-30T00:00:00,Call with Vertexsys Inc — RevOS Analytic,
935,101,call,2026-05-31T00:00:00,Call with Vertexsys Inc — RevOS Analytic,
936,101,note,2026-05-22T00:00:00,Note with Vertexsys Inc — RevOS Analytic,
937,101,email,2026-06-13T00:00:00,Email with Vertexsys Inc — RevOS Analytic,
938,101,email,2026-06-23T00:00:00,Email with Vertexsys Inc — RevOS Analytic,
939,101,note,2026-09-01T00:00:00,Note with Vertexsys Inc — RevOS Analytic,
940,101,call,2026-08-10T00:00:00,Call with Vertexsys Inc — RevOS Analytic,
941,101,call,2026-09-15T00:00:00,Call with Vertexsys Inc — RevOS Analytic,
942,101,meeting,2026-08-15T00:00:00,Meeting with Vertexsys Inc — RevOS Analytic,
943,101,note,2026-08-19T00:00:00,Note with Vertexsys Inc — RevOS Analytic,
944,101,email,2026-07-15T00:00:00,Email with Vertexsys Inc — RevOS Analytic,
945,101,note,2026-05-21T00:00:00,Note with Vertexsys Inc — RevOS Analytic,
946,101,call,2026-08-13T00:00:00,Call with Vertexsys Inc — RevOS Analytic,
947,102,meeting,2026-08-05T00:00:00,Meeting with Wavefront Inc — RevOS Enterpri,
948,102,email,2026-09-14T00:00:00,Email with Wavefront Inc — RevOS Enterpri,
949,102,call,2026-09-11T00:00:00,Call with Wavefront Inc — RevOS Enterpri,
950,102,email,2026-09-16T00:00:00,Email with Wavefront Inc — RevOS Enterpri,
951,102,call,2026-08-19T00:00:00,Call with Wavefront Inc — RevOS Enterpri,
952,102,meeting,2026-09-15T00:00:00,Meeting with Wavefront Inc — RevOS Enterpri,
953,102,email,2026-08-04T00:00:00,Email with Wavefront Inc — RevOS Enterpri,
954,102,call,2026-08-09T00:00:00,Call with Wavefront Inc — RevOS Enterpri,
955,102,email,2026-10-01T00:00:00,Email with Wavefront Inc — RevOS Enterpri,
956,102,call,2026-09-18T00:00:00,Call with Wavefront Inc — RevOS Enterpri,
957,102,email,2026-09-30T00:00:00,Email with Wavefront Inc — RevOS Enterpri,
958,102,email,2026-10-01T00:00:00,Email with Wavefront Inc — RevOS Enterpri,
959,102,email,2026-08-31T00:00:00,Email with Wavefront Inc — RevOS Enterpri,
960,103,meeting,2026-07-02T00:00:00,Meeting with Uplinkai Inc — RevOS Enterpris,
961,103,note,2026-09-04T00:00:00,Note with Uplinkai Inc — RevOS Enterpris,
962,103,call,2026-08-04T00:00:00,Call with Uplinkai Inc — RevOS Enterpris,
963,103,meeting,2026-08-12T00:00:00,Meeting with Uplinkai Inc — RevOS Enterpris,
964,103,email,2026-05-21T00:00:00,Email with Uplinkai Inc — RevOS Enterpris,
965,103,meeting,2026-09-22T00:00:00,Meeting with Uplinkai Inc — RevOS Enterpris,
966,103,meeting,2026-07-26T00:00:00,Meeting with Uplinkai Inc — RevOS Enterpris,
967,103,meeting,2026-07-06T00:00:00,Meeting with Uplinkai Inc — RevOS Enterpris,
968,103,meeting,2026-08-08T00:00:00,Meeting with Uplinkai Inc — RevOS Enterpris,
969,104,meeting,2026-07-05T00:00:00,Meeting with Wavefront Inc — RevOS API,
970,104,email,2026-05-23T00:00:00,Email with Wavefront Inc — RevOS API,
971,104,call,2026-09-06T00:00:00,Call with Wavefront Inc — RevOS API,
972,105,meeting,2026-07-22T00:00:00,Meeting with Prismdata Inc — RevOS Enterpri,
973,105,email,2026-06-22T00:00:00,Email with Prismdata Inc — RevOS Enterpri,
974,105,meeting,2026-06-26T00:00:00,Meeting with Prismdata Inc — RevOS Enterpri,
975,105,call,2026-06-29T00:00:00,Call with Prismdata Inc — RevOS Enterpri,
976,105,note,2026-09-15T00:00:00,Note with Prismdata Inc — RevOS Enterpri,
977,105,call,2026-09-02T00:00:00,Call with Prismdata Inc — RevOS Enterpri,
978,105,email,2026-07-03T00:00:00,Email with Prismdata Inc — RevOS Enterpri,
979,105,meeting,2026-05-25T00:00:00,Meeting with Prismdata Inc — RevOS Enterpri,
980,105,email,2026-06-28T00:00:00,Email with Prismdata Inc — RevOS Enterpri,
981,105,call,2026-08-22T00:00:00,Call with Prismdata Inc — RevOS Enterpri,
982,105,note,2026-06-06T00:00:00,Note with Prismdata Inc — RevOS Enterpri,
983,105,email,2026-06-21T00:00:00,Email with Prismdata Inc — RevOS Enterpri,
984,105,email,2026-05-31T00:00:00,Email with Prismdata Inc — RevOS Enterpri,
985,106,email,2026-08-06T00:00:00,Email with Alphacloud Inc — RevOS Pro,
986,106,email,2026-09-08T00:00:00,Email with Alphacloud Inc — RevOS Pro,
987,106,meeting,2026-09-02T00:00:00,Meeting with Alphacloud Inc — RevOS Pro,
988,106,email,2026-08-08T00:00:00,Email with Alphacloud Inc — RevOS Pro,
989,106,meeting,2026-08-19T00:00:00,Meeting with Alphacloud Inc — RevOS Pro,
990,106,meeting,2026-08-02T00:00:00,Meeting with Alphacloud Inc — RevOS Pro,
991,106,note,2026-09-21T00:00:00,Note with Alphacloud Inc — RevOS Pro,
992,107,call,2026-08-21T00:00:00,Call with Clearstack Inc — RevOS Enterpr,
993,107,email,2026-08-08T00:00:00,Email with Clearstack Inc — RevOS Enterpr,
994,107,note,2026-09-10T00:00:00,Note with Clearstack Inc — RevOS Enterpr,
995,107,email,2026-09-25T00:00:00,Email with Clearstack Inc — RevOS Enterpr,
996,108,meeting,2026-08-10T00:00:00,Meeting with Growthloop Inc — RevOS API,
997,108,call,2026-09-12T00:00:00,Call with Growthloop Inc — RevOS API,
998,108,meeting,2026-07-14T00:00:00,Meeting with Growthloop Inc — RevOS API,
999,108,note,2026-07-07T00:00:00,Note with Growthloop Inc — RevOS API,
1000,108,note,2026-06-11T00:00:00,Note with Growthloop Inc — RevOS API,
1001,108,email,2026-09-28T00:00:00,Email with Growthloop Inc — RevOS API,
1002,108,email,2026-09-14T00:00:00,Email with Growthloop Inc — RevOS API,
1003,108,note,2026-07-11T00:00:00,Note with Growthloop Inc — RevOS API,
1004,108,email,2026-05-06T00:00:00,Email with Growthloop Inc — RevOS API,
1005,108,meeting,2026-07-22T00:00:00,Meeting with Growthloop Inc — RevOS API,
1006,109,call,2026-04-16T00:00:00,Call with Vantagepoint Inc — RevOS Enter,
1007,109,email,2026-08-23T00:00:00,Email with Vantagepoint Inc — RevOS Enter,
1008,109,email,2026-06-12T00:00:00,Email with Vantagepoint Inc — RevOS Enter,
1009,109,meeting,2026-09-15T00:00:00,Meeting with Vantagepoint Inc — RevOS Enter,
1010,109,call,2026-08-09T00:00:00,Call with Vantagepoint Inc — RevOS Enter,
1011,110,email,2026-09-12T00:00:00,Email with Zenithops Inc — RevOS Analytic,
1012,110,email,2026-09-20T00:00:00,Email with Zenithops Inc — RevOS Analytic,
1013,110,note,2026-09-23T00:00:00,Note with Zenithops Inc — RevOS Analytic,
1014,110,meeting,2026-09-20T00:00:00,Meeting with Zenithops Inc — RevOS Analytic,
1015,110,call,2026-09-14T00:00:00,Call with Zenithops Inc — RevOS Analytic,
1016,110,meeting,2026-09-25T00:00:00,Meeting with Zenithops Inc — RevOS Analytic,
1017,110,email,2026-09-05T00:00:00,Email with Zenithops Inc — RevOS Analytic,
1018,110,note,2026-09-30T00:00:00,Note with Zenithops Inc — RevOS Analytic,
1019,110,meeting,2026-09-06T00:00:00,Meeting with Zenithops Inc — RevOS Analytic,
1020,110,call,2026-09-18T00:00:00,Call with Zenithops Inc — RevOS Analytic,
1021,110,note,2026-09-09T00:00:00,Note with Zenithops Inc — RevOS Analytic,
1022,110,email,2026-09-02T00:00:00,Email with Zenithops Inc — RevOS Analytic,
1023,110,email,2026-09-05T00:00:00,Email with Zenithops Inc — RevOS Analytic,
1024,111,note,2026-09-15T00:00:00,Note with Windrose Inc — RevOS Enterpris,
1025,111,email,2026-09-04T00:00:00,Email with Windrose Inc — RevOS Enterpris,
1026,111,note,2026-09-02T00:00:00,Note with Windrose Inc — RevOS Enterpris,
1027,111,meeting,2026-09-06T00:00:00,Meeting with Windrose Inc — RevOS Enterpris,
1028,111,email,2026-08-06T00:00:00,Email with Windrose Inc — RevOS Enterpris,
1029,111,meeting,2026-07-28T00:00:00,Meeting with Windrose Inc — RevOS Enterpris,
1030,111,meeting,2026-09-29T00:00:00,Meeting with Windrose Inc — RevOS Enterpris,
1031,111,call,2026-07-20T00:00:00,Call with Windrose Inc — RevOS Enterpris,
1032,111,email,2026-07-10T00:00:00,Email with Windrose Inc — RevOS Enterpris,
1033,111,note,2026-08-17T00:00:00,Note with Windrose Inc — RevOS Enterpris,
1034,111,email,2026-08-11T00:00:00,Email with Windrose Inc — RevOS Enterpris,
1035,111,meeting,2026-08-08T00:00:00,Meeting with Windrose Inc — RevOS Enterpris,
1036,111,email,2026-09-30T00:00:00,Email with Windrose Inc — RevOS Enterpris,
1037,112,call,2026-09-30T00:00:00,Call with Datavault Inc — RevOS Enterpri,
1038,112,email,2026-09-19T00:00:00,Email with Datavault Inc — RevOS Enterpri,
1039,112,note,2026-08-10T00:00:00,Note with Datavault Inc — RevOS Enterpri,
1040,112,call,2026-06-02T00:00:00,Call with Datavault Inc — RevOS Enterpri,
1041,112,note,2026-08-21T00:00:00,Note with Datavault Inc — RevOS Enterpri,
1042,113,meeting,2026-07-26T00:00:00,Meeting with Jetscale Inc — RevOS Analytics,
1043,113,note,2026-09-10T00:00:00,Note with Jetscale Inc — RevOS Analytics,
1044,113,meeting,2026-08-09T00:00:00,Meeting with Jetscale Inc — RevOS Analytics,
1045,113,email,2026-06-16T00:00:00,Email with Jetscale Inc — RevOS Analytics,
1046,113,email,2026-07-03T00:00:00,Email with Jetscale Inc — RevOS Analytics,
1047,113,email,2026-05-12T00:00:00,Email with Jetscale Inc — RevOS Analytics,
1048,113,note,2026-09-18T00:00:00,Note with Jetscale Inc — RevOS Analytics,
1049,113,call,2026-05-19T00:00:00,Call with Jetscale Inc — RevOS Analytics,
1050,113,note,2026-05-22T00:00:00,Note with Jetscale Inc — RevOS Analytics,
1051,113,call,2026-07-26T00:00:00,Call with Jetscale Inc — RevOS Analytics,
1052,113,email,2026-04-20T00:00:00,Email with Jetscale Inc — RevOS Analytics,
1053,113,call,2026-09-18T00:00:00,Call with Jetscale Inc — RevOS Analytics,
1054,113,note,2026-07-28T00:00:00,Note with Jetscale Inc — RevOS Analytics,
1055,113,meeting,2026-07-10T00:00:00,Meeting with Jetscale Inc — RevOS Analytics,
1056,114,note,2026-09-16T00:00:00,Note with Finlabs Inc — RevOS API,
1057,114,call,2026-07-08T00:00:00,Call with Finlabs Inc — RevOS API,
1058,114,call,2026-09-07T00:00:00,Call with Finlabs Inc — RevOS API,
1059,114,email,2026-07-05T00:00:00,Email with Finlabs Inc — RevOS API,
1060,114,note,2026-08-29T00:00:00,Note with Finlabs Inc — RevOS API,
1061,114,email,2026-08-01T00:00:00,Email with Finlabs Inc — RevOS API,
1062,114,meeting,2026-07-29T00:00:00,Meeting with Finlabs Inc — RevOS API,
1063,114,meeting,2026-08-24T00:00:00,Meeting with Finlabs Inc — RevOS API,
1064,114,call,2026-07-10T00:00:00,Call with Finlabs Inc — RevOS API,
1065,114,meeting,2026-07-10T00:00:00,Meeting with Finlabs Inc — RevOS API,
1066,114,email,2026-09-19T00:00:00,Email with Finlabs Inc — RevOS API,
1067,114,email,2026-08-01T00:00:00,Email with Finlabs Inc — RevOS API,
1068,114,email,2026-09-18T00:00:00,Email with Finlabs Inc — RevOS API,
1069,114,call,2026-09-20T00:00:00,Call with Finlabs Inc — RevOS API,
1070,114,meeting,2026-09-10T00:00:00,Meeting with Finlabs Inc — RevOS API,
1071,115,meeting,2026-08-19T00:00:00,Meeting with Hexacore Inc — RevOS Analytics,
1072,115,email,2026-08-25T00:00:00,Email with Hexacore Inc — RevOS Analytics,
1073,115,email,2026-09-21T00:00:00,Email with Hexacore Inc — RevOS Analytics,
1074,115,meeting,2026-09-22T00:00:00,Meeting with Hexacore Inc — RevOS Analytics,
1075,115,meeting,2026-09-24T00:00:00,Meeting with Hexacore Inc — RevOS Analytics,
1076,115,email,2026-09-21T00:00:00,Email with Hexacore Inc — RevOS Analytics,
1077,115,email,2026-09-17T00:00:00,Email with Hexacore Inc — RevOS Analytics,
1078,115,meeting,2026-09-25T00:00:00,Meeting with Hexacore Inc — RevOS Analytics,
1079,115,call,2026-09-24T00:00:00,Call with Hexacore Inc — RevOS Analytics,
1080,115,email,2026-08-26T00:00:00,Email with Hexacore Inc — RevOS Analytics,
1081,116,note,2026-07-26T00:00:00,Note with Datavault Inc — RevOS Starter,
1082,116,email,2026-09-14T00:00:00,Email with Datavault Inc — RevOS Starter,
1083,116,meeting,2026-08-29T00:00:00,Meeting with Datavault Inc — RevOS Starter,
1084,116,meeting,2026-08-19T00:00:00,Meeting with Datavault Inc — RevOS Starter,
1085,116,email,2026-08-25T00:00:00,Email with Datavault Inc — RevOS Starter,
1086,116,email,2026-08-11T00:00:00,Email with Datavault Inc — RevOS Starter,
1087,116,meeting,2026-07-30T00:00:00,Meeting with Datavault Inc — RevOS Starter,
1088,116,email,2026-09-14T00:00:00,Email with Datavault Inc — RevOS Starter,
1089,116,email,2026-07-22T00:00:00,Email with Datavault Inc — RevOS Starter,
1090,116,note,2026-09-18T00:00:00,Note with Datavault Inc — RevOS Starter,
1091,116,meeting,2026-07-12T00:00:00,Meeting with Datavault Inc — RevOS Starter,
1092,116,call,2026-08-13T00:00:00,Call with Datavault Inc — RevOS Starter,
1093,116,call,2026-07-26T00:00:00,Call with Datavault Inc — RevOS Starter,
1094,117,call,2026-09-29T00:00:00,Call with Signalops Inc — RevOS Starter,
1095,117,email,2026-09-11T00:00:00,Email with Signalops Inc — RevOS Starter,
1096,117,email,2026-09-30T00:00:00,Email with Signalops Inc — RevOS Starter,
1097,117,email,2026-09-27T00:00:00,Email with Signalops Inc — RevOS Starter,
1098,117,note,2026-09-30T00:00:00,Note with Signalops Inc — RevOS Starter,
1099,117,meeting,2026-09-10T00:00:00,Meeting with Signalops Inc — RevOS Starter,
1100,117,email,2026-09-11T00:00:00,Email with Signalops Inc — RevOS Starter,
1101,117,meeting,2026-09-20T00:00:00,Meeting with Signalops Inc — RevOS Starter,
1102,117,note,2026-09-12T00:00:00,Note with Signalops Inc — RevOS Starter,
1103,117,email,2026-09-10T00:00:00,Email with Signalops Inc — RevOS Starter,
1104,118,note,2026-07-10T00:00:00,Note with Yieldmax Inc — RevOS API,
1105,118,note,2026-07-03T00:00:00,Note with Yieldmax Inc — RevOS API,
1106,118,email,2026-09-09T00:00:00,Email with Yieldmax Inc — RevOS API,
1107,118,note,2026-08-12T00:00:00,Note with Yieldmax Inc — RevOS API,
1108,118,meeting,2026-09-06T00:00:00,Meeting with Yieldmax Inc — RevOS API,
1109,118,email,2026-07-19T00:00:00,Email with Yieldmax Inc — RevOS API,
1110,118,email,2026-07-18T00:00:00,Email with Yieldmax Inc — RevOS API,
1111,118,meeting,2026-07-26T00:00:00,Meeting with Yieldmax Inc — RevOS API,
1112,118,meeting,2026-07-10T00:00:00,Meeting with Yieldmax Inc — RevOS API,
1113,118,meeting,2026-08-05T00:00:00,Meeting with Yieldmax Inc — RevOS API,
1114,119,meeting,2026-09-27T00:00:00,Meeting with Uplinkai Inc — RevOS API,
1115,119,call,2026-09-29T00:00:00,Call with Uplinkai Inc — RevOS API,
1116,119,meeting,2026-09-30T00:00:00,Meeting with Uplinkai Inc — RevOS API,
1117,119,call,2026-09-21T00:00:00,Call with Uplinkai Inc — RevOS API,
1118,119,email,2026-09-24T00:00:00,Email with Uplinkai Inc — RevOS API,
1119,119,email,2026-09-18T00:00:00,Email with Uplinkai Inc — RevOS API,
1120,119,call,2026-09-18T00:00:00,Call with Uplinkai Inc — RevOS API,
1121,119,note,2026-09-27T00:00:00,Note with Uplinkai Inc — RevOS API,
1122,119,email,2026-09-20T00:00:00,Email with Uplinkai Inc — RevOS API,
1123,119,note,2026-09-26T00:00:00,Note with Uplinkai Inc — RevOS API,
1124,119,email,2026-09-24T00:00:00,Email with Uplinkai Inc — RevOS API,
1125,119,email,2026-09-28T00:00:00,Email with Uplinkai Inc — RevOS API,
1126,119,email,2026-09-26T00:00:00,Email with Uplinkai Inc — RevOS API,
1127,119,note,2026-09-24T00:00:00,Note with Uplinkai Inc — RevOS API,
1128,119,call,2026-09-28T00:00:00,Call with Uplinkai Inc — RevOS API,
1129,120,email,2026-09-02T00:00:00,Email with Wavefront Inc — RevOS Pro,
1130,120,meeting,2026-08-29T00:00:00,Meeting with Wavefront Inc — RevOS Pro,
1131,120,email,2026-09-28T00:00:00,Email with Wavefront Inc — RevOS Pro,
1132,120,email,2026-08-26T00:00:00,Email with Wavefront Inc — RevOS Pro,
1133,120,meeting,2026-09-28T00:00:00,Meeting with Wavefront Inc — RevOS Pro,
1134,120,call,2026-09-27T00:00:00,Call with Wavefront Inc — RevOS Pro,
1135,120,meeting,2026-09-27T00:00:00,Meeting with Wavefront Inc — RevOS Pro,
1136,120,meeting,2026-09-28T00:00:00,Meeting with Wavefront Inc — RevOS Pro,
1137,120,meeting,2026-09-01T00:00:00,Meeting with Wavefront Inc — RevOS Pro,
1138,120,note,2026-09-07T00:00:00,Note with Wavefront Inc — RevOS Pro,
1139,120,email,2026-09-01T00:00:00,Email with Wavefront Inc — RevOS Pro,
1140,120,email,2026-09-05T00:00:00,Email with Wavefront Inc — RevOS Pro,
1141,121,email,2026-09-21T00:00:00,Email with Maplesoft Inc — RevOS Pro,
1142,121,call,2026-09-15T00:00:00,Call with Maplesoft Inc — RevOS Pro,
1143,121,email,2026-10-01T00:00:00,Email with Maplesoft Inc — RevOS Pro,
1144,121,email,2026-09-28T00:00:00,Email with Maplesoft Inc — RevOS Pro,
1145,121,email,2026-09-12T00:00:00,Email with Maplesoft Inc — RevOS Pro,
1146,121,call,2026-09-14T00:00:00,Call with Maplesoft Inc — RevOS Pro,
1147,121,note,2026-09-22T00:00:00,Note with Maplesoft Inc — RevOS Pro,
1148,121,call,2026-09-16T00:00:00,Call with Maplesoft Inc — RevOS Pro,
1149,121,email,2026-09-11T00:00:00,Email with Maplesoft Inc — RevOS Pro,
1150,121,note,2026-09-12T00:00:00,Note with Maplesoft Inc — RevOS Pro,
1151,122,meeting,2026-08-08T00:00:00,Meeting with Keystone Inc — RevOS API,
1152,122,email,2026-08-27T00:00:00,Email with Keystone Inc — RevOS API,
1153,122,meeting,2026-09-02T00:00:00,Meeting with Keystone Inc — RevOS API,
1154,122,note,2026-09-06T00:00:00,Note with Keystone Inc — RevOS API,
1155,122,call,2026-08-16T00:00:00,Call with Keystone Inc — RevOS API,
1156,122,email,2026-09-05T00:00:00,Email with Keystone Inc — RevOS API,
1157,122,meeting,2026-07-14T00:00:00,Meeting with Keystone Inc — RevOS API,
1158,122,email,2026-07-07T00:00:00,Email with Keystone Inc — RevOS API,
1159,122,email,2026-07-26T00:00:00,Email with Keystone Inc — RevOS API,
1160,122,note,2026-07-29T00:00:00,Note with Keystone Inc — RevOS API,
1161,122,call,2026-09-17T00:00:00,Call with Keystone Inc — RevOS API,
1162,123,email,2026-07-20T00:00:00,Email with Luminance Inc — RevOS Analytic,
1163,123,call,2026-09-06T00:00:00,Call with Luminance Inc — RevOS Analytic,
1164,123,call,2026-06-14T00:00:00,Call with Luminance Inc — RevOS Analytic,
1165,123,email,2026-07-08T00:00:00,Email with Luminance Inc — RevOS Analytic,
1166,123,email,2026-09-28T00:00:00,Email with Luminance Inc — RevOS Analytic,
1167,123,email,2026-08-02T00:00:00,Email with Luminance Inc — RevOS Analytic,
1168,123,meeting,2026-07-07T00:00:00,Meeting with Luminance Inc — RevOS Analytic,
1169,123,email,2026-09-01T00:00:00,Email with Luminance Inc — RevOS Analytic,
1170,123,email,2026-07-01T00:00:00,Email with Luminance Inc — RevOS Analytic,
1171,123,email,2026-09-06T00:00:00,Email with Luminance Inc — RevOS Analytic,
1172,123,meeting,2026-08-25T00:00:00,Meeting with Luminance Inc — RevOS Analytic,
1173,123,meeting,2026-06-29T00:00:00,Meeting with Luminance Inc — RevOS Analytic,
1174,124,call,2026-09-30T00:00:00,Call with Logicworks Inc — RevOS Pro,
1175,124,meeting,2026-09-18T00:00:00,Meeting with Logicworks Inc — RevOS Pro,
1176,124,note,2026-09-05T00:00:00,Note with Logicworks Inc — RevOS Pro,
1177,124,email,2026-09-20T00:00:00,Email with Logicworks Inc — RevOS Pro,
1178,124,email,2026-08-27T00:00:00,Email with Logicworks Inc — RevOS Pro,
1179,124,call,2026-08-11T00:00:00,Call with Logicworks Inc — RevOS Pro,
1180,124,email,2026-09-17T00:00:00,Email with Logicworks Inc — RevOS Pro,
1181,124,email,2026-08-07T00:00:00,Email with Logicworks Inc — RevOS Pro,
1182,124,meeting,2026-09-07T00:00:00,Meeting with Logicworks Inc — RevOS Pro,
1183,124,note,2026-08-14T00:00:00,Note with Logicworks Inc — RevOS Pro,
1184,124,email,2026-08-24T00:00:00,Email with Logicworks Inc — RevOS Pro,
1185,124,email,2026-08-08T00:00:00,Email with Logicworks Inc — RevOS Pro,
1186,125,note,2026-08-25T00:00:00,Note with Infoedge Inc — RevOS Enterpris,
1187,125,note,2026-09-20T00:00:00,Note with Infoedge Inc — RevOS Enterpris,
1188,125,call,2026-08-12T00:00:00,Call with Infoedge Inc — RevOS Enterpris,
1189,125,email,2026-09-26T00:00:00,Email with Infoedge Inc — RevOS Enterpris,
1190,125,meeting,2026-09-22T00:00:00,Meeting with Infoedge Inc — RevOS Enterpris,
1191,125,call,2026-08-07T00:00:00,Call with Infoedge Inc — RevOS Enterpris,
1192,126,note,2026-09-10T00:00:00,Note with Maplesoft Inc — RevOS Starter,
1193,126,email,2026-09-09T00:00:00,Email with Maplesoft Inc — RevOS Starter,
1194,126,note,2026-08-11T00:00:00,Note with Maplesoft Inc — RevOS Starter,
1195,126,email,2026-08-15T00:00:00,Email with Maplesoft Inc — RevOS Starter,
1196,126,email,2026-09-22T00:00:00,Email with Maplesoft Inc — RevOS Starter,
1197,126,meeting,2026-08-27T00:00:00,Meeting with Maplesoft Inc — RevOS Starter,
1198,126,note,2026-09-17T00:00:00,Note with Maplesoft Inc — RevOS Starter,
1199,126,call,2026-09-08T00:00:00,Call with Maplesoft Inc — RevOS Starter,
1200,126,meeting,2026-09-30T00:00:00,Meeting with Maplesoft Inc — RevOS Starter,
1201,126,call,2026-09-04T00:00:00,Call with Maplesoft Inc — RevOS Starter,
1202,126,email,2026-08-21T00:00:00,Email with Maplesoft Inc — RevOS Starter,
1203,126,meeting,2026-09-06T00:00:00,Meeting with Maplesoft Inc — RevOS Starter,
1204,126,email,2026-09-16T00:00:00,Email with Maplesoft Inc — RevOS Starter,
1205,126,call,2026-08-29T00:00:00,Call with Maplesoft Inc — RevOS Starter,
1206,127,note,2026-08-26T00:00:00,Note with Nexatech Inc — RevOS API,
1207,127,meeting,2026-09-15T00:00:00,Meeting with Nexatech Inc — RevOS API,
1208,127,meeting,2026-09-07T00:00:00,Meeting with Nexatech Inc — RevOS API,
1209,127,meeting,2026-09-18T00:00:00,Meeting with Nexatech Inc — RevOS API,
1210,127,call,2026-09-03T00:00:00,Call with Nexatech Inc — RevOS API,
1211,127,meeting,2026-09-14T00:00:00,Meeting with Nexatech Inc — RevOS API,
1212,127,email,2026-09-24T00:00:00,Email with Nexatech Inc — RevOS API,
1213,128,note,2026-09-19T00:00:00,Note with Xyphorai Inc — RevOS API,
1214,128,email,2026-07-06T00:00:00,Email with Xyphorai Inc — RevOS API,
1215,128,note,2026-05-31T00:00:00,Note with Xyphorai Inc — RevOS API,
1216,128,meeting,2026-08-21T00:00:00,Meeting with Xyphorai Inc — RevOS API,
1217,128,call,2026-06-01T00:00:00,Call with Xyphorai Inc — RevOS API,
1218,128,meeting,2026-05-28T00:00:00,Meeting with Xyphorai Inc — RevOS API,
1219,128,email,2026-06-01T00:00:00,Email with Xyphorai Inc — RevOS API,
1220,128,email,2026-05-23T00:00:00,Email with Xyphorai Inc — RevOS API,
1221,128,call,2026-07-21T00:00:00,Call with Xyphorai Inc — RevOS API,
1222,129,note,2026-07-04T00:00:00,Note with Uplinkai Inc — RevOS API,
1223,129,meeting,2026-08-26T00:00:00,Meeting with Uplinkai Inc — RevOS API,
1224,129,call,2026-07-20T00:00:00,Call with Uplinkai Inc — RevOS API,
1225,129,meeting,2026-09-06T00:00:00,Meeting with Uplinkai Inc — RevOS API,
1226,129,note,2026-09-27T00:00:00,Note with Uplinkai Inc — RevOS API,
1227,129,email,2026-09-30T00:00:00,Email with Uplinkai Inc — RevOS API,
1228,129,call,2026-07-04T00:00:00,Call with Uplinkai Inc — RevOS API,
1229,129,meeting,2026-07-03T00:00:00,Meeting with Uplinkai Inc — RevOS API,
1230,129,call,2026-09-30T00:00:00,Call with Uplinkai Inc — RevOS API,
1231,129,email,2026-08-16T00:00:00,Email with Uplinkai Inc — RevOS API,
1232,130,note,2026-09-22T00:00:00,Note with Alphacloud Inc — RevOS Analyti,
1233,130,meeting,2026-09-05T00:00:00,Meeting with Alphacloud Inc — RevOS Analyti,
1234,130,call,2026-07-05T00:00:00,Call with Alphacloud Inc — RevOS Analyti,
1235,130,meeting,2026-07-21T00:00:00,Meeting with Alphacloud Inc — RevOS Analyti,
1236,130,note,2026-09-05T00:00:00,Note with Alphacloud Inc — RevOS Analyti,
1237,130,email,2026-07-22T00:00:00,Email with Alphacloud Inc — RevOS Analyti,
1238,130,call,2026-07-17T00:00:00,Call with Alphacloud Inc — RevOS Analyti,
1239,130,call,2026-07-06T00:00:00,Call with Alphacloud Inc — RevOS Analyti,
1240,130,email,2026-08-17T00:00:00,Email with Alphacloud Inc — RevOS Analyti,
1241,130,email,2026-07-14T00:00:00,Email with Alphacloud Inc — RevOS Analyti,
1242,130,email,2026-09-24T00:00:00,Email with Alphacloud Inc — RevOS Analyti,
1243,130,note,2026-09-07T00:00:00,Note with Alphacloud Inc — RevOS Analyti,
1244,130,email,2026-07-15T00:00:00,Email with Alphacloud Inc — RevOS Analyti,
1245,130,email,2026-08-30T00:00:00,Email with Alphacloud Inc — RevOS Analyti,
1246,131,meeting,2026-05-20T00:00:00,Meeting with Fusionware Inc — RevOS Starter,
1247,131,email,2026-08-28T00:00:00,Email with Fusionware Inc — RevOS Starter,
1248,131,note,2026-08-06T00:00:00,Note with Fusionware Inc — RevOS Starter,
1249,131,meeting,2026-09-28T00:00:00,Meeting with Fusionware Inc — RevOS Starter,
1250,131,note,2026-05-29T00:00:00,Note with Fusionware Inc — RevOS Starter,
1251,131,email,2026-09-21T00:00:00,Email with Fusionware Inc — RevOS Starter,
1252,132,call,2026-09-22T00:00:00,Call with Deltaforce Inc — RevOS Analyti,
1253,132,email,2026-09-12T00:00:00,Email with Deltaforce Inc — RevOS Analyti,
1254,132,email,2026-09-03T00:00:00,Email with Deltaforce Inc — RevOS Analyti,
1255,133,call,2026-06-03T00:00:00,Call with Globecast Inc — RevOS Pro,
1256,133,email,2026-04-19T00:00:00,Email with Globecast Inc — RevOS Pro,
1257,133,email,2026-08-20T00:00:00,Email with Globecast Inc — RevOS Pro,
1258,133,call,2026-08-30T00:00:00,Call with Globecast Inc — RevOS Pro,
1259,133,call,2026-05-26T00:00:00,Call with Globecast Inc — RevOS Pro,
1260,133,email,2026-08-19T00:00:00,Email with Globecast Inc — RevOS Pro,
1261,133,email,2026-06-20T00:00:00,Email with Globecast Inc — RevOS Pro,
1262,133,email,2026-07-27T00:00:00,Email with Globecast Inc — RevOS Pro,
1263,133,call,2026-07-19T00:00:00,Call with Globecast Inc — RevOS Pro,
1264,133,call,2026-06-02T00:00:00,Call with Globecast Inc — RevOS Pro,
1265,133,email,2026-06-24T00:00:00,Email with Globecast Inc — RevOS Pro,
1266,133,meeting,2026-08-07T00:00:00,Meeting with Globecast Inc — RevOS Pro,
1267,133,email,2026-08-07T00:00:00,Email with Globecast Inc — RevOS Pro,
1268,133,meeting,2026-07-16T00:00:00,Meeting with Globecast Inc — RevOS Pro,
1269,134,note,2026-07-19T00:00:00,Note with Raptorx Inc — RevOS Starter,
1270,134,email,2026-09-02T00:00:00,Email with Raptorx Inc — RevOS Starter,
1271,134,email,2026-06-28T00:00:00,Email with Raptorx Inc — RevOS Starter,
1272,135,call,2026-09-14T00:00:00,Call with Wavefront Inc — RevOS Starter,
1273,135,note,2026-09-12T00:00:00,Note with Wavefront Inc — RevOS Starter,
1274,135,meeting,2026-09-07T00:00:00,Meeting with Wavefront Inc — RevOS Starter,
1275,135,note,2026-09-17T00:00:00,Note with Wavefront Inc — RevOS Starter,
1276,135,email,2026-09-10T00:00:00,Email with Wavefront Inc — RevOS Starter,
1277,136,call,2026-09-18T00:00:00,Call with Deltaforce Inc — RevOS API,
1278,136,meeting,2026-09-22T00:00:00,Meeting with Deltaforce Inc — RevOS API,
1279,136,meeting,2026-09-11T00:00:00,Meeting with Deltaforce Inc — RevOS API,
1280,136,note,2026-09-25T00:00:00,Note with Deltaforce Inc — RevOS API,
1281,136,meeting,2026-09-17T00:00:00,Meeting with Deltaforce Inc — RevOS API,
1282,136,meeting,2026-09-24T00:00:00,Meeting with Deltaforce Inc — RevOS API,
1283,136,email,2026-09-13T00:00:00,Email with Deltaforce Inc — RevOS API,
1284,136,email,2026-10-01T00:00:00,Email with Deltaforce Inc — RevOS API,
1285,136,email,2026-09-01T00:00:00,Email with Deltaforce Inc — RevOS API,
1286,136,call,2026-09-12T00:00:00,Call with Deltaforce Inc — RevOS API,
1287,137,email,2026-09-24T00:00:00,Email with Keystone Inc — RevOS Pro,
1288,137,meeting,2026-09-24T00:00:00,Meeting with Keystone Inc — RevOS Pro,
1289,137,note,2026-09-16T00:00:00,Note with Keystone Inc — RevOS Pro,
1290,137,email,2026-09-26T00:00:00,Email with Keystone Inc — RevOS Pro,
1291,137,email,2026-09-18T00:00:00,Email with Keystone Inc — RevOS Pro,
1292,137,email,2026-09-18T00:00:00,Email with Keystone Inc — RevOS Pro,
1293,137,email,2026-09-16T00:00:00,Email with Keystone Inc — RevOS Pro,
1294,137,meeting,2026-09-07T00:00:00,Meeting with Keystone Inc — RevOS Pro,
1295,137,email,2026-09-08T00:00:00,Email with Keystone Inc — RevOS Pro,
1296,137,email,2026-09-27T00:00:00,Email with Keystone Inc — RevOS Pro,
1297,137,note,2026-09-11T00:00:00,Note with Keystone Inc — RevOS Pro,
1298,137,meeting,2026-09-10T00:00:00,Meeting with Keystone Inc — RevOS Pro,
1299,137,email,2026-09-16T00:00:00,Email with Keystone Inc — RevOS Pro,
1300,137,meeting,2026-09-25T00:00:00,Meeting with Keystone Inc — RevOS Pro,
1301,137,meeting,2026-09-06T00:00:00,Meeting with Keystone Inc — RevOS Pro,
1302,138,email,2026-08-30T00:00:00,Email with Luminance Inc — RevOS API,
1303,138,call,2026-09-30T00:00:00,Call with Luminance Inc — RevOS API,
1304,138,email,2026-09-02T00:00:00,Email with Luminance Inc — RevOS API,
1305,138,email,2026-06-28T00:00:00,Email with Luminance Inc — RevOS API,
1306,138,email,2026-06-17T00:00:00,Email with Luminance Inc — RevOS API,
1307,138,note,2026-07-07T00:00:00,Note with Luminance Inc — RevOS API,
1308,138,email,2026-08-06T00:00:00,Email with Luminance Inc — RevOS API,
1309,138,email,2026-07-08T00:00:00,Email with Luminance Inc — RevOS API,
1310,138,email,2026-06-19T00:00:00,Email with Luminance Inc — RevOS API,
1311,138,email,2026-08-19T00:00:00,Email with Luminance Inc — RevOS API,
1312,138,note,2026-09-02T00:00:00,Note with Luminance Inc — RevOS API,
1313,139,call,2026-08-08T00:00:00,Call with Signalops Inc — RevOS Pro,
1314,139,call,2026-07-03T00:00:00,Call with Signalops Inc — RevOS Pro,
1315,139,email,2026-09-16T00:00:00,Email with Signalops Inc — RevOS Pro,
1316,139,email,2026-07-10T00:00:00,Email with Signalops Inc — RevOS Pro,
1317,139,note,2026-07-31T00:00:00,Note with Signalops Inc — RevOS Pro,
1318,139,call,2026-09-25T00:00:00,Call with Signalops Inc — RevOS Pro,
1319,140,email,2026-07-21T00:00:00,Email with Zenithops Inc — RevOS Analytic,
1320,140,email,2026-07-15T00:00:00,Email with Zenithops Inc — RevOS Analytic,
1321,140,email,2026-08-25T00:00:00,Email with Zenithops Inc — RevOS Analytic,
1322,140,email,2026-09-13T00:00:00,Email with Zenithops Inc — RevOS Analytic,
1323,140,email,2026-09-30T00:00:00,Email with Zenithops Inc — RevOS Analytic,
1324,140,email,2026-08-07T00:00:00,Email with Zenithops Inc — RevOS Analytic,
1325,140,email,2026-09-15T00:00:00,Email with Zenithops Inc — RevOS Analytic,
1326,140,email,2026-08-22T00:00:00,Email with Zenithops Inc — RevOS Analytic,
1327,141,meeting,2026-09-04T00:00:00,Meeting with Finlabs Inc — RevOS Starter,
1328,141,note,2026-09-28T00:00:00,Note with Finlabs Inc — RevOS Starter,
1329,141,email,2026-09-14T00:00:00,Email with Finlabs Inc — RevOS Starter,
1330,141,email,2026-09-29T00:00:00,Email with Finlabs Inc — RevOS Starter,
1331,141,call,2026-09-28T00:00:00,Call with Finlabs Inc — RevOS Starter,
1332,141,email,2026-09-23T00:00:00,Email with Finlabs Inc — RevOS Starter,
1333,141,email,2026-09-24T00:00:00,Email with Finlabs Inc — RevOS Starter,
1334,141,email,2026-09-22T00:00:00,Email with Finlabs Inc — RevOS Starter,
1335,141,email,2026-09-07T00:00:00,Email with Finlabs Inc — RevOS Starter,
1336,141,call,2026-09-27T00:00:00,Call with Finlabs Inc — RevOS Starter,
1337,141,call,2026-09-05T00:00:00,Call with Finlabs Inc — RevOS Starter,
1338,141,meeting,2026-09-24T00:00:00,Meeting with Finlabs Inc — RevOS Starter,
1339,141,meeting,2026-09-10T00:00:00,Meeting with Finlabs Inc — RevOS Starter,
1340,142,note,2026-09-04T00:00:00,Note with Xeronova Inc — RevOS API,
1341,142,email,2026-09-21T00:00:00,Email with Xeronova Inc — RevOS API,
1342,142,note,2026-09-30T00:00:00,Note with Xeronova Inc — RevOS API,
1343,142,call,2026-09-12T00:00:00,Call with Xeronova Inc — RevOS API,
1344,143,email,2026-09-19T00:00:00,Email with Maplesoft Inc — RevOS Pro,
1345,143,call,2026-09-25T00:00:00,Call with Maplesoft Inc — RevOS Pro,
1346,143,note,2026-09-23T00:00:00,Note with Maplesoft Inc — RevOS Pro,
1347,143,note,2026-10-01T00:00:00,Note with Maplesoft Inc — RevOS Pro,
1348,143,note,2026-09-27T00:00:00,Note with Maplesoft Inc — RevOS Pro,
1349,144,call,2026-09-11T00:00:00,Call with Kinetiq Inc — RevOS Enterprise,
1350,144,note,2026-07-31T00:00:00,Note with Kinetiq Inc — RevOS Enterprise,
1351,144,call,2026-07-24T00:00:00,Call with Kinetiq Inc — RevOS Enterprise,
1352,144,note,2026-09-21T00:00:00,Note with Kinetiq Inc — RevOS Enterprise,
1353,144,meeting,2026-09-18T00:00:00,Meeting with Kinetiq Inc — RevOS Enterprise,
1354,144,call,2026-08-06T00:00:00,Call with Kinetiq Inc — RevOS Enterprise,
1355,144,email,2026-08-01T00:00:00,Email with Kinetiq Inc — RevOS Enterprise,
1356,144,email,2026-09-26T00:00:00,Email with Kinetiq Inc — RevOS Enterprise,
1357,145,meeting,2026-06-02T00:00:00,Meeting with Xeronova Inc — RevOS Analytics,
1358,145,call,2026-07-25T00:00:00,Call with Xeronova Inc — RevOS Analytics,
1359,145,note,2026-08-29T00:00:00,Note with Xeronova Inc — RevOS Analytics,
1360,145,email,2026-05-04T00:00:00,Email with Xeronova Inc — RevOS Analytics,
1361,145,email,2026-08-23T00:00:00,Email with Xeronova Inc — RevOS Analytics,
1362,145,call,2026-07-23T00:00:00,Call with Xeronova Inc — RevOS Analytics,
1363,145,email,2026-06-23T00:00:00,Email with Xeronova Inc — RevOS Analytics,
1364,145,email,2026-04-15T00:00:00,Email with Xeronova Inc — RevOS Analytics,
1365,145,call,2026-06-09T00:00:00,Call with Xeronova Inc — RevOS Analytics,
1366,145,note,2026-04-17T00:00:00,Note with Xeronova Inc — RevOS Analytics,
1367,145,call,2026-08-24T00:00:00,Call with Xeronova Inc — RevOS Analytics,
1368,145,email,2026-08-27T00:00:00,Email with Xeronova Inc — RevOS Analytics,
1369,145,email,2026-06-10T00:00:00,Email with Xeronova Inc — RevOS Analytics,
1370,145,call,2026-06-22T00:00:00,Call with Xeronova Inc — RevOS Analytics,
1371,146,email,2026-07-28T00:00:00,Email with Novabridge Inc — RevOS API,
1372,146,email,2026-07-30T00:00:00,Email with Novabridge Inc — RevOS API,
1373,146,email,2026-09-19T00:00:00,Email with Novabridge Inc — RevOS API,
1374,146,note,2026-08-04T00:00:00,Note with Novabridge Inc — RevOS API,
1375,146,note,2026-08-03T00:00:00,Note with Novabridge Inc — RevOS API,
1376,147,note,2026-09-03T00:00:00,Note with Edgeflux Inc — RevOS Analytics,
1377,147,email,2026-09-26T00:00:00,Email with Edgeflux Inc — RevOS Analytics,
1378,147,email,2026-06-27T00:00:00,Email with Edgeflux Inc — RevOS Analytics,
1379,148,email,2026-08-03T00:00:00,Email with Zenithops Inc — RevOS Pro,
1380,148,email,2026-09-18T00:00:00,Email with Zenithops Inc — RevOS Pro,
1381,148,call,2026-06-04T00:00:00,Call with Zenithops Inc — RevOS Pro,
1382,148,email,2026-07-15T00:00:00,Email with Zenithops Inc — RevOS Pro,
1383,148,call,2026-05-15T00:00:00,Call with Zenithops Inc — RevOS Pro,
1384,148,meeting,2026-05-03T00:00:00,Meeting with Zenithops Inc — RevOS Pro,
1385,148,meeting,2026-06-26T00:00:00,Meeting with Zenithops Inc — RevOS Pro,
1386,148,email,2026-07-11T00:00:00,Email with Zenithops Inc — RevOS Pro,
1387,149,meeting,2026-08-17T00:00:00,Meeting with Signalops Inc — RevOS Enterpri,
1388,149,meeting,2026-09-29T00:00:00,Meeting with Signalops Inc — RevOS Enterpri,
1389,149,call,2026-09-17T00:00:00,Call with Signalops Inc — RevOS Enterpri,
1390,150,note,2026-08-28T00:00:00,Note with Ecomsprint Inc — RevOS Analyti,
1391,150,note,2026-07-27T00:00:00,Note with Ecomsprint Inc — RevOS Analyti,
1392,150,meeting,2026-07-14T00:00:00,Meeting with Ecomsprint Inc — RevOS Analyti,
1393,150,email,2026-07-18T00:00:00,Email with Ecomsprint Inc — RevOS Analyti,
1394,150,call,2026-07-14T00:00:00,Call with Ecomsprint Inc — RevOS Analyti,
1395,150,email,2026-09-01T00:00:00,Email with Ecomsprint Inc — RevOS Analyti,
1396,150,meeting,2026-07-21T00:00:00,Meeting with Ecomsprint Inc — RevOS Analyti,
1397,150,email,2026-09-11T00:00:00,Email with Ecomsprint Inc — RevOS Analyti,
1398,150,email,2026-09-22T00:00:00,Email with Ecomsprint Inc — RevOS Analyti,
1399,150,call,2026-07-08T00:00:00,Call with Ecomsprint Inc — RevOS Analyti,
1400,150,email,2026-07-07T00:00:00,Email with Ecomsprint Inc — RevOS Analyti,
1401,150,note,2026-09-25T00:00:00,Note with Ecomsprint Inc — RevOS Analyti,
1402,150,call,2026-07-08T00:00:00,Call with Ecomsprint Inc — RevOS Analyti,
1403,150,email,2026-05-28T00:00:00,Email with Ecomsprint Inc — RevOS Analyti,
1404,151,meeting,2026-09-09T00:00:00,Meeting with Innov8 Inc — RevOS Pro,
1405,151,email,2026-08-14T00:00:00,Email with Innov8 Inc — RevOS Pro,
1406,151,call,2026-07-30T00:00:00,Call with Innov8 Inc — RevOS Pro,
1407,151,note,2026-09-17T00:00:00,Note with Innov8 Inc — RevOS Pro,
1408,151,email,2026-09-10T00:00:00,Email with Innov8 Inc — RevOS Pro,
1409,152,meeting,2026-08-04T00:00:00,Meeting with Brightspark Inc — RevOS Analyt,
1410,152,call,2026-07-19T00:00:00,Call with Brightspark Inc — RevOS Analyt,
1411,152,email,2026-09-04T00:00:00,Email with Brightspark Inc — RevOS Analyt,
1412,152,meeting,2026-08-01T00:00:00,Meeting with Brightspark Inc — RevOS Analyt,
1413,152,email,2026-07-23T00:00:00,Email with Brightspark Inc — RevOS Analyt,
1414,152,email,2026-07-28T00:00:00,Email with Brightspark Inc — RevOS Analyt,
1415,152,meeting,2026-07-19T00:00:00,Meeting with Brightspark Inc — RevOS Analyt,
1416,152,note,2026-07-19T00:00:00,Note with Brightspark Inc — RevOS Analyt,
1417,152,call,2026-07-31T00:00:00,Call with Brightspark Inc — RevOS Analyt,
1418,152,note,2026-08-30T00:00:00,Note with Brightspark Inc — RevOS Analyt,
1419,152,email,2026-07-28T00:00:00,Email with Brightspark Inc — RevOS Analyt,
1420,153,call,2026-09-13T00:00:00,Call with Betaworks Inc — RevOS Starter,
1421,153,meeting,2026-08-03T00:00:00,Meeting with Betaworks Inc — RevOS Starter,
1422,153,email,2026-07-17T00:00:00,Email with Betaworks Inc — RevOS Starter,
1423,153,email,2026-06-27T00:00:00,Email with Betaworks Inc — RevOS Starter,
1424,153,meeting,2026-08-16T00:00:00,Meeting with Betaworks Inc — RevOS Starter,
1425,153,call,2026-08-27T00:00:00,Call with Betaworks Inc — RevOS Starter,
1426,153,meeting,2026-06-10T00:00:00,Meeting with Betaworks Inc — RevOS Starter,
1427,153,call,2026-06-21T00:00:00,Call with Betaworks Inc — RevOS Starter,
1428,153,call,2026-06-21T00:00:00,Call with Betaworks Inc — RevOS Starter,
1429,153,call,2026-09-23T00:00:00,Call with Betaworks Inc — RevOS Starter,
1430,154,email,2026-09-12T00:00:00,Email with Nexatech Inc — RevOS Pro,
1431,154,email,2026-09-25T00:00:00,Email with Nexatech Inc — RevOS Pro,
1432,154,meeting,2026-09-20T00:00:00,Meeting with Nexatech Inc — RevOS Pro,
1433,155,meeting,2026-09-09T00:00:00,Meeting with Relaystack Inc — RevOS Enterpr,
1434,155,call,2026-08-05T00:00:00,Call with Relaystack Inc — RevOS Enterpr,
1435,155,email,2026-08-05T00:00:00,Email with Relaystack Inc — RevOS Enterpr,
1436,155,email,2026-08-27T00:00:00,Email with Relaystack Inc — RevOS Enterpr,
1437,155,email,2026-09-02T00:00:00,Email with Relaystack Inc — RevOS Enterpr,
1438,155,note,2026-08-01T00:00:00,Note with Relaystack Inc — RevOS Enterpr,
1439,156,email,2026-06-23T00:00:00,Email with Logicworks Inc — RevOS Starter,
1440,156,email,2026-08-10T00:00:00,Email with Logicworks Inc — RevOS Starter,
1441,156,meeting,2026-06-27T00:00:00,Meeting with Logicworks Inc — RevOS Starter,
1442,156,note,2026-06-23T00:00:00,Note with Logicworks Inc — RevOS Starter,
1443,156,email,2026-08-30T00:00:00,Email with Logicworks Inc — RevOS Starter,
1444,156,email,2026-09-16T00:00:00,Email with Logicworks Inc — RevOS Starter,
1445,156,email,2026-09-24T00:00:00,Email with Logicworks Inc — RevOS Starter,
1446,156,call,2026-09-29T00:00:00,Call with Logicworks Inc — RevOS Starter,
1447,156,note,2026-07-21T00:00:00,Note with Logicworks Inc — RevOS Starter,
1448,156,note,2026-09-15T00:00:00,Note with Logicworks Inc — RevOS Starter,
1449,156,email,2026-09-14T00:00:00,Email with Logicworks Inc — RevOS Starter,
1450,156,note,2026-06-04T00:00:00,Note with Logicworks Inc — RevOS Starter,
1451,157,meeting,2026-09-30T00:00:00,Meeting with Nexatech Inc — RevOS Starter,
1452,157,email,2026-09-16T00:00:00,Email with Nexatech Inc — RevOS Starter,
1453,157,meeting,2026-09-20T00:00:00,Meeting with Nexatech Inc — RevOS Starter,
1454,157,note,2026-10-01T00:00:00,Note with Nexatech Inc — RevOS Starter,
1455,157,email,2026-09-08T00:00:00,Email with Nexatech Inc — RevOS Starter,
1456,158,email,2026-08-08T00:00:00,Email with Fusionware Inc — RevOS API,
1457,158,note,2026-08-14T00:00:00,Note with Fusionware Inc — RevOS API,
1458,158,meeting,2026-07-27T00:00:00,Meeting with Fusionware Inc — RevOS API,
1459,158,email,2026-08-18T00:00:00,Email with Fusionware Inc — RevOS API,
1460,158,call,2026-08-27T00:00:00,Call with Fusionware Inc — RevOS API,
1461,158,call,2026-08-25T00:00:00,Call with Fusionware Inc — RevOS API,
1462,158,email,2026-09-23T00:00:00,Email with Fusionware Inc — RevOS API,
1463,158,note,2026-09-25T00:00:00,Note with Fusionware Inc — RevOS API,
1464,158,call,2026-08-22T00:00:00,Call with Fusionware Inc — RevOS API,
1465,159,call,2026-09-14T00:00:00,Call with Novabridge Inc — RevOS Starter,
1466,159,call,2026-09-14T00:00:00,Call with Novabridge Inc — RevOS Starter,
1467,159,email,2026-08-06T00:00:00,Email with Novabridge Inc — RevOS Starter,
1468,159,meeting,2026-09-20T00:00:00,Meeting with Novabridge Inc — RevOS Starter,
1469,159,call,2026-09-13T00:00:00,Call with Novabridge Inc — RevOS Starter,
1470,159,meeting,2026-08-05T00:00:00,Meeting with Novabridge Inc — RevOS Starter,
1471,159,email,2026-08-07T00:00:00,Email with Novabridge Inc — RevOS Starter,
1472,159,note,2026-08-03T00:00:00,Note with Novabridge Inc — RevOS Starter,
1473,159,email,2026-07-10T00:00:00,Email with Novabridge Inc — RevOS Starter,
1474,159,note,2026-09-06T00:00:00,Note with Novabridge Inc — RevOS Starter,
1475,160,note,2026-06-14T00:00:00,Note with Signalops Inc — RevOS Starter,
1476,160,meeting,2026-07-23T00:00:00,Meeting with Signalops Inc — RevOS Starter,
1477,160,meeting,2026-09-25T00:00:00,Meeting with Signalops Inc — RevOS Starter,
1478,160,email,2026-06-24T00:00:00,Email with Signalops Inc — RevOS Starter,
1479,161,note,2026-09-12T00:00:00,Note with Fusionware Inc — RevOS Pro,
1480,161,email,2026-08-26T00:00:00,Email with Fusionware Inc — RevOS Pro,
1481,161,email,2026-08-01T00:00:00,Email with Fusionware Inc — RevOS Pro,
1482,161,email,2026-07-21T00:00:00,Email with Fusionware Inc — RevOS Pro,
1483,161,meeting,2026-10-01T00:00:00,Meeting with Fusionware Inc — RevOS Pro,
1484,162,meeting,2026-05-26T00:00:00,Meeting with Junctionai Inc — RevOS API,
1485,162,email,2026-09-05T00:00:00,Email with Junctionai Inc — RevOS API,
1486,162,meeting,2026-06-16T00:00:00,Meeting with Junctionai Inc — RevOS API,
1487,162,call,2026-06-07T00:00:00,Call with Junctionai Inc — RevOS API,
1488,162,email,2026-06-29T00:00:00,Email with Junctionai Inc — RevOS API,
1489,162,email,2026-08-21T00:00:00,Email with Junctionai Inc — RevOS API,
1490,162,email,2026-07-21T00:00:00,Email with Junctionai Inc — RevOS API,
1491,162,email,2026-09-03T00:00:00,Email with Junctionai Inc — RevOS API,
1492,162,call,2026-07-05T00:00:00,Call with Junctionai Inc — RevOS API,
1493,163,meeting,2026-09-13T00:00:00,Meeting with Stratosai Inc — RevOS API,
1494,163,call,2026-07-16T00:00:00,Call with Stratosai Inc — RevOS API,
1495,163,call,2026-07-26T00:00:00,Call with Stratosai Inc — RevOS API,
1496,163,email,2026-05-04T00:00:00,Email with Stratosai Inc — RevOS API,
1497,163,email,2026-06-09T00:00:00,Email with Stratosai Inc — RevOS API,
1498,164,call,2026-04-16T00:00:00,Call with Nexatech Inc — RevOS Analytics,
1499,164,call,2026-05-22T00:00:00,Call with Nexatech Inc — RevOS Analytics,
1500,164,email,2026-04-10T00:00:00,Email with Nexatech Inc — RevOS Analytics,
1501,164,meeting,2026-07-25T00:00:00,Meeting with Nexatech Inc — RevOS Analytics,
1502,164,call,2026-08-02T00:00:00,Call with Nexatech Inc — RevOS Analytics,
1503,164,note,2026-06-13T00:00:00,Note with Nexatech Inc — RevOS Analytics,
1504,164,email,2026-08-14T00:00:00,Email with Nexatech Inc — RevOS Analytics,
1505,164,call,2026-06-05T00:00:00,Call with Nexatech Inc — RevOS Analytics,
1506,164,email,2026-05-18T00:00:00,Email with Nexatech Inc — RevOS Analytics,
1507,164,call,2026-05-01T00:00:00,Call with Nexatech Inc — RevOS Analytics,
1508,164,meeting,2026-05-10T00:00:00,Meeting with Nexatech Inc — RevOS Analytics,
1509,164,call,2026-07-19T00:00:00,Call with Nexatech Inc — RevOS Analytics,
1510,164,email,2026-06-03T00:00:00,Email with Nexatech Inc — RevOS Analytics,
1511,165,call,2026-09-15T00:00:00,Call with Hyperion Inc — RevOS Analytics,
1512,165,meeting,2026-05-14T00:00:00,Meeting with Hyperion Inc — RevOS Analytics,
1513,165,call,2026-08-22T00:00:00,Call with Hyperion Inc — RevOS Analytics,
1514,165,meeting,2026-08-06T00:00:00,Meeting with Hyperion Inc — RevOS Analytics,
1515,165,email,2026-06-06T00:00:00,Email with Hyperion Inc — RevOS Analytics,
1516,165,call,2026-07-29T00:00:00,Call with Hyperion Inc — RevOS Analytics,
1517,165,email,2026-06-13T00:00:00,Email with Hyperion Inc — RevOS Analytics,
1518,165,email,2026-05-21T00:00:00,Email with Hyperion Inc — RevOS Analytics,
1519,165,meeting,2026-09-26T00:00:00,Meeting with Hyperion Inc — RevOS Analytics,
1520,165,email,2026-07-19T00:00:00,Email with Hyperion Inc — RevOS Analytics,
1521,165,email,2026-07-06T00:00:00,Email with Hyperion Inc — RevOS Analytics,
1522,165,email,2026-05-22T00:00:00,Email with Hyperion Inc — RevOS Analytics,
1523,165,email,2026-09-24T00:00:00,Email with Hyperion Inc — RevOS Analytics,
1524,165,email,2026-07-13T00:00:00,Email with Hyperion Inc — RevOS Analytics,
1525,166,email,2026-05-17T00:00:00,Email with Nexatech Inc — RevOS Enterpris,
1526,166,note,2026-05-30T00:00:00,Note with Nexatech Inc — RevOS Enterpris,
1527,166,email,2026-09-30T00:00:00,Email with Nexatech Inc — RevOS Enterpris,
1528,166,email,2026-09-09T00:00:00,Email with Nexatech Inc — RevOS Enterpris,
1529,166,email,2026-07-28T00:00:00,Email with Nexatech Inc — RevOS Enterpris,
1530,166,email,2026-07-27T00:00:00,Email with Nexatech Inc — RevOS Enterpris,
1531,167,email,2026-09-13T00:00:00,Email with Globecast Inc — RevOS Starter,
1532,167,call,2026-07-29T00:00:00,Call with Globecast Inc — RevOS Starter,
1533,167,meeting,2026-07-19T00:00:00,Meeting with Globecast Inc — RevOS Starter,
1534,167,email,2026-09-09T00:00:00,Email with Globecast Inc — RevOS Starter,
1535,167,meeting,2026-06-25T00:00:00,Meeting with Globecast Inc — RevOS Starter,
1536,167,email,2026-06-21T00:00:00,Email with Globecast Inc — RevOS Starter,
1537,167,meeting,2026-10-01T00:00:00,Meeting with Globecast Inc — RevOS Starter,
1538,167,call,2026-06-21T00:00:00,Call with Globecast Inc — RevOS Starter,
1539,168,email,2026-06-05T00:00:00,Email with Windrose Inc — RevOS Analytics,
1540,168,call,2026-08-03T00:00:00,Call with Windrose Inc — RevOS Analytics,
1541,168,email,2026-05-07T00:00:00,Email with Windrose Inc — RevOS Analytics,
1542,168,meeting,2026-06-05T00:00:00,Meeting with Windrose Inc — RevOS Analytics,
1543,168,note,2026-05-18T00:00:00,Note with Windrose Inc — RevOS Analytics,
1544,168,note,2026-05-21T00:00:00,Note with Windrose Inc — RevOS Analytics,
1545,168,note,2026-06-26T00:00:00,Note with Windrose Inc — RevOS Analytics,
1546,168,meeting,2026-06-03T00:00:00,Meeting with Windrose Inc — RevOS Analytics,
1547,168,note,2026-06-08T00:00:00,Note with Windrose Inc — RevOS Analytics,
1548,168,call,2026-09-03T00:00:00,Call with Windrose Inc — RevOS Analytics,
1549,168,meeting,2026-09-30T00:00:00,Meeting with Windrose Inc — RevOS Analytics,
1550,168,call,2026-07-24T00:00:00,Call with Windrose Inc — RevOS Analytics,
1551,168,email,2026-05-31T00:00:00,Email with Windrose Inc — RevOS Analytics,
1552,168,call,2026-07-29T00:00:00,Call with Windrose Inc — RevOS Analytics,
1553,168,email,2026-08-16T00:00:00,Email with Windrose Inc — RevOS Analytics,
1554,169,email,2026-08-28T00:00:00,Email with Raptorx Inc — RevOS Pro,
1555,169,note,2026-06-09T00:00:00,Note with Raptorx Inc — RevOS Pro,
1556,169,email,2026-09-25T00:00:00,Email with Raptorx Inc — RevOS Pro,
1557,169,email,2026-05-24T00:00:00,Email with Raptorx Inc — RevOS Pro,
1558,169,call,2026-08-08T00:00:00,Call with Raptorx Inc — RevOS Pro,
1559,169,call,2026-06-12T00:00:00,Call with Raptorx Inc — RevOS Pro,
1560,169,email,2026-09-14T00:00:00,Email with Raptorx Inc — RevOS Pro,
1561,169,email,2026-08-04T00:00:00,Email with Raptorx Inc — RevOS Pro,
1562,169,call,2026-07-31T00:00:00,Call with Raptorx Inc — RevOS Pro,
1563,169,email,2026-08-19T00:00:00,Email with Raptorx Inc — RevOS Pro,
1564,169,meeting,2026-07-05T00:00:00,Meeting with Raptorx Inc — RevOS Pro,
1565,169,email,2026-09-15T00:00:00,Email with Raptorx Inc — RevOS Pro,
1566,169,note,2026-09-19T00:00:00,Note with Raptorx Inc — RevOS Pro,
1567,169,meeting,2026-09-11T00:00:00,Meeting with Raptorx Inc — RevOS Pro,
1568,170,note,2026-08-14T00:00:00,Note with Zenithops Inc — RevOS Enterpri,
1569,170,email,2026-09-30T00:00:00,Email with Zenithops Inc — RevOS Enterpri,
1570,170,call,2026-09-04T00:00:00,Call with Zenithops Inc — RevOS Enterpri,
1571,170,call,2026-08-15T00:00:00,Call with Zenithops Inc — RevOS Enterpri,
1572,170,email,2026-09-08T00:00:00,Email with Zenithops Inc — RevOS Enterpri,
1573,171,call,2026-09-24T00:00:00,Call with Vantagepoint Inc — RevOS Start,
1574,171,note,2026-09-19T00:00:00,Note with Vantagepoint Inc — RevOS Start,
1575,171,call,2026-09-12T00:00:00,Call with Vantagepoint Inc — RevOS Start,
1576,171,email,2026-10-01T00:00:00,Email with Vantagepoint Inc — RevOS Start,
1577,171,meeting,2026-09-18T00:00:00,Meeting with Vantagepoint Inc — RevOS Start,
1578,171,email,2026-09-28T00:00:00,Email with Vantagepoint Inc — RevOS Start,
1579,171,email,2026-09-14T00:00:00,Email with Vantagepoint Inc — RevOS Start,
1580,171,call,2026-09-16T00:00:00,Call with Vantagepoint Inc — RevOS Start,
1581,171,email,2026-09-13T00:00:00,Email with Vantagepoint Inc — RevOS Start,
1582,171,meeting,2026-09-25T00:00:00,Meeting with Vantagepoint Inc — RevOS Start,
1583,171,call,2026-09-22T00:00:00,Call with Vantagepoint Inc — RevOS Start,
1584,171,call,2026-10-01T00:00:00,Call with Vantagepoint Inc — RevOS Start,
1585,171,email,2026-09-25T00:00:00,Email with Vantagepoint Inc — RevOS Start,
1586,172,note,2026-07-20T00:00:00,Note with Signalops Inc — RevOS Enterpri,
1587,172,meeting,2026-08-26T00:00:00,Meeting with Signalops Inc — RevOS Enterpri,
1588,172,call,2026-08-01T00:00:00,Call with Signalops Inc — RevOS Enterpri,
1589,172,email,2026-07-15T00:00:00,Email with Signalops Inc — RevOS Enterpri,
1590,172,call,2026-09-22T00:00:00,Call with Signalops Inc — RevOS Enterpri,
1591,173,email,2026-09-23T00:00:00,Email with Deltaforce Inc — RevOS Starter,
1592,173,email,2026-09-21T00:00:00,Email with Deltaforce Inc — RevOS Starter,
1593,173,note,2026-08-13T00:00:00,Note with Deltaforce Inc — RevOS Starter,
1594,173,call,2026-08-12T00:00:00,Call with Deltaforce Inc — RevOS Starter,
1595,173,call,2026-09-03T00:00:00,Call with Deltaforce Inc — RevOS Starter,
1596,173,email,2026-09-11T00:00:00,Email with Deltaforce Inc — RevOS Starter,
1597,173,meeting,2026-09-09T00:00:00,Meeting with Deltaforce Inc — RevOS Starter,
1598,173,email,2026-09-23T00:00:00,Email with Deltaforce Inc — RevOS Starter,
1599,173,note,2026-08-21T00:00:00,Note with Deltaforce Inc — RevOS Starter,
1600,173,email,2026-09-17T00:00:00,Email with Deltaforce Inc — RevOS Starter,
1601,173,email,2026-08-16T00:00:00,Email with Deltaforce Inc — RevOS Starter,
1602,173,email,2026-08-02T00:00:00,Email with Deltaforce Inc — RevOS Starter,
1603,173,email,2026-08-04T00:00:00,Email with Deltaforce Inc — RevOS Starter,
1604,173,note,2026-09-20T00:00:00,Note with Deltaforce Inc — RevOS Starter,
1605,174,meeting,2026-07-24T00:00:00,Meeting with Corelogic Inc — RevOS Pro,
1606,174,email,2026-07-30T00:00:00,Email with Corelogic Inc — RevOS Pro,
1607,174,email,2026-07-03T00:00:00,Email with Corelogic Inc — RevOS Pro,
1608,174,email,2026-08-20T00:00:00,Email with Corelogic Inc — RevOS Pro,
1609,174,email,2026-10-01T00:00:00,Email with Corelogic Inc — RevOS Pro,
1610,174,email,2026-07-22T00:00:00,Email with Corelogic Inc — RevOS Pro,
1611,174,call,2026-08-19T00:00:00,Call with Corelogic Inc — RevOS Pro,
1612,174,meeting,2026-09-03T00:00:00,Meeting with Corelogic Inc — RevOS Pro,
1613,174,note,2026-07-17T00:00:00,Note with Corelogic Inc — RevOS Pro,
1614,174,email,2026-08-21T00:00:00,Email with Corelogic Inc — RevOS Pro,
1615,174,call,2026-09-23T00:00:00,Call with Corelogic Inc — RevOS Pro,
1616,175,meeting,2026-09-17T00:00:00,Meeting with Growthloop Inc — RevOS Starter,
1617,175,email,2026-09-22T00:00:00,Email with Growthloop Inc — RevOS Starter,
1618,175,call,2026-10-01T00:00:00,Call with Growthloop Inc — RevOS Starter,
1619,176,meeting,2026-09-09T00:00:00,Meeting with Novabridge Inc — RevOS Analyti,
1620,176,email,2026-09-08T00:00:00,Email with Novabridge Inc — RevOS Analyti,
1621,176,note,2026-09-26T00:00:00,Note with Novabridge Inc — RevOS Analyti,
1622,176,note,2026-10-01T00:00:00,Note with Novabridge Inc — RevOS Analyti,
1623,176,meeting,2026-08-13T00:00:00,Meeting with Novabridge Inc — RevOS Analyti,
1624,177,email,2026-07-27T00:00:00,Email with Uplinkai Inc — RevOS Pro,
1625,177,email,2026-09-05T00:00:00,Email with Uplinkai Inc — RevOS Pro,
1626,177,note,2026-08-01T00:00:00,Note with Uplinkai Inc — RevOS Pro,
1627,177,email,2026-09-22T00:00:00,Email with Uplinkai Inc — RevOS Pro,
1628,177,call,2026-08-01T00:00:00,Call with Uplinkai Inc — RevOS Pro,
1629,177,email,2026-08-18T00:00:00,Email with Uplinkai Inc — RevOS Pro,
1630,177,meeting,2026-07-02T00:00:00,Meeting with Uplinkai Inc — RevOS Pro,
1631,177,call,2026-06-29T00:00:00,Call with Uplinkai Inc — RevOS Pro,
1632,177,meeting,2026-08-13T00:00:00,Meeting with Uplinkai Inc — RevOS Pro,
1633,177,email,2026-08-20T00:00:00,Email with Uplinkai Inc — RevOS Pro,
1634,177,email,2026-07-19T00:00:00,Email with Uplinkai Inc — RevOS Pro,
1635,177,note,2026-06-29T00:00:00,Note with Uplinkai Inc — RevOS Pro,
1636,177,note,2026-08-17T00:00:00,Note with Uplinkai Inc — RevOS Pro,
1637,178,email,2026-09-27T00:00:00,Email with Maplesoft Inc — RevOS API,
1638,178,call,2026-09-25T00:00:00,Call with Maplesoft Inc — RevOS API,
1639,178,meeting,2026-09-19T00:00:00,Meeting with Maplesoft Inc — RevOS API,
1640,178,call,2026-09-30T00:00:00,Call with Maplesoft Inc — RevOS API,
1641,178,email,2026-09-27T00:00:00,Email with Maplesoft Inc — RevOS API,
1642,178,call,2026-09-29T00:00:00,Call with Maplesoft Inc — RevOS API,
1643,178,email,2026-09-26T00:00:00,Email with Maplesoft Inc — RevOS API,
1644,178,call,2026-09-21T00:00:00,Call with Maplesoft Inc — RevOS API,
1645,179,call,2026-08-14T00:00:00,Call with Prismdata Inc — RevOS Pro,
1646,179,call,2026-08-12T00:00:00,Call with Prismdata Inc — RevOS Pro,
1647,179,email,2026-09-09T00:00:00,Email with Prismdata Inc — RevOS Pro,
1648,179,call,2026-09-16T00:00:00,Call with Prismdata Inc — RevOS Pro,
1649,179,note,2026-08-04T00:00:00,Note with Prismdata Inc — RevOS Pro,
1650,179,email,2026-08-05T00:00:00,Email with Prismdata Inc — RevOS Pro,
1651,179,call,2026-07-25T00:00:00,Call with Prismdata Inc — RevOS Pro,
1652,179,email,2026-09-13T00:00:00,Email with Prismdata Inc — RevOS Pro,
1653,180,call,2026-09-26T00:00:00,Call with Keystone Inc — RevOS Pro,
1654,180,email,2026-09-12T00:00:00,Email with Keystone Inc — RevOS Pro,
1655,180,call,2026-09-06T00:00:00,Call with Keystone Inc — RevOS Pro,
1656,180,email,2026-09-29T00:00:00,Email with Keystone Inc — RevOS Pro,
1657,180,note,2026-08-27T00:00:00,Note with Keystone Inc — RevOS Pro,
1658,180,email,2026-08-22T00:00:00,Email with Keystone Inc — RevOS Pro,
1659,180,call,2026-09-07T00:00:00,Call with Keystone Inc — RevOS Pro,
1660,180,email,2026-08-16T00:00:00,Email with Keystone Inc — RevOS Pro,
1661,180,note,2026-09-08T00:00:00,Note with Keystone Inc — RevOS Pro,
1662,180,note,2026-08-31T00:00:00,Note with Keystone Inc — RevOS Pro,
1663,180,call,2026-09-07T00:00:00,Call with Keystone Inc — RevOS Pro,
1664,180,call,2026-09-30T00:00:00,Call with Keystone Inc — RevOS Pro,
1665,180,meeting,2026-09-28T00:00:00,Meeting with Keystone Inc — RevOS Pro,
1666,180,note,2026-08-09T00:00:00,Note with Keystone Inc — RevOS Pro,
1667,181,call,2026-07-13T00:00:00,Call with Zenithops Inc — RevOS API,
1668,181,note,2026-07-24T00:00:00,Note with Zenithops Inc — RevOS API,
1669,181,email,2026-07-23T00:00:00,Email with Zenithops Inc — RevOS API,
1670,181,meeting,2026-08-31T00:00:00,Meeting with Zenithops Inc — RevOS API,
1671,181,note,2026-05-18T00:00:00,Note with Zenithops Inc — RevOS API,
1672,181,email,2026-08-31T00:00:00,Email with Zenithops Inc — RevOS API,
1673,181,email,2026-05-23T00:00:00,Email with Zenithops Inc — RevOS API,
1674,181,meeting,2026-08-20T00:00:00,Meeting with Zenithops Inc — RevOS API,
1675,181,meeting,2026-09-26T00:00:00,Meeting with Zenithops Inc — RevOS API,
1676,181,email,2026-08-06T00:00:00,Email with Zenithops Inc — RevOS API,
1677,181,email,2026-09-04T00:00:00,Email with Zenithops Inc — RevOS API,
1678,181,email,2026-08-25T00:00:00,Email with Zenithops Inc — RevOS API,
1679,181,meeting,2026-08-25T00:00:00,Meeting with Zenithops Inc — RevOS API,
1680,181,email,2026-09-03T00:00:00,Email with Zenithops Inc — RevOS API,
1681,181,note,2026-08-24T00:00:00,Note with Zenithops Inc — RevOS API,
1682,182,note,2026-08-04T00:00:00,Note with Nexatech Inc — RevOS Starter,
1683,182,email,2026-08-19T00:00:00,Email with Nexatech Inc — RevOS Starter,
1684,182,email,2026-07-13T00:00:00,Email with Nexatech Inc — RevOS Starter,
1685,182,email,2026-09-24T00:00:00,Email with Nexatech Inc — RevOS Starter,
1686,182,call,2026-06-29T00:00:00,Call with Nexatech Inc — RevOS Starter,
1687,183,meeting,2026-09-20T00:00:00,Meeting with Hyperion Inc — RevOS Starter,
1688,183,note,2026-09-28T00:00:00,Note with Hyperion Inc — RevOS Starter,
1689,183,email,2026-09-25T00:00:00,Email with Hyperion Inc — RevOS Starter,
1690,183,email,2026-09-18T00:00:00,Email with Hyperion Inc — RevOS Starter,
1691,183,email,2026-09-10T00:00:00,Email with Hyperion Inc — RevOS Starter,
1692,183,call,2026-09-08T00:00:00,Call with Hyperion Inc — RevOS Starter,
1693,183,email,2026-09-26T00:00:00,Email with Hyperion Inc — RevOS Starter,
1694,183,meeting,2026-09-27T00:00:00,Meeting with Hyperion Inc — RevOS Starter,
1695,183,call,2026-09-10T00:00:00,Call with Hyperion Inc — RevOS Starter,
1696,183,meeting,2026-09-08T00:00:00,Meeting with Hyperion Inc — RevOS Starter,
1697,183,note,2026-09-12T00:00:00,Note with Hyperion Inc — RevOS Starter,
1698,183,call,2026-09-28T00:00:00,Call with Hyperion Inc — RevOS Starter,
1699,183,email,2026-09-19T00:00:00,Email with Hyperion Inc — RevOS Starter,
1700,183,note,2026-09-28T00:00:00,Note with Hyperion Inc — RevOS Starter,
1701,183,email,2026-09-17T00:00:00,Email with Hyperion Inc — RevOS Starter,
1702,184,meeting,2026-09-14T00:00:00,Meeting with Uplinkai Inc — RevOS Enterpris,
1703,184,email,2026-08-24T00:00:00,Email with Uplinkai Inc — RevOS Enterpris,
1704,184,call,2026-08-30T00:00:00,Call with Uplinkai Inc — RevOS Enterpris,
1705,184,note,2026-09-30T00:00:00,Note with Uplinkai Inc — RevOS Enterpris,
1706,184,email,2026-08-27T00:00:00,Email with Uplinkai Inc — RevOS Enterpris,
1707,184,email,2026-09-28T00:00:00,Email with Uplinkai Inc — RevOS Enterpris,
1708,185,email,2026-07-04T00:00:00,Email with Keystone Inc — RevOS API,
1709,185,email,2026-06-21T00:00:00,Email with Keystone Inc — RevOS API,
1710,185,meeting,2026-07-31T00:00:00,Meeting with Keystone Inc — RevOS API,
1711,185,meeting,2026-09-22T00:00:00,Meeting with Keystone Inc — RevOS API,
1712,185,email,2026-07-18T00:00:00,Email with Keystone Inc — RevOS API,
1713,186,call,2026-07-28T00:00:00,Call with Keystone Inc — RevOS Pro,
1714,186,note,2026-09-26T00:00:00,Note with Keystone Inc — RevOS Pro,
1715,186,email,2026-08-04T00:00:00,Email with Keystone Inc — RevOS Pro,
1716,186,email,2026-09-17T00:00:00,Email with Keystone Inc — RevOS Pro,
1717,186,call,2026-09-04T00:00:00,Call with Keystone Inc — RevOS Pro,
1718,186,meeting,2026-09-21T00:00:00,Meeting with Keystone Inc — RevOS Pro,
1719,186,email,2026-08-18T00:00:00,Email with Keystone Inc — RevOS Pro,
1720,186,meeting,2026-08-17T00:00:00,Meeting with Keystone Inc — RevOS Pro,
1721,186,email,2026-07-30T00:00:00,Email with Keystone Inc — RevOS Pro,
1722,186,note,2026-09-07T00:00:00,Note with Keystone Inc — RevOS Pro,
1723,186,note,2026-09-25T00:00:00,Note with Keystone Inc — RevOS Pro,
1724,186,email,2026-07-26T00:00:00,Email with Keystone Inc — RevOS Pro,
1725,186,note,2026-08-27T00:00:00,Note with Keystone Inc — RevOS Pro,
1726,186,call,2026-08-19T00:00:00,Call with Keystone Inc — RevOS Pro,
1727,186,call,2026-07-28T00:00:00,Call with Keystone Inc — RevOS Pro,
1728,187,email,2026-05-17T00:00:00,Email with Logicworks Inc — RevOS Enterpr,
1729,187,email,2026-07-10T00:00:00,Email with Logicworks Inc — RevOS Enterpr,
1730,187,email,2026-06-02T00:00:00,Email with Logicworks Inc — RevOS Enterpr,
1731,187,email,2026-05-13T00:00:00,Email with Logicworks Inc — RevOS Enterpr,
1732,187,email,2026-05-10T00:00:00,Email with Logicworks Inc — RevOS Enterpr,
1733,187,email,2026-08-09T00:00:00,Email with Logicworks Inc — RevOS Enterpr,
1734,187,email,2026-05-01T00:00:00,Email with Logicworks Inc — RevOS Enterpr,
1735,187,meeting,2026-08-27T00:00:00,Meeting with Logicworks Inc — RevOS Enterpr,
1736,187,meeting,2026-08-05T00:00:00,Meeting with Logicworks Inc — RevOS Enterpr,
1737,187,call,2026-08-12T00:00:00,Call with Logicworks Inc — RevOS Enterpr,
1738,187,note,2026-07-19T00:00:00,Note with Logicworks Inc — RevOS Enterpr,
1739,187,email,2026-06-11T00:00:00,Email with Logicworks Inc — RevOS Enterpr,
1740,187,meeting,2026-09-30T00:00:00,Meeting with Logicworks Inc — RevOS Enterpr,
1741,187,note,2026-06-18T00:00:00,Note with Logicworks Inc — RevOS Enterpr,
1742,187,call,2026-05-04T00:00:00,Call with Logicworks Inc — RevOS Enterpr,
1743,188,email,2026-07-31T00:00:00,Email with Globecast Inc — RevOS Enterpri,
1744,188,note,2026-07-04T00:00:00,Note with Globecast Inc — RevOS Enterpri,
1745,188,call,2026-09-14T00:00:00,Call with Globecast Inc — RevOS Enterpri,
1746,188,call,2026-09-04T00:00:00,Call with Globecast Inc — RevOS Enterpri,
1747,188,meeting,2026-07-21T00:00:00,Meeting with Globecast Inc — RevOS Enterpri,
1748,188,call,2026-06-09T00:00:00,Call with Globecast Inc — RevOS Enterpri,
1749,188,email,2026-08-30T00:00:00,Email with Globecast Inc — RevOS Enterpri,
1750,188,email,2026-08-11T00:00:00,Email with Globecast Inc — RevOS Enterpri,
1751,188,call,2026-05-29T00:00:00,Call with Globecast Inc — RevOS Enterpri,
1752,188,note,2026-05-21T00:00:00,Note with Globecast Inc — RevOS Enterpri,
1753,188,call,2026-07-16T00:00:00,Call with Globecast Inc — RevOS Enterpri,
1754,188,call,2026-07-27T00:00:00,Call with Globecast Inc — RevOS Enterpri,
1755,188,email,2026-09-25T00:00:00,Email with Globecast Inc — RevOS Enterpri,
1756,188,email,2026-05-20T00:00:00,Email with Globecast Inc — RevOS Enterpri,
1757,188,call,2026-08-03T00:00:00,Call with Globecast Inc — RevOS Enterpri,
1758,189,email,2026-07-31T00:00:00,Email with Acmetech Inc — RevOS Analytics,
1759,189,meeting,2026-06-25T00:00:00,Meeting with Acmetech Inc — RevOS Analytics,
1760,189,email,2026-08-04T00:00:00,Email with Acmetech Inc — RevOS Analytics,
1761,189,email,2026-07-20T00:00:00,Email with Acmetech Inc — RevOS Analytics,
1762,189,meeting,2026-07-21T00:00:00,Meeting with Acmetech Inc — RevOS Analytics,
1763,190,email,2026-07-06T00:00:00,Email with Betaworks Inc — RevOS Analytic,
1764,190,meeting,2026-09-05T00:00:00,Meeting with Betaworks Inc — RevOS Analytic,
1765,190,call,2026-06-11T00:00:00,Call with Betaworks Inc — RevOS Analytic,
1766,190,email,2026-07-20T00:00:00,Email with Betaworks Inc — RevOS Analytic,
1767,190,call,2026-06-06T00:00:00,Call with Betaworks Inc — RevOS Analytic,
1768,190,call,2026-05-09T00:00:00,Call with Betaworks Inc — RevOS Analytic,
1769,190,note,2026-09-15T00:00:00,Note with Betaworks Inc — RevOS Analytic,
1770,190,email,2026-10-01T00:00:00,Email with Betaworks Inc — RevOS Analytic,
1771,190,call,2026-09-25T00:00:00,Call with Betaworks Inc — RevOS Analytic,
1772,190,email,2026-08-02T00:00:00,Email with Betaworks Inc — RevOS Analytic,
1773,190,email,2026-07-03T00:00:00,Email with Betaworks Inc — RevOS Analytic,
1774,190,meeting,2026-04-25T00:00:00,Meeting with Betaworks Inc — RevOS Analytic,
1775,190,email,2026-08-18T00:00:00,Email with Betaworks Inc — RevOS Analytic,
1776,190,call,2026-06-22T00:00:00,Call with Betaworks Inc — RevOS Analytic,
1777,191,email,2026-09-21T00:00:00,Email with Prismdata Inc — RevOS Starter,
1778,191,call,2026-09-17T00:00:00,Call with Prismdata Inc — RevOS Starter,
1779,191,call,2026-09-14T00:00:00,Call with Prismdata Inc — RevOS Starter,
1780,191,email,2026-09-16T00:00:00,Email with Prismdata Inc — RevOS Starter,
1781,192,note,2026-05-17T00:00:00,Note with Vertexsys Inc — RevOS Pro,
1782,192,email,2026-07-27T00:00:00,Email with Vertexsys Inc — RevOS Pro,
1783,192,email,2026-08-27T00:00:00,Email with Vertexsys Inc — RevOS Pro,
1784,192,note,2026-09-29T00:00:00,Note with Vertexsys Inc — RevOS Pro,
1785,192,email,2026-05-26T00:00:00,Email with Vertexsys Inc — RevOS Pro,
1786,192,email,2026-05-20T00:00:00,Email with Vertexsys Inc — RevOS Pro,
1787,192,meeting,2026-06-09T00:00:00,Meeting with Vertexsys Inc — RevOS Pro,
1788,192,meeting,2026-08-30T00:00:00,Meeting with Vertexsys Inc — RevOS Pro,
1789,192,email,2026-07-25T00:00:00,Email with Vertexsys Inc — RevOS Pro,
1790,192,call,2026-08-12T00:00:00,Call with Vertexsys Inc — RevOS Pro,
1791,192,call,2026-08-04T00:00:00,Call with Vertexsys Inc — RevOS Pro,
1792,192,email,2026-05-28T00:00:00,Email with Vertexsys Inc — RevOS Pro,
1793,192,call,2026-09-09T00:00:00,Call with Vertexsys Inc — RevOS Pro,
1794,192,meeting,2026-06-16T00:00:00,Meeting with Vertexsys Inc — RevOS Pro,
1795,192,email,2026-06-11T00:00:00,Email with Vertexsys Inc — RevOS Pro,
1796,193,email,2026-07-16T00:00:00,Email with Zenithops Inc — RevOS API,
1797,193,note,2026-08-25T00:00:00,Note with Zenithops Inc — RevOS API,
1798,193,email,2026-09-08T00:00:00,Email with Zenithops Inc — RevOS API,
1799,194,meeting,2026-08-12T00:00:00,Meeting with Alphacloud Inc — RevOS Pro,
1800,194,email,2026-09-20T00:00:00,Email with Alphacloud Inc — RevOS Pro,
1801,194,call,2026-09-26T00:00:00,Call with Alphacloud Inc — RevOS Pro,
1802,194,note,2026-07-31T00:00:00,Note with Alphacloud Inc — RevOS Pro,
1803,195,note,2026-08-03T00:00:00,Note with Signalops Inc — RevOS Enterpri,
1804,195,email,2026-07-06T00:00:00,Email with Signalops Inc — RevOS Enterpri,
1805,195,email,2026-08-08T00:00:00,Email with Signalops Inc — RevOS Enterpri,
1806,196,call,2026-09-07T00:00:00,Call with Quantleap Inc — RevOS Starter,
1807,196,email,2026-09-22T00:00:00,Email with Quantleap Inc — RevOS Starter,
1808,196,email,2026-09-08T00:00:00,Email with Quantleap Inc — RevOS Starter,
1809,196,call,2026-06-28T00:00:00,Call with Quantleap Inc — RevOS Starter,
1810,196,email,2026-06-26T00:00:00,Email with Quantleap Inc — RevOS Starter,
1811,196,email,2026-09-29T00:00:00,Email with Quantleap Inc — RevOS Starter,
1812,196,note,2026-08-24T00:00:00,Note with Quantleap Inc — RevOS Starter,
1813,196,call,2026-08-02T00:00:00,Call with Quantleap Inc — RevOS Starter,
1814,197,call,2026-06-27T00:00:00,Call with Omnilayer Inc — RevOS Pro,
1815,197,call,2026-07-12T00:00:00,Call with Omnilayer Inc — RevOS Pro,
1816,197,call,2026-09-04T00:00:00,Call with Omnilayer Inc — RevOS Pro,
1817,197,email,2026-07-17T00:00:00,Email with Omnilayer Inc — RevOS Pro,
1818,197,call,2026-09-13T00:00:00,Call with Omnilayer Inc — RevOS Pro,
1819,197,email,2026-06-23T00:00:00,Email with Omnilayer Inc — RevOS Pro,
1820,197,meeting,2026-07-19T00:00:00,Meeting with Omnilayer Inc — RevOS Pro,
1821,197,call,2026-07-27T00:00:00,Call with Omnilayer Inc — RevOS Pro,
1822,197,email,2026-10-01T00:00:00,Email with Omnilayer Inc — RevOS Pro,
1823,197,meeting,2026-09-02T00:00:00,Meeting with Omnilayer Inc — RevOS Pro,
1824,197,meeting,2026-07-08T00:00:00,Meeting with Omnilayer Inc — RevOS Pro,
1825,197,note,2026-06-21T00:00:00,Note with Omnilayer Inc — RevOS Pro,
1826,197,email,2026-06-19T00:00:00,Email with Omnilayer Inc — RevOS Pro,
1827,198,call,2026-07-27T00:00:00,Call with Corelogic Inc — RevOS API,
1828,198,email,2026-08-18T00:00:00,Email with Corelogic Inc — RevOS API,
1829,198,email,2026-07-13T00:00:00,Email with Corelogic Inc — RevOS API,
1830,198,meeting,2026-09-13T00:00:00,Meeting with Corelogic Inc — RevOS API,
1831,198,note,2026-09-03T00:00:00,Note with Corelogic Inc — RevOS API,
1832,198,meeting,2026-08-08T00:00:00,Meeting with Corelogic Inc — RevOS API,
1833,198,email,2026-09-21T00:00:00,Email with Corelogic Inc — RevOS API,
1834,198,email,2026-09-02T00:00:00,Email with Corelogic Inc — RevOS API,
1835,198,email,2026-07-16T00:00:00,Email with Corelogic Inc — RevOS API,
1836,198,email,2026-08-15T00:00:00,Email with Corelogic Inc — RevOS API,
1837,198,note,2026-08-26T00:00:00,Note with Corelogic Inc — RevOS API,
1838,198,email,2026-09-03T00:00:00,Email with Corelogic Inc — RevOS API,
1839,198,email,2026-08-20T00:00:00,Email with Corelogic Inc — RevOS API,
1840,199,email,2026-09-02T00:00:00,Email with Logicworks Inc — RevOS Pro,
1841,199,note,2026-08-25T00:00:00,Note with Logicworks Inc — RevOS Pro,
1842,199,call,2026-09-11T00:00:00,Call with Logicworks Inc — RevOS Pro,
1843,199,call,2026-08-15T00:00:00,Call with Logicworks Inc — RevOS Pro,
1844,199,meeting,2026-08-12T00:00:00,Meeting with Logicworks Inc — RevOS Pro,
1845,199,email,2026-08-21T00:00:00,Email with Logicworks Inc — RevOS Pro,
1846,199,email,2026-09-04T00:00:00,Email with Logicworks Inc — RevOS Pro,
1847,200,meeting,2026-09-11T00:00:00,Meeting with Alphacloud Inc — RevOS API,
1848,200,email,2026-09-08T00:00:00,Email with Alphacloud Inc — RevOS API,
1849,200,note,2026-07-28T00:00:00,Note with Alphacloud Inc — RevOS API,
1850,201,call,2026-08-19T00:00:00,Call with Terraflow Inc — RevOS Pro,
1851,201,email,2026-06-28T00:00:00,Email with Terraflow Inc — RevOS Pro,
1852,201,call,2026-09-08T00:00:00,Call with Terraflow Inc — RevOS Pro,
1853,201,call,2026-06-03T00:00:00,Call with Terraflow Inc — RevOS Pro,
1854,202,email,2026-06-19T00:00:00,Email with Raptorx Inc — RevOS Starter,
1855,202,meeting,2026-08-30T00:00:00,Meeting with Raptorx Inc — RevOS Starter,
1856,202,email,2026-09-10T00:00:00,Email with Raptorx Inc — RevOS Starter,
1857,202,call,2026-07-12T00:00:00,Call with Raptorx Inc — RevOS Starter,
1858,202,call,2026-08-03T00:00:00,Call with Raptorx Inc — RevOS Starter,
1859,202,call,2026-09-28T00:00:00,Call with Raptorx Inc — RevOS Starter,
1860,202,meeting,2026-06-21T00:00:00,Meeting with Raptorx Inc — RevOS Starter,
1861,202,note,2026-07-27T00:00:00,Note with Raptorx Inc — RevOS Starter,
1862,203,email,2026-08-11T00:00:00,Email with Vertexsys Inc — RevOS Starter,
1863,203,call,2026-08-01T00:00:00,Call with Vertexsys Inc — RevOS Starter,
1864,203,email,2026-08-27T00:00:00,Email with Vertexsys Inc — RevOS Starter,
1865,203,email,2026-08-09T00:00:00,Email with Vertexsys Inc — RevOS Starter,
1866,203,email,2026-09-17T00:00:00,Email with Vertexsys Inc — RevOS Starter,
1867,203,email,2026-08-09T00:00:00,Email with Vertexsys Inc — RevOS Starter,
1868,204,call,2026-07-28T00:00:00,Call with Wavefront Inc — RevOS Analytic,
1869,204,meeting,2026-07-15T00:00:00,Meeting with Wavefront Inc — RevOS Analytic,
1870,204,call,2026-08-07T00:00:00,Call with Wavefront Inc — RevOS Analytic,
1871,204,call,2026-09-22T00:00:00,Call with Wavefront Inc — RevOS Analytic,
1872,204,email,2026-09-25T00:00:00,Email with Wavefront Inc — RevOS Analytic,
1873,204,call,2026-07-17T00:00:00,Call with Wavefront Inc — RevOS Analytic,
1874,204,call,2026-09-21T00:00:00,Call with Wavefront Inc — RevOS Analytic,
1875,204,email,2026-09-26T00:00:00,Email with Wavefront Inc — RevOS Analytic,
1876,204,email,2026-09-20T00:00:00,Email with Wavefront Inc — RevOS Analytic,
1877,204,meeting,2026-08-03T00:00:00,Meeting with Wavefront Inc — RevOS Analytic,
1878,204,email,2026-07-15T00:00:00,Email with Wavefront Inc — RevOS Analytic,
1879,204,email,2026-08-21T00:00:00,Email with Wavefront Inc — RevOS Analytic,
1880,204,meeting,2026-06-25T00:00:00,Meeting with Wavefront Inc — RevOS Analytic,
1881,204,email,2026-08-17T00:00:00,Email with Wavefront Inc — RevOS Analytic,
1882,205,note,2026-07-29T00:00:00,Note with Omnilayer Inc — RevOS Starter,
1883,205,meeting,2026-07-05T00:00:00,Meeting with Omnilayer Inc — RevOS Starter,
1884,205,call,2026-05-25T00:00:00,Call with Omnilayer Inc — RevOS Starter,
1885,205,call,2026-09-21T00:00:00,Call with Omnilayer Inc — RevOS Starter,
1886,205,note,2026-09-25T00:00:00,Note with Omnilayer Inc — RevOS Starter,
1887,206,email,2026-06-08T00:00:00,Email with Terraflow Inc — RevOS Analytic,
1888,206,call,2026-05-15T00:00:00,Call with Terraflow Inc — RevOS Analytic,
1889,206,meeting,2026-07-24T00:00:00,Meeting with Terraflow Inc — RevOS Analytic,
1890,206,call,2026-09-22T00:00:00,Call with Terraflow Inc — RevOS Analytic,
1891,206,meeting,2026-06-17T00:00:00,Meeting with Terraflow Inc — RevOS Analytic,
1892,206,email,2026-06-05T00:00:00,Email with Terraflow Inc — RevOS Analytic,
1893,206,call,2026-08-04T00:00:00,Call with Terraflow Inc — RevOS Analytic,
1894,206,note,2026-08-08T00:00:00,Note with Terraflow Inc — RevOS Analytic,
1895,206,meeting,2026-07-15T00:00:00,Meeting with Terraflow Inc — RevOS Analytic,
1896,206,email,2026-07-14T00:00:00,Email with Terraflow Inc — RevOS Analytic,
1897,207,email,2026-08-19T00:00:00,Email with Kinetiq Inc — RevOS API,
1898,207,note,2026-08-14T00:00:00,Note with Kinetiq Inc — RevOS API,
1899,207,email,2026-09-21T00:00:00,Email with Kinetiq Inc — RevOS API,
1900,208,meeting,2026-09-13T00:00:00,Meeting with Yieldmax Inc — RevOS API,
1901,208,email,2026-07-11T00:00:00,Email with Yieldmax Inc — RevOS API,
1902,208,note,2026-08-30T00:00:00,Note with Yieldmax Inc — RevOS API,
1903,208,note,2026-10-01T00:00:00,Note with Yieldmax Inc — RevOS API,
1904,208,call,2026-08-23T00:00:00,Call with Yieldmax Inc — RevOS API,
1905,208,call,2026-08-09T00:00:00,Call with Yieldmax Inc — RevOS API,
1906,208,email,2026-09-02T00:00:00,Email with Yieldmax Inc — RevOS API,
1907,208,email,2026-07-20T00:00:00,Email with Yieldmax Inc — RevOS API,
1908,208,call,2026-08-26T00:00:00,Call with Yieldmax Inc — RevOS API,
1909,208,note,2026-08-13T00:00:00,Note with Yieldmax Inc — RevOS API,
1910,208,note,2026-09-16T00:00:00,Note with Yieldmax Inc — RevOS API,
1911,208,note,2026-09-04T00:00:00,Note with Yieldmax Inc — RevOS API,
1912,208,email,2026-09-14T00:00:00,Email with Yieldmax Inc — RevOS API,
1913,209,note,2026-09-18T00:00:00,Note with Novabridge Inc — RevOS Starter,
1914,209,call,2026-09-21T00:00:00,Call with Novabridge Inc — RevOS Starter,
1915,209,email,2026-09-13T00:00:00,Email with Novabridge Inc — RevOS Starter,
1916,209,call,2026-08-29T00:00:00,Call with Novabridge Inc — RevOS Starter,
1917,209,meeting,2026-09-17T00:00:00,Meeting with Novabridge Inc — RevOS Starter,
1918,209,call,2026-09-03T00:00:00,Call with Novabridge Inc — RevOS Starter,
1919,209,call,2026-09-25T00:00:00,Call with Novabridge Inc — RevOS Starter,
1920,209,email,2026-09-18T00:00:00,Email with Novabridge Inc — RevOS Starter,
1921,209,call,2026-08-27T00:00:00,Call with Novabridge Inc — RevOS Starter,
1922,209,call,2026-09-05T00:00:00,Call with Novabridge Inc — RevOS Starter,
1923,209,call,2026-09-05T00:00:00,Call with Novabridge Inc — RevOS Starter,
1924,209,call,2026-09-14T00:00:00,Call with Novabridge Inc — RevOS Starter,
1925,209,email,2026-09-06T00:00:00,Email with Novabridge Inc — RevOS Starter,
1926,210,meeting,2026-07-25T00:00:00,Meeting with Terraflow Inc — RevOS Enterpri,
1927,210,call,2026-07-18T00:00:00,Call with Terraflow Inc — RevOS Enterpri,
1928,210,email,2026-08-13T00:00:00,Email with Terraflow Inc — RevOS Enterpri,
1929,210,email,2026-09-30T00:00:00,Email with Terraflow Inc — RevOS Enterpri,
1930,210,email,2026-09-17T00:00:00,Email with Terraflow Inc — RevOS Enterpri,
1931,210,email,2026-09-10T00:00:00,Email with Terraflow Inc — RevOS Enterpri,
1932,210,email,2026-07-17T00:00:00,Email with Terraflow Inc — RevOS Enterpri,
1933,211,note,2026-07-23T00:00:00,Note with Uplinkai Inc — RevOS API,
1934,211,note,2026-09-17T00:00:00,Note with Uplinkai Inc — RevOS API,
1935,211,note,2026-09-02T00:00:00,Note with Uplinkai Inc — RevOS API,
1936,211,email,2026-08-19T00:00:00,Email with Uplinkai Inc — RevOS API,
1937,211,meeting,2026-06-20T00:00:00,Meeting with Uplinkai Inc — RevOS API,
1938,212,call,2026-08-21T00:00:00,Call with Keystone Inc — RevOS Pro,
1939,212,email,2026-08-06T00:00:00,Email with Keystone Inc — RevOS Pro,
1940,212,call,2026-07-31T00:00:00,Call with Keystone Inc — RevOS Pro,
1941,212,email,2026-09-10T00:00:00,Email with Keystone Inc — RevOS Pro,
1942,212,call,2026-09-14T00:00:00,Call with Keystone Inc — RevOS Pro,
1943,213,note,2026-07-10T00:00:00,Note with Yieldmax Inc — RevOS Analytics,
1944,213,email,2026-07-23T00:00:00,Email with Yieldmax Inc — RevOS Analytics,
1945,213,meeting,2026-08-24T00:00:00,Meeting with Yieldmax Inc — RevOS Analytics,
1946,213,meeting,2026-07-26T00:00:00,Meeting with Yieldmax Inc — RevOS Analytics,
1947,214,meeting,2026-09-17T00:00:00,Meeting with Deltaforce Inc — RevOS Starter,
1948,214,email,2026-08-21T00:00:00,Email with Deltaforce Inc — RevOS Starter,
1949,214,email,2026-09-09T00:00:00,Email with Deltaforce Inc — RevOS Starter,
1950,214,email,2026-08-24T00:00:00,Email with Deltaforce Inc — RevOS Starter,
1951,214,note,2026-09-10T00:00:00,Note with Deltaforce Inc — RevOS Starter,
1952,215,email,2026-09-30T00:00:00,Email with Fusionware Inc — RevOS API,
1953,215,email,2026-09-28T00:00:00,Email with Fusionware Inc — RevOS API,
1954,215,call,2026-09-30T00:00:00,Call with Fusionware Inc — RevOS API,
1955,215,call,2026-09-27T00:00:00,Call with Fusionware Inc — RevOS API,
1956,215,call,2026-09-27T00:00:00,Call with Fusionware Inc — RevOS API,
1957,215,call,2026-09-28T00:00:00,Call with Fusionware Inc — RevOS API,
1958,215,call,2026-09-28T00:00:00,Call with Fusionware Inc — RevOS API,
1959,215,email,2026-09-30T00:00:00,Email with Fusionware Inc — RevOS API,
1960,215,email,2026-09-28T00:00:00,Email with Fusionware Inc — RevOS API,
1961,215,call,2026-09-24T00:00:00,Call with Fusionware Inc — RevOS API,
1962,216,call,2026-09-08T00:00:00,Call with Stratosai Inc — RevOS Enterpri,
1963,216,email,2026-09-16T00:00:00,Email with Stratosai Inc — RevOS Enterpri,
1964,216,note,2026-09-27T00:00:00,Note with Stratosai Inc — RevOS Enterpri,
1965,216,email,2026-09-11T00:00:00,Email with Stratosai Inc — RevOS Enterpri,
1966,216,email,2026-09-18T00:00:00,Email with Stratosai Inc — RevOS Enterpri,
1967,216,call,2026-08-24T00:00:00,Call with Stratosai Inc — RevOS Enterpri,
1968,216,call,2026-09-26T00:00:00,Call with Stratosai Inc — RevOS Enterpri,
1969,217,email,2026-07-27T00:00:00,Email with Xeronova Inc — RevOS Enterpris,
1970,217,email,2026-07-30T00:00:00,Email with Xeronova Inc — RevOS Enterpris,
1971,217,meeting,2026-07-29T00:00:00,Meeting with Xeronova Inc — RevOS Enterpris,
1972,218,meeting,2026-08-26T00:00:00,Meeting with Qubitlabs Inc — RevOS API,
1973,218,email,2026-07-03T00:00:00,Email with Qubitlabs Inc — RevOS API,
1974,218,meeting,2026-09-08T00:00:00,Meeting with Qubitlabs Inc — RevOS API,
1975,218,meeting,2026-09-28T00:00:00,Meeting with Qubitlabs Inc — RevOS API,
1976,218,email,2026-09-23T00:00:00,Email with Qubitlabs Inc — RevOS API,
1977,218,call,2026-07-14T00:00:00,Call with Qubitlabs Inc — RevOS API,
1978,218,email,2026-08-28T00:00:00,Email with Qubitlabs Inc — RevOS API,
1979,218,call,2026-09-20T00:00:00,Call with Qubitlabs Inc — RevOS API,
1980,218,email,2026-07-15T00:00:00,Email with Qubitlabs Inc — RevOS API,
1981,218,meeting,2026-08-04T00:00:00,Meeting with Qubitlabs Inc — RevOS API,
1982,218,meeting,2026-06-26T00:00:00,Meeting with Qubitlabs Inc — RevOS API,
1983,218,meeting,2026-09-13T00:00:00,Meeting with Qubitlabs Inc — RevOS API,
1984,219,email,2026-08-01T00:00:00,Email with Innov8 Inc — RevOS Pro,
1985,219,call,2026-08-08T00:00:00,Call with Innov8 Inc — RevOS Pro,
1986,219,email,2026-08-24T00:00:00,Email with Innov8 Inc — RevOS Pro,
1987,219,email,2026-09-22T00:00:00,Email with Innov8 Inc — RevOS Pro,
1988,220,email,2026-07-26T00:00:00,Email with Relaystack Inc — RevOS Starter,
1989,220,email,2026-09-26T00:00:00,Email with Relaystack Inc — RevOS Starter,
1990,220,call,2026-07-21T00:00:00,Call with Relaystack Inc — RevOS Starter,
1991,220,meeting,2026-06-23T00:00:00,Meeting with Relaystack Inc — RevOS Starter,
1992,220,meeting,2026-09-15T00:00:00,Meeting with Relaystack Inc — RevOS Starter,
1993,220,meeting,2026-07-03T00:00:00,Meeting with Relaystack Inc — RevOS Starter,
1994,220,call,2026-08-26T00:00:00,Call with Relaystack Inc — RevOS Starter,
1995,220,call,2026-08-23T00:00:00,Call with Relaystack Inc — RevOS Starter,
1996,220,email,2026-07-25T00:00:00,Email with Relaystack Inc — RevOS Starter,
1997,220,email,2026-06-02T00:00:00,Email with Relaystack Inc — RevOS Starter,
1998,220,meeting,2026-09-12T00:00:00,Meeting with Relaystack Inc — RevOS Starter,
1999,221,call,2026-05-28T00:00:00,Call with Brightspark Inc — RevOS Enterp,
2000,221,email,2026-09-01T00:00:00,Email with Brightspark Inc — RevOS Enterp,
2001,221,email,2026-08-15T00:00:00,Email with Brightspark Inc — RevOS Enterp,
2002,221,note,2026-05-10T00:00:00,Note with Brightspark Inc — RevOS Enterp,
2003,221,email,2026-08-19T00:00:00,Email with Brightspark Inc — RevOS Enterp,
2004,221,email,2026-06-24T00:00:00,Email with Brightspark Inc — RevOS Enterp,
2005,222,call,2026-06-08T00:00:00,Call with Junctionai Inc — RevOS API,
2006,222,email,2026-08-28T00:00:00,Email with Junctionai Inc — RevOS API,
2007,222,call,2026-07-23T00:00:00,Call with Junctionai Inc — RevOS API,
2008,222,email,2026-08-19T00:00:00,Email with Junctionai Inc — RevOS API,
2009,222,email,2026-07-28T00:00:00,Email with Junctionai Inc — RevOS API,
2010,222,email,2026-09-02T00:00:00,Email with Junctionai Inc — RevOS API,
2011,222,note,2026-08-10T00:00:00,Note with Junctionai Inc — RevOS API,
2012,222,note,2026-09-08T00:00:00,Note with Junctionai Inc — RevOS API,
2013,222,email,2026-09-06T00:00:00,Email with Junctionai Inc — RevOS API,
2014,222,email,2026-06-21T00:00:00,Email with Junctionai Inc — RevOS API,
2015,222,email,2026-09-17T00:00:00,Email with Junctionai Inc — RevOS API,
2016,222,email,2026-09-23T00:00:00,Email with Junctionai Inc — RevOS API,
2017,222,email,2026-05-28T00:00:00,Email with Junctionai Inc — RevOS API,
2018,222,email,2026-06-19T00:00:00,Email with Junctionai Inc — RevOS API,
2019,223,email,2026-09-22T00:00:00,Email with Luminance Inc — RevOS API,
2020,223,email,2026-06-05T00:00:00,Email with Luminance Inc — RevOS API,
2021,223,note,2026-07-17T00:00:00,Note with Luminance Inc — RevOS API,
2022,223,note,2026-05-18T00:00:00,Note with Luminance Inc — RevOS API,
2023,223,email,2026-09-01T00:00:00,Email with Luminance Inc — RevOS API,
2024,223,call,2026-08-29T00:00:00,Call with Luminance Inc — RevOS API,
2025,223,call,2026-06-16T00:00:00,Call with Luminance Inc — RevOS API,
2026,223,meeting,2026-09-07T00:00:00,Meeting with Luminance Inc — RevOS API,
2027,223,email,2026-09-12T00:00:00,Email with Luminance Inc — RevOS API,
2028,223,call,2026-07-22T00:00:00,Call with Luminance Inc — RevOS API,
2029,223,email,2026-09-26T00:00:00,Email with Luminance Inc — RevOS API,
2030,223,email,2026-08-12T00:00:00,Email with Luminance Inc — RevOS API,
2031,223,note,2026-05-08T00:00:00,Note with Luminance Inc — RevOS API,
2032,223,email,2026-06-10T00:00:00,Email with Luminance Inc — RevOS API,
2033,224,call,2026-09-16T00:00:00,Call with Fusionware Inc — RevOS API,
2034,224,email,2026-09-28T00:00:00,Email with Fusionware Inc — RevOS API,
2035,224,note,2026-09-20T00:00:00,Note with Fusionware Inc — RevOS API,
2036,224,email,2026-09-20T00:00:00,Email with Fusionware Inc — RevOS API,
2037,224,meeting,2026-09-18T00:00:00,Meeting with Fusionware Inc — RevOS API,
2038,224,meeting,2026-09-25T00:00:00,Meeting with Fusionware Inc — RevOS API,
2039,224,note,2026-09-26T00:00:00,Note with Fusionware Inc — RevOS API,
2040,224,call,2026-09-14T00:00:00,Call with Fusionware Inc — RevOS API,
2041,224,email,2026-09-16T00:00:00,Email with Fusionware Inc — RevOS API,
2042,224,call,2026-09-15T00:00:00,Call with Fusionware Inc — RevOS API,
2043,224,call,2026-09-24T00:00:00,Call with Fusionware Inc — RevOS API,
2044,224,note,2026-09-13T00:00:00,Note with Fusionware Inc — RevOS API,
2045,224,email,2026-09-23T00:00:00,Email with Fusionware Inc — RevOS API,
2046,225,email,2026-09-02T00:00:00,Email with Prismdata Inc — RevOS Enterpri,
2047,225,call,2026-09-27T00:00:00,Call with Prismdata Inc — RevOS Enterpri,
2048,225,email,2026-08-10T00:00:00,Email with Prismdata Inc — RevOS Enterpri,
2049,225,meeting,2026-09-10T00:00:00,Meeting with Prismdata Inc — RevOS Enterpri,
2050,225,email,2026-08-13T00:00:00,Email with Prismdata Inc — RevOS Enterpri,
2051,225,call,2026-08-05T00:00:00,Call with Prismdata Inc — RevOS Enterpri,
2052,225,meeting,2026-09-21T00:00:00,Meeting with Prismdata Inc — RevOS Enterpri,
2053,225,email,2026-08-09T00:00:00,Email with Prismdata Inc — RevOS Enterpri,
2054,225,call,2026-07-19T00:00:00,Call with Prismdata Inc — RevOS Enterpri,
2055,225,email,2026-07-28T00:00:00,Email with Prismdata Inc — RevOS Enterpri,
2056,226,note,2026-06-18T00:00:00,Note with Omnilayer Inc — RevOS Pro,
2057,226,meeting,2026-07-17T00:00:00,Meeting with Omnilayer Inc — RevOS Pro,
2058,226,call,2026-08-12T00:00:00,Call with Omnilayer Inc — RevOS Pro,
2059,226,email,2026-06-10T00:00:00,Email with Omnilayer Inc — RevOS Pro,
2060,226,meeting,2026-08-27T00:00:00,Meeting with Omnilayer Inc — RevOS Pro,
2061,226,meeting,2026-09-25T00:00:00,Meeting with Omnilayer Inc — RevOS Pro,
2062,226,call,2026-08-07T00:00:00,Call with Omnilayer Inc — RevOS Pro,
2063,226,email,2026-09-15T00:00:00,Email with Omnilayer Inc — RevOS Pro,
2064,226,call,2026-09-14T00:00:00,Call with Omnilayer Inc — RevOS Pro,
2065,226,email,2026-07-16T00:00:00,Email with Omnilayer Inc — RevOS Pro,
2066,226,call,2026-09-24T00:00:00,Call with Omnilayer Inc — RevOS Pro,
2067,226,meeting,2026-06-18T00:00:00,Meeting with Omnilayer Inc — RevOS Pro,
2068,226,call,2026-07-27T00:00:00,Call with Omnilayer Inc — RevOS Pro,
2069,226,note,2026-07-19T00:00:00,Note with Omnilayer Inc — RevOS Pro,
2070,226,email,2026-08-12T00:00:00,Email with Omnilayer Inc — RevOS Pro,
2071,227,email,2026-08-24T00:00:00,Email with Alphacloud Inc — RevOS API,
2072,227,call,2026-07-04T00:00:00,Call with Alphacloud Inc — RevOS API,
2073,227,call,2026-06-25T00:00:00,Call with Alphacloud Inc — RevOS API,
2074,227,email,2026-07-31T00:00:00,Email with Alphacloud Inc — RevOS API,
2075,227,note,2026-07-26T00:00:00,Note with Alphacloud Inc — RevOS API,
2076,227,email,2026-07-21T00:00:00,Email with Alphacloud Inc — RevOS API,
2077,227,email,2026-08-03T00:00:00,Email with Alphacloud Inc — RevOS API,
2078,227,note,2026-07-09T00:00:00,Note with Alphacloud Inc — RevOS API,
2079,227,call,2026-06-28T00:00:00,Call with Alphacloud Inc — RevOS API,
2080,227,note,2026-07-19T00:00:00,Note with Alphacloud Inc — RevOS API,
2081,227,call,2026-09-05T00:00:00,Call with Alphacloud Inc — RevOS API,
2082,227,call,2026-08-09T00:00:00,Call with Alphacloud Inc — RevOS API,
2083,227,meeting,2026-08-27T00:00:00,Meeting with Alphacloud Inc — RevOS API,
2084,227,call,2026-07-03T00:00:00,Call with Alphacloud Inc — RevOS API,
2085,227,meeting,2026-07-22T00:00:00,Meeting with Alphacloud Inc — RevOS API,
2086,228,call,2026-09-02T00:00:00,Call with Metaverse Inc — RevOS Enterpri,
2087,228,email,2026-08-15T00:00:00,Email with Metaverse Inc — RevOS Enterpri,
2088,228,email,2026-07-28T00:00:00,Email with Metaverse Inc — RevOS Enterpri,
2089,229,note,2026-09-03T00:00:00,Note with Orchidtech Inc — RevOS Analyti,
2090,229,email,2026-07-30T00:00:00,Email with Orchidtech Inc — RevOS Analyti,
2091,229,meeting,2026-08-01T00:00:00,Meeting with Orchidtech Inc — RevOS Analyti,
2092,229,email,2026-07-27T00:00:00,Email with Orchidtech Inc — RevOS Analyti,
2093,229,note,2026-08-01T00:00:00,Note with Orchidtech Inc — RevOS Analyti,
2094,229,note,2026-08-02T00:00:00,Note with Orchidtech Inc — RevOS Analyti,
2095,229,note,2026-09-22T00:00:00,Note with Orchidtech Inc — RevOS Analyti,
2096,229,meeting,2026-08-26T00:00:00,Meeting with Orchidtech Inc — RevOS Analyti,
2097,229,email,2026-08-05T00:00:00,Email with Orchidtech Inc — RevOS Analyti,
2098,229,email,2026-09-25T00:00:00,Email with Orchidtech Inc — RevOS Analyti,
2099,229,call,2026-09-05T00:00:00,Call with Orchidtech Inc — RevOS Analyti,
2100,230,email,2026-09-13T00:00:00,Email with Quantleap Inc — RevOS Starter,
2101,230,email,2026-09-02T00:00:00,Email with Quantleap Inc — RevOS Starter,
2102,230,call,2026-09-11T00:00:00,Call with Quantleap Inc — RevOS Starter,
2103,230,meeting,2026-09-23T00:00:00,Meeting with Quantleap Inc — RevOS Starter,
2104,230,call,2026-08-31T00:00:00,Call with Quantleap Inc — RevOS Starter,
2105,230,email,2026-09-02T00:00:00,Email with Quantleap Inc — RevOS Starter,
2106,230,meeting,2026-09-23T00:00:00,Meeting with Quantleap Inc — RevOS Starter,
2107,231,call,2026-10-01T00:00:00,Call with Raptorx Inc — RevOS Pro,
2108,231,email,2026-09-22T00:00:00,Email with Raptorx Inc — RevOS Pro,
2109,231,note,2026-09-21T00:00:00,Note with Raptorx Inc — RevOS Pro,
2110,231,email,2026-09-25T00:00:00,Email with Raptorx Inc — RevOS Pro,
2111,231,call,2026-09-25T00:00:00,Call with Raptorx Inc — RevOS Pro,
2112,231,email,2026-09-20T00:00:00,Email with Raptorx Inc — RevOS Pro,
2113,231,call,2026-09-21T00:00:00,Call with Raptorx Inc — RevOS Pro,
2114,231,call,2026-09-23T00:00:00,Call with Raptorx Inc — RevOS Pro,
2115,231,call,2026-09-28T00:00:00,Call with Raptorx Inc — RevOS Pro,
2116,232,note,2026-04-14T00:00:00,Note with Truepathsys Inc — RevOS Enterp,
2117,232,meeting,2026-06-13T00:00:00,Meeting with Truepathsys Inc — RevOS Enterp,
2118,232,email,2026-04-30T00:00:00,Email with Truepathsys Inc — RevOS Enterp,
2119,232,email,2026-08-01T00:00:00,Email with Truepathsys Inc — RevOS Enterp,
2120,232,email,2026-04-22T00:00:00,Email with Truepathsys Inc — RevOS Enterp,
2121,232,meeting,2026-09-12T00:00:00,Meeting with Truepathsys Inc — RevOS Enterp,
2122,232,note,2026-06-12T00:00:00,Note with Truepathsys Inc — RevOS Enterp,
2123,232,call,2026-05-14T00:00:00,Call with Truepathsys Inc — RevOS Enterp,
2124,232,meeting,2026-08-11T00:00:00,Meeting with Truepathsys Inc — RevOS Enterp,
2125,232,email,2026-09-26T00:00:00,Email with Truepathsys Inc — RevOS Enterp,
2126,232,note,2026-06-14T00:00:00,Note with Truepathsys Inc — RevOS Enterp,
2127,232,call,2026-06-02T00:00:00,Call with Truepathsys Inc — RevOS Enterp,
2128,232,note,2026-07-11T00:00:00,Note with Truepathsys Inc — RevOS Enterp,
2129,232,call,2026-06-06T00:00:00,Call with Truepathsys Inc — RevOS Enterp,
2130,232,note,2026-06-27T00:00:00,Note with Truepathsys Inc — RevOS Enterp,
2131,233,email,2026-09-29T00:00:00,Email with Relaystack Inc — RevOS API,
2132,233,email,2026-10-01T00:00:00,Email with Relaystack Inc — RevOS API,
2133,233,email,2026-09-25T00:00:00,Email with Relaystack Inc — RevOS API,
2134,233,call,2026-09-29T00:00:00,Call with Relaystack Inc — RevOS API,
2135,233,email,2026-09-21T00:00:00,Email with Relaystack Inc — RevOS API,
2136,233,meeting,2026-09-27T00:00:00,Meeting with Relaystack Inc — RevOS API,
2137,233,call,2026-09-30T00:00:00,Call with Relaystack Inc — RevOS API,
2138,233,email,2026-09-22T00:00:00,Email with Relaystack Inc — RevOS API,
2139,233,meeting,2026-09-23T00:00:00,Meeting with Relaystack Inc — RevOS API,
2140,233,email,2026-09-29T00:00:00,Email with Relaystack Inc — RevOS API,
2141,233,email,2026-09-29T00:00:00,Email with Relaystack Inc — RevOS API,
2142,233,meeting,2026-09-26T00:00:00,Meeting with Relaystack Inc — RevOS API,
2143,233,email,2026-09-23T00:00:00,Email with Relaystack Inc — RevOS API,
2144,233,meeting,2026-09-24T00:00:00,Meeting with Relaystack Inc — RevOS API,
2145,233,meeting,2026-10-01T00:00:00,Meeting with Relaystack Inc — RevOS API,
2146,234,call,2026-07-16T00:00:00,Call with Vantagepoint Inc — RevOS Start,
2147,234,email,2026-07-18T00:00:00,Email with Vantagepoint Inc — RevOS Start,
2148,234,email,2026-09-27T00:00:00,Email with Vantagepoint Inc — RevOS Start,
2149,234,email,2026-07-24T00:00:00,Email with Vantagepoint Inc — RevOS Start,
2150,235,call,2026-08-27T00:00:00,Call with Uplinkai Inc — RevOS Pro,
2151,235,email,2026-08-26T00:00:00,Email with Uplinkai Inc — RevOS Pro,
2152,235,email,2026-07-14T00:00:00,Email with Uplinkai Inc — RevOS Pro,
2153,235,email,2026-08-26T00:00:00,Email with Uplinkai Inc — RevOS Pro,
2154,235,call,2026-09-02T00:00:00,Call with Uplinkai Inc — RevOS Pro,
2155,235,email,2026-10-01T00:00:00,Email with Uplinkai Inc — RevOS Pro,
2156,235,meeting,2026-09-16T00:00:00,Meeting with Uplinkai Inc — RevOS Pro,
2157,235,note,2026-07-12T00:00:00,Note with Uplinkai Inc — RevOS Pro,
2158,235,note,2026-08-21T00:00:00,Note with Uplinkai Inc — RevOS Pro,
2159,235,meeting,2026-08-11T00:00:00,Meeting with Uplinkai Inc — RevOS Pro,
2160,235,email,2026-09-22T00:00:00,Email with Uplinkai Inc — RevOS Pro,
2161,235,email,2026-07-12T00:00:00,Email with Uplinkai Inc — RevOS Pro,
2162,236,note,2026-08-17T00:00:00,Note with Relaystack Inc — RevOS API,
2163,236,meeting,2026-10-01T00:00:00,Meeting with Relaystack Inc — RevOS API,
2164,236,meeting,2026-09-25T00:00:00,Meeting with Relaystack Inc — RevOS API,
2165,236,call,2026-07-06T00:00:00,Call with Relaystack Inc — RevOS API,
2166,236,note,2026-09-23T00:00:00,Note with Relaystack Inc — RevOS API,
2167,236,note,2026-07-29T00:00:00,Note with Relaystack Inc — RevOS API,
2168,236,call,2026-08-30T00:00:00,Call with Relaystack Inc — RevOS API,
2169,236,meeting,2026-09-04T00:00:00,Meeting with Relaystack Inc — RevOS API,
2170,236,call,2026-09-29T00:00:00,Call with Relaystack Inc — RevOS API,
2171,236,note,2026-07-13T00:00:00,Note with Relaystack Inc — RevOS API,
2172,236,meeting,2026-08-21T00:00:00,Meeting with Relaystack Inc — RevOS API,
2173,236,email,2026-07-23T00:00:00,Email with Relaystack Inc — RevOS API,
2174,237,meeting,2026-08-03T00:00:00,Meeting with Uplinkai Inc — RevOS Starter,
2175,237,email,2026-08-03T00:00:00,Email with Uplinkai Inc — RevOS Starter,
2176,237,meeting,2026-07-30T00:00:00,Meeting with Uplinkai Inc — RevOS Starter,
2177,238,call,2026-09-13T00:00:00,Call with Luminance Inc — RevOS API,
2178,238,call,2026-08-25T00:00:00,Call with Luminance Inc — RevOS API,
2179,238,email,2026-09-15T00:00:00,Email with Luminance Inc — RevOS API,
2180,238,meeting,2026-09-08T00:00:00,Meeting with Luminance Inc — RevOS API,
2181,238,email,2026-09-30T00:00:00,Email with Luminance Inc — RevOS API,
2182,238,call,2026-09-11T00:00:00,Call with Luminance Inc — RevOS API,
2183,238,meeting,2026-09-12T00:00:00,Meeting with Luminance Inc — RevOS API,
2184,239,call,2026-08-12T00:00:00,Call with Globecast Inc — RevOS Starter,
2185,239,email,2026-08-12T00:00:00,Email with Globecast Inc — RevOS Starter,
2186,239,note,2026-06-21T00:00:00,Note with Globecast Inc — RevOS Starter,
2187,239,call,2026-08-17T00:00:00,Call with Globecast Inc — RevOS Starter,
2188,239,email,2026-08-27T00:00:00,Email with Globecast Inc — RevOS Starter,
2189,240,note,2026-09-13T00:00:00,Note with Datavault Inc — RevOS Starter,
2190,240,note,2026-08-24T00:00:00,Note with Datavault Inc — RevOS Starter,
2191,240,email,2026-09-11T00:00:00,Email with Datavault Inc — RevOS Starter,
2192,241,email,2026-09-10T00:00:00,Email with Nexatech Inc — RevOS Analytics,
2193,241,meeting,2026-10-01T00:00:00,Meeting with Nexatech Inc — RevOS Analytics,
2194,241,note,2026-08-29T00:00:00,Note with Nexatech Inc — RevOS Analytics,
2195,241,email,2026-08-21T00:00:00,Email with Nexatech Inc — RevOS Analytics,
2196,242,note,2026-09-21T00:00:00,Note with Clearstack Inc — RevOS Starter,
2197,242,email,2026-09-29T00:00:00,Email with Clearstack Inc — RevOS Starter,
2198,242,meeting,2026-09-20T00:00:00,Meeting with Clearstack Inc — RevOS Starter,
2199,242,meeting,2026-09-21T00:00:00,Meeting with Clearstack Inc — RevOS Starter,
2200,242,call,2026-09-26T00:00:00,Call with Clearstack Inc — RevOS Starter,
2201,243,meeting,2026-09-16T00:00:00,Meeting with Kinetiq Inc — RevOS API,
2202,243,note,2026-07-15T00:00:00,Note with Kinetiq Inc — RevOS API,
2203,243,note,2026-08-10T00:00:00,Note with Kinetiq Inc — RevOS API,
2204,244,meeting,2026-09-17T00:00:00,Meeting with Vantagepoint Inc — RevOS Start,
2205,244,email,2026-09-28T00:00:00,Email with Vantagepoint Inc — RevOS Start,
2206,244,email,2026-09-19T00:00:00,Email with Vantagepoint Inc — RevOS Start,
2207,245,email,2026-09-24T00:00:00,Email with Hyperion Inc — RevOS Pro,
2208,245,call,2026-09-29T00:00:00,Call with Hyperion Inc — RevOS Pro,
2209,245,email,2026-09-29T00:00:00,Email with Hyperion Inc — RevOS Pro,
2210,245,email,2026-09-19T00:00:00,Email with Hyperion Inc — RevOS Pro,
2211,245,meeting,2026-09-24T00:00:00,Meeting with Hyperion Inc — RevOS Pro,
2212,245,email,2026-09-26T00:00:00,Email with Hyperion Inc — RevOS Pro,
2213,246,email,2026-07-23T00:00:00,Email with Signalops Inc — RevOS Starter,
2214,246,call,2026-07-28T00:00:00,Call with Signalops Inc — RevOS Starter,
2215,246,email,2026-08-02T00:00:00,Email with Signalops Inc — RevOS Starter,
2216,246,note,2026-08-08T00:00:00,Note with Signalops Inc — RevOS Starter,
2217,246,call,2026-08-03T00:00:00,Call with Signalops Inc — RevOS Starter,
2218,246,call,2026-07-24T00:00:00,Call with Signalops Inc — RevOS Starter,
2219,246,email,2026-07-07T00:00:00,Email with Signalops Inc — RevOS Starter,
2220,246,note,2026-07-24T00:00:00,Note with Signalops Inc — RevOS Starter,
2221,246,email,2026-08-31T00:00:00,Email with Signalops Inc — RevOS Starter,
2222,247,meeting,2026-08-31T00:00:00,Meeting with Qubitlabs Inc — RevOS Pro,
2223,247,meeting,2026-09-19T00:00:00,Meeting with Qubitlabs Inc — RevOS Pro,
2224,247,meeting,2026-09-19T00:00:00,Meeting with Qubitlabs Inc — RevOS Pro,
2225,247,note,2026-09-09T00:00:00,Note with Qubitlabs Inc — RevOS Pro,
2226,247,meeting,2026-09-11T00:00:00,Meeting with Qubitlabs Inc — RevOS Pro,
2227,247,meeting,2026-08-20T00:00:00,Meeting with Qubitlabs Inc — RevOS Pro,
2228,247,email,2026-08-27T00:00:00,Email with Qubitlabs Inc — RevOS Pro,
2229,247,email,2026-09-28T00:00:00,Email with Qubitlabs Inc — RevOS Pro,
2230,247,note,2026-08-22T00:00:00,Note with Qubitlabs Inc — RevOS Pro,
2231,247,call,2026-09-01T00:00:00,Call with Qubitlabs Inc — RevOS Pro,
2232,247,call,2026-09-23T00:00:00,Call with Qubitlabs Inc — RevOS Pro,
2233,247,call,2026-09-13T00:00:00,Call with Qubitlabs Inc — RevOS Pro,
2234,248,note,2026-09-25T00:00:00,Note with Xyphorai Inc — RevOS Starter,
2235,248,email,2026-09-22T00:00:00,Email with Xyphorai Inc — RevOS Starter,
2236,248,meeting,2026-09-01T00:00:00,Meeting with Xyphorai Inc — RevOS Starter,
2237,248,call,2026-09-04T00:00:00,Call with Xyphorai Inc — RevOS Starter,
2238,249,meeting,2026-09-22T00:00:00,Meeting with Edgeflux Inc — RevOS API,
2239,249,note,2026-09-23T00:00:00,Note with Edgeflux Inc — RevOS API,
2240,249,email,2026-09-24T00:00:00,Email with Edgeflux Inc — RevOS API,
2241,249,note,2026-10-01T00:00:00,Note with Edgeflux Inc — RevOS API,
2242,249,call,2026-09-22T00:00:00,Call with Edgeflux Inc — RevOS API,
2243,249,note,2026-09-30T00:00:00,Note with Edgeflux Inc — RevOS API,
2244,249,email,2026-09-30T00:00:00,Email with Edgeflux Inc — RevOS API,
2245,250,email,2026-07-24T00:00:00,Email with Ecomsprint Inc — RevOS Enterpr,
2246,250,call,2026-07-10T00:00:00,Call with Ecomsprint Inc — RevOS Enterpr,
2247,250,note,2026-04-30T00:00:00,Note with Ecomsprint Inc — RevOS Enterpr,
2248,250,call,2026-09-25T00:00:00,Call with Ecomsprint Inc — RevOS Enterpr,
2249,250,call,2026-06-08T00:00:00,Call with Ecomsprint Inc — RevOS Enterpr,
2250,250,email,2026-07-27T00:00:00,Email with Ecomsprint Inc — RevOS Enterpr,
2251,250,note,2026-05-13T00:00:00,Note with Ecomsprint Inc — RevOS Enterpr,
2252,250,meeting,2026-06-12T00:00:00,Meeting with Ecomsprint Inc — RevOS Enterpr,
2253,250,meeting,2026-07-24T00:00:00,Meeting with Ecomsprint Inc — RevOS Enterpr,
2254,250,email,2026-09-28T00:00:00,Email with Ecomsprint Inc — RevOS Enterpr,
2255,250,meeting,2026-06-16T00:00:00,Meeting with Ecomsprint Inc — RevOS Enterpr,
2256,250,email,2026-07-07T00:00:00,Email with Ecomsprint Inc — RevOS Enterpr,
2257,250,call,2026-05-01T00:00:00,Call with Ecomsprint Inc — RevOS Enterpr,
2258,250,note,2026-08-18T00:00:00,Note with Ecomsprint Inc — RevOS Enterpr,
2259,251,call,2026-09-05T00:00:00,Call with Stratosai Inc — RevOS Pro,
2260,251,note,2026-07-29T00:00:00,Note with Stratosai Inc — RevOS Pro,
2261,251,email,2026-08-31T00:00:00,Email with Stratosai Inc — RevOS Pro,
2262,251,call,2026-07-19T00:00:00,Call with Stratosai Inc — RevOS Pro,
2263,251,meeting,2026-09-12T00:00:00,Meeting with Stratosai Inc — RevOS Pro,
2264,251,meeting,2026-09-02T00:00:00,Meeting with Stratosai Inc — RevOS Pro,
2265,251,note,2026-07-20T00:00:00,Note with Stratosai Inc — RevOS Pro,
2266,251,email,2026-08-28T00:00:00,Email with Stratosai Inc — RevOS Pro,
2267,251,note,2026-07-25T00:00:00,Note with Stratosai Inc — RevOS Pro,
2268,251,call,2026-07-20T00:00:00,Call with Stratosai Inc — RevOS Pro,
2269,251,note,2026-09-09T00:00:00,Note with Stratosai Inc — RevOS Pro,
2270,251,email,2026-08-27T00:00:00,Email with Stratosai Inc — RevOS Pro,
2271,252,meeting,2026-09-14T00:00:00,Meeting with Novabridge Inc — RevOS Pro,
2272,252,email,2026-09-06T00:00:00,Email with Novabridge Inc — RevOS Pro,
2273,252,call,2026-09-20T00:00:00,Call with Novabridge Inc — RevOS Pro,
2274,252,note,2026-09-05T00:00:00,Note with Novabridge Inc — RevOS Pro,
2275,252,email,2026-09-01T00:00:00,Email with Novabridge Inc — RevOS Pro,
2276,252,note,2026-09-21T00:00:00,Note with Novabridge Inc — RevOS Pro,
2277,252,call,2026-09-25T00:00:00,Call with Novabridge Inc — RevOS Pro,
2278,252,email,2026-09-26T00:00:00,Email with Novabridge Inc — RevOS Pro,
2279,252,meeting,2026-09-29T00:00:00,Meeting with Novabridge Inc — RevOS Pro,
2280,253,meeting,2026-09-12T00:00:00,Meeting with Alphacloud Inc — RevOS Analyti,
2281,253,note,2026-09-25T00:00:00,Note with Alphacloud Inc — RevOS Analyti,
2282,253,email,2026-09-23T00:00:00,Email with Alphacloud Inc — RevOS Analyti,
2283,253,call,2026-09-07T00:00:00,Call with Alphacloud Inc — RevOS Analyti,
2284,253,meeting,2026-09-18T00:00:00,Meeting with Alphacloud Inc — RevOS Analyti,
2285,253,email,2026-09-21T00:00:00,Email with Alphacloud Inc — RevOS Analyti,
2286,253,email,2026-09-21T00:00:00,Email with Alphacloud Inc — RevOS Analyti,
2287,253,call,2026-09-30T00:00:00,Call with Alphacloud Inc — RevOS Analyti,
2288,253,email,2026-10-01T00:00:00,Email with Alphacloud Inc — RevOS Analyti,
2289,253,call,2026-09-16T00:00:00,Call with Alphacloud Inc — RevOS Analyti,
2290,253,call,2026-09-08T00:00:00,Call with Alphacloud Inc — RevOS Analyti,
2291,253,call,2026-09-23T00:00:00,Call with Alphacloud Inc — RevOS Analyti,
2292,253,email,2026-09-20T00:00:00,Email with Alphacloud Inc — RevOS Analyti,
2293,253,email,2026-09-19T00:00:00,Email with Alphacloud Inc — RevOS Analyti,
2294,254,email,2026-08-29T00:00:00,Email with Xyphorai Inc — RevOS Analytics,
2295,254,call,2026-09-02T00:00:00,Call with Xyphorai Inc — RevOS Analytics,
2296,254,call,2026-09-06T00:00:00,Call with Xyphorai Inc — RevOS Analytics,
2297,254,email,2026-09-28T00:00:00,Email with Xyphorai Inc — RevOS Analytics,
2298,254,email,2026-09-11T00:00:00,Email with Xyphorai Inc — RevOS Analytics,
2299,255,email,2026-08-03T00:00:00,Email with Relaystack Inc — RevOS API,
2300,255,email,2026-08-23T00:00:00,Email with Relaystack Inc — RevOS API,
2301,255,email,2026-07-19T00:00:00,Email with Relaystack Inc — RevOS API,
2302,255,note,2026-07-31T00:00:00,Note with Relaystack Inc — RevOS API,
2303,256,note,2026-05-30T00:00:00,Note with Qubitlabs Inc — RevOS Starter,
2304,256,email,2026-07-13T00:00:00,Email with Qubitlabs Inc — RevOS Starter,
2305,256,call,2026-06-24T00:00:00,Call with Qubitlabs Inc — RevOS Starter,
2306,256,meeting,2026-09-10T00:00:00,Meeting with Qubitlabs Inc — RevOS Starter,
2307,256,call,2026-05-10T00:00:00,Call with Qubitlabs Inc — RevOS Starter,
2308,256,note,2026-05-13T00:00:00,Note with Qubitlabs Inc — RevOS Starter,
2309,256,call,2026-09-18T00:00:00,Call with Qubitlabs Inc — RevOS Starter,
2310,256,email,2026-06-21T00:00:00,Email with Qubitlabs Inc — RevOS Starter,
2311,256,email,2026-05-09T00:00:00,Email with Qubitlabs Inc — RevOS Starter,
2312,256,note,2026-07-14T00:00:00,Note with Qubitlabs Inc — RevOS Starter,
2313,256,call,2026-09-26T00:00:00,Call with Qubitlabs Inc — RevOS Starter,
2314,256,call,2026-08-24T00:00:00,Call with Qubitlabs Inc — RevOS Starter,
2315,256,email,2026-08-27T00:00:00,Email with Qubitlabs Inc — RevOS Starter,
2316,256,meeting,2026-05-31T00:00:00,Meeting with Qubitlabs Inc — RevOS Starter,
2317,256,call,2026-06-02T00:00:00,Call with Qubitlabs Inc — RevOS Starter,
2318,257,email,2026-09-01T00:00:00,Email with Ecomsprint Inc — RevOS Analyti,
2319,257,note,2026-07-17T00:00:00,Note with Ecomsprint Inc — RevOS Analyti,
2320,257,meeting,2026-10-01T00:00:00,Meeting with Ecomsprint Inc — RevOS Analyti,
2321,257,meeting,2026-08-14T00:00:00,Meeting with Ecomsprint Inc — RevOS Analyti,
2322,257,meeting,2026-07-28T00:00:00,Meeting with Ecomsprint Inc — RevOS Analyti,
2323,257,email,2026-08-10T00:00:00,Email with Ecomsprint Inc — RevOS Analyti,
2324,257,email,2026-08-11T00:00:00,Email with Ecomsprint Inc — RevOS Analyti,
2325,257,meeting,2026-09-18T00:00:00,Meeting with Ecomsprint Inc — RevOS Analyti,
2326,257,meeting,2026-09-24T00:00:00,Meeting with Ecomsprint Inc — RevOS Analyti,
2327,258,note,2026-08-06T00:00:00,Note with Keystone Inc — RevOS Pro,
2328,258,call,2026-05-27T00:00:00,Call with Keystone Inc — RevOS Pro,
2329,258,email,2026-09-28T00:00:00,Email with Keystone Inc — RevOS Pro,
2330,258,note,2026-05-27T00:00:00,Note with Keystone Inc — RevOS Pro,
2331,258,email,2026-05-20T00:00:00,Email with Keystone Inc — RevOS Pro,
2332,258,note,2026-08-22T00:00:00,Note with Keystone Inc — RevOS Pro,
2333,258,meeting,2026-07-13T00:00:00,Meeting with Keystone Inc — RevOS Pro,
2334,258,call,2026-07-24T00:00:00,Call with Keystone Inc — RevOS Pro,
2335,258,meeting,2026-09-19T00:00:00,Meeting with Keystone Inc — RevOS Pro,
2336,258,email,2026-09-22T00:00:00,Email with Keystone Inc — RevOS Pro,
2337,258,call,2026-07-07T00:00:00,Call with Keystone Inc — RevOS Pro,
2338,258,note,2026-06-09T00:00:00,Note with Keystone Inc — RevOS Pro,
2339,258,email,2026-07-11T00:00:00,Email with Keystone Inc — RevOS Pro,
2340,258,call,2026-06-04T00:00:00,Call with Keystone Inc — RevOS Pro,
2341,259,meeting,2026-06-24T00:00:00,Meeting with Finlabs Inc — RevOS Enterprise,
2342,259,call,2026-05-11T00:00:00,Call with Finlabs Inc — RevOS Enterprise,
2343,259,call,2026-07-08T00:00:00,Call with Finlabs Inc — RevOS Enterprise,
2344,259,email,2026-09-28T00:00:00,Email with Finlabs Inc — RevOS Enterprise,
2345,259,call,2026-07-30T00:00:00,Call with Finlabs Inc — RevOS Enterprise,
2346,259,note,2026-06-17T00:00:00,Note with Finlabs Inc — RevOS Enterprise,
2347,259,note,2026-06-30T00:00:00,Note with Finlabs Inc — RevOS Enterprise,
2348,259,call,2026-09-03T00:00:00,Call with Finlabs Inc — RevOS Enterprise,
2349,259,call,2026-08-10T00:00:00,Call with Finlabs Inc — RevOS Enterprise,
2350,259,call,2026-09-18T00:00:00,Call with Finlabs Inc — RevOS Enterprise,
2351,259,email,2026-05-26T00:00:00,Email with Finlabs Inc — RevOS Enterprise,
2352,259,call,2026-07-14T00:00:00,Call with Finlabs Inc — RevOS Enterprise,
2353,260,email,2026-06-29T00:00:00,Email with Xyphorai Inc — RevOS Starter,
2354,260,email,2026-07-24T00:00:00,Email with Xyphorai Inc — RevOS Starter,
2355,260,note,2026-08-03T00:00:00,Note with Xyphorai Inc — RevOS Starter,
2356,260,email,2026-09-23T00:00:00,Email with Xyphorai Inc — RevOS Starter,
2357,260,meeting,2026-07-17T00:00:00,Meeting with Xyphorai Inc — RevOS Starter,
2358,260,meeting,2026-08-08T00:00:00,Meeting with Xyphorai Inc — RevOS Starter,
2359,260,call,2026-08-10T00:00:00,Call with Xyphorai Inc — RevOS Starter,
2360,260,email,2026-09-29T00:00:00,Email with Xyphorai Inc — RevOS Starter,
2361,260,email,2026-06-20T00:00:00,Email with Xyphorai Inc — RevOS Starter,
2362,260,note,2026-06-01T00:00:00,Note with Xyphorai Inc — RevOS Starter,
2363,261,email,2026-09-24T00:00:00,Email with Stratosai Inc — RevOS Analytic,
2364,261,email,2026-09-21T00:00:00,Email with Stratosai Inc — RevOS Analytic,
2365,261,call,2026-09-21T00:00:00,Call with Stratosai Inc — RevOS Analytic,
2366,261,call,2026-09-25T00:00:00,Call with Stratosai Inc — RevOS Analytic,
2367,261,note,2026-09-19T00:00:00,Note with Stratosai Inc — RevOS Analytic,
2368,261,call,2026-09-19T00:00:00,Call with Stratosai Inc — RevOS Analytic,
2369,261,email,2026-09-18T00:00:00,Email with Stratosai Inc — RevOS Analytic,
2370,261,email,2026-09-12T00:00:00,Email with Stratosai Inc — RevOS Analytic,
2371,261,email,2026-09-24T00:00:00,Email with Stratosai Inc — RevOS Analytic,
2372,261,call,2026-09-16T00:00:00,Call with Stratosai Inc — RevOS Analytic,
2373,261,email,2026-10-01T00:00:00,Email with Stratosai Inc — RevOS Analytic,
2374,261,call,2026-09-30T00:00:00,Call with Stratosai Inc — RevOS Analytic,
2375,261,call,2026-09-15T00:00:00,Call with Stratosai Inc — RevOS Analytic,
2376,261,note,2026-09-11T00:00:00,Note with Stratosai Inc — RevOS Analytic,
2377,261,meeting,2026-09-11T00:00:00,Meeting with Stratosai Inc — RevOS Analytic,
2378,262,meeting,2026-09-23T00:00:00,Meeting with Nexatech Inc — RevOS Pro,
2379,262,meeting,2026-08-27T00:00:00,Meeting with Nexatech Inc — RevOS Pro,
2380,262,email,2026-09-09T00:00:00,Email with Nexatech Inc — RevOS Pro,
2381,262,call,2026-08-08T00:00:00,Call with Nexatech Inc — RevOS Pro,
2382,263,email,2026-09-29T00:00:00,Email with Globecast Inc — RevOS Analytic,
2383,263,meeting,2026-09-23T00:00:00,Meeting with Globecast Inc — RevOS Analytic,
2384,263,note,2026-09-27T00:00:00,Note with Globecast Inc — RevOS Analytic,
2385,263,email,2026-09-24T00:00:00,Email with Globecast Inc — RevOS Analytic,
2386,263,note,2026-09-23T00:00:00,Note with Globecast Inc — RevOS Analytic,
2387,263,call,2026-09-26T00:00:00,Call with Globecast Inc — RevOS Analytic,
2388,263,meeting,2026-09-29T00:00:00,Meeting with Globecast Inc — RevOS Analytic,
2389,263,email,2026-09-21T00:00:00,Email with Globecast Inc — RevOS Analytic,
2390,264,email,2026-09-23T00:00:00,Email with Logicworks Inc — RevOS Enterpr,
2391,264,meeting,2026-09-15T00:00:00,Meeting with Logicworks Inc — RevOS Enterpr,
2392,264,email,2026-08-23T00:00:00,Email with Logicworks Inc — RevOS Enterpr,
2393,265,email,2026-06-30T00:00:00,Email with Windrose Inc — RevOS Analytics,
2394,265,email,2026-09-23T00:00:00,Email with Windrose Inc — RevOS Analytics,
2395,265,meeting,2026-07-31T00:00:00,Meeting with Windrose Inc — RevOS Analytics,
2396,265,meeting,2026-08-14T00:00:00,Meeting with Windrose Inc — RevOS Analytics,
2397,265,meeting,2026-07-13T00:00:00,Meeting with Windrose Inc — RevOS Analytics,
2398,265,note,2026-07-31T00:00:00,Note with Windrose Inc — RevOS Analytics,
2399,265,email,2026-07-06T00:00:00,Email with Windrose Inc — RevOS Analytics,
2400,266,email,2026-08-18T00:00:00,Email with Junctionai Inc — RevOS Enterpr,
2401,266,call,2026-09-19T00:00:00,Call with Junctionai Inc — RevOS Enterpr,
2402,266,email,2026-06-11T00:00:00,Email with Junctionai Inc — RevOS Enterpr,
2403,266,meeting,2026-10-01T00:00:00,Meeting with Junctionai Inc — RevOS Enterpr,
2404,266,meeting,2026-06-22T00:00:00,Meeting with Junctionai Inc — RevOS Enterpr,
2405,266,meeting,2026-07-22T00:00:00,Meeting with Junctionai Inc — RevOS Enterpr,
2406,266,call,2026-08-20T00:00:00,Call with Junctionai Inc — RevOS Enterpr,
2407,266,email,2026-05-09T00:00:00,Email with Junctionai Inc — RevOS Enterpr,
2408,266,email,2026-08-29T00:00:00,Email with Junctionai Inc — RevOS Enterpr,
2409,266,note,2026-07-10T00:00:00,Note with Junctionai Inc — RevOS Enterpr,
2410,266,call,2026-09-28T00:00:00,Call with Junctionai Inc — RevOS Enterpr,
2411,266,call,2026-07-17T00:00:00,Call with Junctionai Inc — RevOS Enterpr,
2412,266,note,2026-06-29T00:00:00,Note with Junctionai Inc — RevOS Enterpr,
2413,266,email,2026-09-24T00:00:00,Email with Junctionai Inc — RevOS Enterpr,
2414,267,call,2026-09-15T00:00:00,Call with Ultradev Inc — RevOS API,
2415,267,email,2026-08-07T00:00:00,Email with Ultradev Inc — RevOS API,
2416,267,meeting,2026-09-06T00:00:00,Meeting with Ultradev Inc — RevOS API,
2417,267,meeting,2026-08-05T00:00:00,Meeting with Ultradev Inc — RevOS API,
2418,267,call,2026-05-29T00:00:00,Call with Ultradev Inc — RevOS API,
2419,267,note,2026-09-26T00:00:00,Note with Ultradev Inc — RevOS API,
2420,267,meeting,2026-08-11T00:00:00,Meeting with Ultradev Inc — RevOS API,
2421,268,call,2026-08-25T00:00:00,Call with Jetscale Inc — RevOS Starter,
2422,268,call,2026-08-08T00:00:00,Call with Jetscale Inc — RevOS Starter,
2423,268,email,2026-08-23T00:00:00,Email with Jetscale Inc — RevOS Starter,
2424,268,note,2026-09-11T00:00:00,Note with Jetscale Inc — RevOS Starter,
2425,268,call,2026-08-08T00:00:00,Call with Jetscale Inc — RevOS Starter,
2426,268,note,2026-08-15T00:00:00,Note with Jetscale Inc — RevOS Starter,
2427,268,call,2026-09-02T00:00:00,Call with Jetscale Inc — RevOS Starter,
2428,268,email,2026-08-07T00:00:00,Email with Jetscale Inc — RevOS Starter,
2429,268,meeting,2026-09-10T00:00:00,Meeting with Jetscale Inc — RevOS Starter,
2430,268,meeting,2026-09-04T00:00:00,Meeting with Jetscale Inc — RevOS Starter,
2431,269,email,2026-06-30T00:00:00,Email with Corelogic Inc — RevOS Enterpri,
2432,269,email,2026-09-05T00:00:00,Email with Corelogic Inc — RevOS Enterpri,
2433,269,meeting,2026-07-20T00:00:00,Meeting with Corelogic Inc — RevOS Enterpri,
2434,269,email,2026-06-09T00:00:00,Email with Corelogic Inc — RevOS Enterpri,
2435,269,call,2026-09-23T00:00:00,Call with Corelogic Inc — RevOS Enterpri,
2436,269,email,2026-05-03T00:00:00,Email with Corelogic Inc — RevOS Enterpri,
2437,269,meeting,2026-06-24T00:00:00,Meeting with Corelogic Inc — RevOS Enterpri,
2438,269,call,2026-09-04T00:00:00,Call with Corelogic Inc — RevOS Enterpri,
2439,269,note,2026-07-21T00:00:00,Note with Corelogic Inc — RevOS Enterpri,
2440,269,email,2026-07-01T00:00:00,Email with Corelogic Inc — RevOS Enterpri,
2441,269,call,2026-09-02T00:00:00,Call with Corelogic Inc — RevOS Enterpri,
2442,269,note,2026-05-22T00:00:00,Note with Corelogic Inc — RevOS Enterpri,
2443,270,email,2026-10-01T00:00:00,Email with Relaystack Inc — RevOS API,
2444,270,meeting,2026-09-13T00:00:00,Meeting with Relaystack Inc — RevOS API,
2445,270,call,2026-09-14T00:00:00,Call with Relaystack Inc — RevOS API,
2446,270,email,2026-09-12T00:00:00,Email with Relaystack Inc — RevOS API,
2447,270,note,2026-09-23T00:00:00,Note with Relaystack Inc — RevOS API,
2448,270,email,2026-09-12T00:00:00,Email with Relaystack Inc — RevOS API,
2449,270,call,2026-09-22T00:00:00,Call with Relaystack Inc — RevOS API,
2450,270,meeting,2026-09-29T00:00:00,Meeting with Relaystack Inc — RevOS API,
2451,270,email,2026-09-24T00:00:00,Email with Relaystack Inc — RevOS API,
2452,271,email,2026-08-30T00:00:00,Email with Innov8 Inc — RevOS Pro,
2453,271,email,2026-08-22T00:00:00,Email with Innov8 Inc — RevOS Pro,
2454,271,meeting,2026-08-22T00:00:00,Meeting with Innov8 Inc — RevOS Pro,
2455,271,meeting,2026-09-29T00:00:00,Meeting with Innov8 Inc — RevOS Pro,
2456,271,email,2026-09-06T00:00:00,Email with Innov8 Inc — RevOS Pro,
2457,271,email,2026-09-29T00:00:00,Email with Innov8 Inc — RevOS Pro,
2458,271,email,2026-09-14T00:00:00,Email with Innov8 Inc — RevOS Pro,
2459,271,call,2026-08-22T00:00:00,Call with Innov8 Inc — RevOS Pro,
2460,271,meeting,2026-08-17T00:00:00,Meeting with Innov8 Inc — RevOS Pro,
2461,271,email,2026-09-18T00:00:00,Email with Innov8 Inc — RevOS Pro,
2462,271,email,2026-09-11T00:00:00,Email with Innov8 Inc — RevOS Pro,
2463,272,note,2026-08-14T00:00:00,Note with Quantleap Inc — RevOS Starter,
2464,272,email,2026-08-05T00:00:00,Email with Quantleap Inc — RevOS Starter,
2465,272,email,2026-09-17T00:00:00,Email with Quantleap Inc — RevOS Starter,
2466,272,email,2026-09-10T00:00:00,Email with Quantleap Inc — RevOS Starter,
2467,272,email,2026-09-17T00:00:00,Email with Quantleap Inc — RevOS Starter,
2468,272,email,2026-07-19T00:00:00,Email with Quantleap Inc — RevOS Starter,
2469,272,email,2026-08-12T00:00:00,Email with Quantleap Inc — RevOS Starter,
2470,272,call,2026-07-31T00:00:00,Call with Quantleap Inc — RevOS Starter,
2471,272,email,2026-08-30T00:00:00,Email with Quantleap Inc — RevOS Starter,
2472,272,call,2026-09-16T00:00:00,Call with Quantleap Inc — RevOS Starter,
2473,273,call,2026-07-04T00:00:00,Call with Xyphorai Inc — RevOS Enterpris,
2474,273,email,2026-06-02T00:00:00,Email with Xyphorai Inc — RevOS Enterpris,
2475,273,note,2026-04-09T00:00:00,Note with Xyphorai Inc — RevOS Enterpris,
2476,273,email,2026-06-15T00:00:00,Email with Xyphorai Inc — RevOS Enterpris,
2477,274,email,2026-07-25T00:00:00,Email with Globecast Inc — RevOS Starter,
2478,274,note,2026-08-19T00:00:00,Note with Globecast Inc — RevOS Starter,
2479,274,call,2026-09-28T00:00:00,Call with Globecast Inc — RevOS Starter,
2480,274,email,2026-06-28T00:00:00,Email with Globecast Inc — RevOS Starter,
2481,274,email,2026-06-16T00:00:00,Email with Globecast Inc — RevOS Starter,
2482,274,email,2026-07-02T00:00:00,Email with Globecast Inc — RevOS Starter,
2483,274,call,2026-07-14T00:00:00,Call with Globecast Inc — RevOS Starter,
2484,274,meeting,2026-06-09T00:00:00,Meeting with Globecast Inc — RevOS Starter,
2485,274,email,2026-08-14T00:00:00,Email with Globecast Inc — RevOS Starter,
2486,275,call,2026-09-07T00:00:00,Call with Novabridge Inc — RevOS Analyti,
2487,275,meeting,2026-09-13T00:00:00,Meeting with Novabridge Inc — RevOS Analyti,
2488,275,email,2026-08-08T00:00:00,Email with Novabridge Inc — RevOS Analyti,
2489,275,meeting,2026-04-09T00:00:00,Meeting with Novabridge Inc — RevOS Analyti,
2490,275,email,2026-06-03T00:00:00,Email with Novabridge Inc — RevOS Analyti,
2491,275,email,2026-09-13T00:00:00,Email with Novabridge Inc — RevOS Analyti,
2492,275,call,2026-05-21T00:00:00,Call with Novabridge Inc — RevOS Analyti,
2493,275,email,2026-04-09T00:00:00,Email with Novabridge Inc — RevOS Analyti,
2494,275,email,2026-04-22T00:00:00,Email with Novabridge Inc — RevOS Analyti,
2495,275,call,2026-07-30T00:00:00,Call with Novabridge Inc — RevOS Analyti,
2496,275,email,2026-08-07T00:00:00,Email with Novabridge Inc — RevOS Analyti,
2497,275,meeting,2026-08-15T00:00:00,Meeting with Novabridge Inc — RevOS Analyti,
2498,275,call,2026-06-09T00:00:00,Call with Novabridge Inc — RevOS Analyti,
2499,275,meeting,2026-07-14T00:00:00,Meeting with Novabridge Inc — RevOS Analyti,
2500,275,email,2026-08-08T00:00:00,Email with Novabridge Inc — RevOS Analyti,
2501,276,call,2026-09-13T00:00:00,Call with Ultradev Inc — RevOS Enterpris,
2502,276,meeting,2026-10-01T00:00:00,Meeting with Ultradev Inc — RevOS Enterpris,
2503,276,note,2026-09-03T00:00:00,Note with Ultradev Inc — RevOS Enterpris,
2504,276,meeting,2026-09-10T00:00:00,Meeting with Ultradev Inc — RevOS Enterpris,
2505,276,call,2026-09-20T00:00:00,Call with Ultradev Inc — RevOS Enterpris,
2506,276,meeting,2026-09-24T00:00:00,Meeting with Ultradev Inc — RevOS Enterpris,
2507,276,meeting,2026-09-09T00:00:00,Meeting with Ultradev Inc — RevOS Enterpris,
2508,276,note,2026-09-28T00:00:00,Note with Ultradev Inc — RevOS Enterpris,
2509,276,email,2026-09-15T00:00:00,Email with Ultradev Inc — RevOS Enterpris,
2510,276,note,2026-09-16T00:00:00,Note with Ultradev Inc — RevOS Enterpris,
2511,276,meeting,2026-09-15T00:00:00,Meeting with Ultradev Inc — RevOS Enterpris,
2512,277,call,2026-09-13T00:00:00,Call with Fusionware Inc — RevOS Pro,
2513,277,email,2026-05-27T00:00:00,Email with Fusionware Inc — RevOS Pro,
2514,277,note,2026-05-24T00:00:00,Note with Fusionware Inc — RevOS Pro,
2515,277,email,2026-04-11T00:00:00,Email with Fusionware Inc — RevOS Pro,
2516,277,call,2026-07-10T00:00:00,Call with Fusionware Inc — RevOS Pro,
2517,277,call,2026-04-10T00:00:00,Call with Fusionware Inc — RevOS Pro,
2518,278,note,2026-06-18T00:00:00,Note with Qubitlabs Inc — RevOS Analytic,
2519,278,email,2026-10-01T00:00:00,Email with Qubitlabs Inc — RevOS Analytic,
2520,278,email,2026-10-01T00:00:00,Email with Qubitlabs Inc — RevOS Analytic,
2521,278,email,2026-07-10T00:00:00,Email with Qubitlabs Inc — RevOS Analytic,
2522,278,call,2026-07-11T00:00:00,Call with Qubitlabs Inc — RevOS Analytic,
2523,278,email,2026-07-26T00:00:00,Email with Qubitlabs Inc — RevOS Analytic,
2524,278,meeting,2026-09-03T00:00:00,Meeting with Qubitlabs Inc — RevOS Analytic,
2525,278,call,2026-07-11T00:00:00,Call with Qubitlabs Inc — RevOS Analytic,
2526,279,note,2026-07-23T00:00:00,Note with Finlabs Inc — RevOS Enterprise,
2527,279,note,2026-09-18T00:00:00,Note with Finlabs Inc — RevOS Enterprise,
2528,279,call,2026-09-16T00:00:00,Call with Finlabs Inc — RevOS Enterprise,
2529,279,meeting,2026-09-18T00:00:00,Meeting with Finlabs Inc — RevOS Enterprise,
2530,279,meeting,2026-09-27T00:00:00,Meeting with Finlabs Inc — RevOS Enterprise,
2531,279,email,2026-07-24T00:00:00,Email with Finlabs Inc — RevOS Enterprise,
2532,279,meeting,2026-08-08T00:00:00,Meeting with Finlabs Inc — RevOS Enterprise,
2533,279,note,2026-08-11T00:00:00,Note with Finlabs Inc — RevOS Enterprise,
2534,279,email,2026-08-05T00:00:00,Email with Finlabs Inc — RevOS Enterprise,
2535,279,email,2026-08-04T00:00:00,Email with Finlabs Inc — RevOS Enterprise,
2536,279,email,2026-07-27T00:00:00,Email with Finlabs Inc — RevOS Enterprise,
2537,279,email,2026-09-27T00:00:00,Email with Finlabs Inc — RevOS Enterprise,
2538,280,meeting,2026-10-01T00:00:00,Meeting with Brightspark Inc — RevOS Pro,
2539,280,meeting,2026-09-13T00:00:00,Meeting with Brightspark Inc — RevOS Pro,
2540,280,note,2026-09-12T00:00:00,Note with Brightspark Inc — RevOS Pro,
2541,280,note,2026-09-02T00:00:00,Note with Brightspark Inc — RevOS Pro,
2542,280,meeting,2026-09-29T00:00:00,Meeting with Brightspark Inc — RevOS Pro,
2543,280,call,2026-09-15T00:00:00,Call with Brightspark Inc — RevOS Pro,
2544,281,call,2026-08-27T00:00:00,Call with Globecast Inc — RevOS Analytic,
2545,281,meeting,2026-09-30T00:00:00,Meeting with Globecast Inc — RevOS Analytic,
2546,281,email,2026-07-15T00:00:00,Email with Globecast Inc — RevOS Analytic,
2547,281,email,2026-09-09T00:00:00,Email with Globecast Inc — RevOS Analytic,
2548,281,email,2026-08-10T00:00:00,Email with Globecast Inc — RevOS Analytic,
2549,281,email,2026-09-01T00:00:00,Email with Globecast Inc — RevOS Analytic,
2550,281,email,2026-09-22T00:00:00,Email with Globecast Inc — RevOS Analytic,
2551,281,call,2026-09-09T00:00:00,Call with Globecast Inc — RevOS Analytic,
2552,281,meeting,2026-09-26T00:00:00,Meeting with Globecast Inc — RevOS Analytic,
2553,281,email,2026-07-07T00:00:00,Email with Globecast Inc — RevOS Analytic,
2554,281,email,2026-09-16T00:00:00,Email with Globecast Inc — RevOS Analytic,
2555,281,call,2026-08-19T00:00:00,Call with Globecast Inc — RevOS Analytic,
2556,281,call,2026-07-18T00:00:00,Call with Globecast Inc — RevOS Analytic,
2557,282,email,2026-06-25T00:00:00,Email with Innov8 Inc — RevOS Enterprise,
2558,282,email,2026-06-25T00:00:00,Email with Innov8 Inc — RevOS Enterprise,
2559,282,email,2026-06-25T00:00:00,Email with Innov8 Inc — RevOS Enterprise,
2560,282,call,2026-08-28T00:00:00,Call with Innov8 Inc — RevOS Enterprise,
2561,282,meeting,2026-06-16T00:00:00,Meeting with Innov8 Inc — RevOS Enterprise,
2562,282,email,2026-09-22T00:00:00,Email with Innov8 Inc — RevOS Enterprise,
2563,282,email,2026-09-03T00:00:00,Email with Innov8 Inc — RevOS Enterprise,
2564,282,note,2026-06-24T00:00:00,Note with Innov8 Inc — RevOS Enterprise,
2565,282,email,2026-07-15T00:00:00,Email with Innov8 Inc — RevOS Enterprise,
2566,282,call,2026-09-09T00:00:00,Call with Innov8 Inc — RevOS Enterprise,
2567,283,email,2026-06-07T00:00:00,Email with Keystone Inc — RevOS Enterpris,
2568,283,meeting,2026-08-10T00:00:00,Meeting with Keystone Inc — RevOS Enterpris,
2569,283,email,2026-06-19T00:00:00,Email with Keystone Inc — RevOS Enterpris,
2570,283,email,2026-09-26T00:00:00,Email with Keystone Inc — RevOS Enterpris,
2571,283,meeting,2026-07-01T00:00:00,Meeting with Keystone Inc — RevOS Enterpris,
2572,283,note,2026-07-13T00:00:00,Note with Keystone Inc — RevOS Enterpris,
2573,284,email,2026-08-25T00:00:00,Email with Novabridge Inc — RevOS API,
2574,284,email,2026-09-04T00:00:00,Email with Novabridge Inc — RevOS API,
2575,284,email,2026-09-07T00:00:00,Email with Novabridge Inc — RevOS API,
2576,284,email,2026-08-30T00:00:00,Email with Novabridge Inc — RevOS API,
2577,284,call,2026-09-17T00:00:00,Call with Novabridge Inc — RevOS API,
2578,285,email,2026-07-03T00:00:00,Email with Growthloop Inc — RevOS Starter,
2579,285,email,2026-08-27T00:00:00,Email with Growthloop Inc — RevOS Starter,
2580,285,note,2026-07-13T00:00:00,Note with Growthloop Inc — RevOS Starter,
2581,285,email,2026-09-09T00:00:00,Email with Growthloop Inc — RevOS Starter,
2582,285,email,2026-08-02T00:00:00,Email with Growthloop Inc — RevOS Starter,
2583,285,call,2026-09-26T00:00:00,Call with Growthloop Inc — RevOS Starter,
2584,285,email,2026-07-28T00:00:00,Email with Growthloop Inc — RevOS Starter,
2585,285,email,2026-07-13T00:00:00,Email with Growthloop Inc — RevOS Starter,
2586,285,email,2026-09-17T00:00:00,Email with Growthloop Inc — RevOS Starter,
2587,285,call,2026-06-19T00:00:00,Call with Growthloop Inc — RevOS Starter,
2588,285,call,2026-07-07T00:00:00,Call with Growthloop Inc — RevOS Starter,
2589,285,call,2026-09-17T00:00:00,Call with Growthloop Inc — RevOS Starter,
2590,285,call,2026-08-24T00:00:00,Call with Growthloop Inc — RevOS Starter,
2591,286,note,2026-09-23T00:00:00,Note with Vantagepoint Inc — RevOS Analy,
2592,286,meeting,2026-07-17T00:00:00,Meeting with Vantagepoint Inc — RevOS Analy,
2593,286,note,2026-07-26T00:00:00,Note with Vantagepoint Inc — RevOS Analy,
2594,286,email,2026-04-28T00:00:00,Email with Vantagepoint Inc — RevOS Analy,
2595,286,email,2026-08-25T00:00:00,Email with Vantagepoint Inc — RevOS Analy,
2596,286,email,2026-05-21T00:00:00,Email with Vantagepoint Inc — RevOS Analy,
2597,286,email,2026-07-26T00:00:00,Email with Vantagepoint Inc — RevOS Analy,
2598,286,call,2026-08-23T00:00:00,Call with Vantagepoint Inc — RevOS Analy,
2599,286,call,2026-05-01T00:00:00,Call with Vantagepoint Inc — RevOS Analy,
2600,286,call,2026-09-30T00:00:00,Call with Vantagepoint Inc — RevOS Analy,
2601,286,meeting,2026-09-20T00:00:00,Meeting with Vantagepoint Inc — RevOS Analy,
2602,286,call,2026-08-06T00:00:00,Call with Vantagepoint Inc — RevOS Analy,
2603,286,email,2026-06-27T00:00:00,Email with Vantagepoint Inc — RevOS Analy,
2604,287,email,2026-09-26T00:00:00,Email with Brightspark Inc — RevOS Analyt,
2605,287,call,2026-10-01T00:00:00,Call with Brightspark Inc — RevOS Analyt,
2606,287,note,2026-08-21T00:00:00,Note with Brightspark Inc — RevOS Analyt,
2607,287,meeting,2026-09-02T00:00:00,Meeting with Brightspark Inc — RevOS Analyt,
2608,287,email,2026-09-20T00:00:00,Email with Brightspark Inc — RevOS Analyt,
2609,287,meeting,2026-09-15T00:00:00,Meeting with Brightspark Inc — RevOS Analyt,
2610,287,call,2026-09-24T00:00:00,Call with Brightspark Inc — RevOS Analyt,
2611,287,email,2026-08-20T00:00:00,Email with Brightspark Inc — RevOS Analyt,
2612,288,email,2026-10-01T00:00:00,Email with Growthloop Inc — RevOS Enterpr,
2613,288,note,2026-09-21T00:00:00,Note with Growthloop Inc — RevOS Enterpr,
2614,288,email,2026-09-18T00:00:00,Email with Growthloop Inc — RevOS Enterpr,
2615,288,meeting,2026-09-20T00:00:00,Meeting with Growthloop Inc — RevOS Enterpr,
2616,288,meeting,2026-09-06T00:00:00,Meeting with Growthloop Inc — RevOS Enterpr,
2617,289,note,2026-08-05T00:00:00,Note with Luminance Inc — RevOS API,
2618,289,meeting,2026-09-07T00:00:00,Meeting with Luminance Inc — RevOS API,
2619,289,meeting,2026-08-17T00:00:00,Meeting with Luminance Inc — RevOS API,
2620,289,email,2026-09-26T00:00:00,Email with Luminance Inc — RevOS API,
2621,289,email,2026-09-26T00:00:00,Email with Luminance Inc — RevOS API,
2622,289,email,2026-08-17T00:00:00,Email with Luminance Inc — RevOS API,
2623,289,email,2026-08-21T00:00:00,Email with Luminance Inc — RevOS API,
2624,289,email,2026-08-09T00:00:00,Email with Luminance Inc — RevOS API,
2625,289,call,2026-08-25T00:00:00,Call with Luminance Inc — RevOS API,
2626,289,email,2026-08-30T00:00:00,Email with Luminance Inc — RevOS API,
2627,289,email,2026-09-15T00:00:00,Email with Luminance Inc — RevOS API,
2628,289,email,2026-08-19T00:00:00,Email with Luminance Inc — RevOS API,
2629,289,call,2026-09-28T00:00:00,Call with Luminance Inc — RevOS API,
2630,289,meeting,2026-09-18T00:00:00,Meeting with Luminance Inc — RevOS API,
2631,289,meeting,2026-09-28T00:00:00,Meeting with Luminance Inc — RevOS API,
2632,290,meeting,2026-07-18T00:00:00,Meeting with Luminance Inc — RevOS Pro,
2633,290,email,2026-06-10T00:00:00,Email with Luminance Inc — RevOS Pro,
2634,290,meeting,2026-08-06T00:00:00,Meeting with Luminance Inc — RevOS Pro,
2635,290,email,2026-06-20T00:00:00,Email with Luminance Inc — RevOS Pro,
2636,290,note,2026-08-08T00:00:00,Note with Luminance Inc — RevOS Pro,
2637,290,call,2026-09-02T00:00:00,Call with Luminance Inc — RevOS Pro,
2638,290,email,2026-09-30T00:00:00,Email with Luminance Inc — RevOS Pro,
2639,290,meeting,2026-09-19T00:00:00,Meeting with Luminance Inc — RevOS Pro,
2640,290,email,2026-05-23T00:00:00,Email with Luminance Inc — RevOS Pro,
2641,290,meeting,2026-07-01T00:00:00,Meeting with Luminance Inc — RevOS Pro,
2642,291,email,2026-08-01T00:00:00,Email with Infoedge Inc — RevOS Enterpris,
2643,291,call,2026-05-01T00:00:00,Call with Infoedge Inc — RevOS Enterpris,
2644,291,note,2026-08-10T00:00:00,Note with Infoedge Inc — RevOS Enterpris,
2645,291,email,2026-06-28T00:00:00,Email with Infoedge Inc — RevOS Enterpris,
2646,291,email,2026-06-18T00:00:00,Email with Infoedge Inc — RevOS Enterpris,
2647,291,call,2026-07-17T00:00:00,Call with Infoedge Inc — RevOS Enterpris,
2648,291,email,2026-07-26T00:00:00,Email with Infoedge Inc — RevOS Enterpris,
2649,291,call,2026-06-16T00:00:00,Call with Infoedge Inc — RevOS Enterpris,
2650,292,email,2026-07-31T00:00:00,Email with Omnilayer Inc — RevOS Pro,
2651,292,email,2026-09-13T00:00:00,Email with Omnilayer Inc — RevOS Pro,
2652,292,email,2026-08-28T00:00:00,Email with Omnilayer Inc — RevOS Pro,
2653,292,meeting,2026-08-22T00:00:00,Meeting with Omnilayer Inc — RevOS Pro,
2654,292,call,2026-06-09T00:00:00,Call with Omnilayer Inc — RevOS Pro,
2655,292,email,2026-06-03T00:00:00,Email with Omnilayer Inc — RevOS Pro,
2656,292,meeting,2026-06-07T00:00:00,Meeting with Omnilayer Inc — RevOS Pro,
2657,293,email,2026-05-03T00:00:00,Email with Raptorx Inc — RevOS API,
2658,293,call,2026-06-01T00:00:00,Call with Raptorx Inc — RevOS API,
2659,293,meeting,2026-08-06T00:00:00,Meeting with Raptorx Inc — RevOS API,
2660,293,call,2026-05-02T00:00:00,Call with Raptorx Inc — RevOS API,
2661,293,call,2026-08-10T00:00:00,Call with Raptorx Inc — RevOS API,
2662,293,email,2026-05-13T00:00:00,Email with Raptorx Inc — RevOS API,
2663,293,meeting,2026-07-05T00:00:00,Meeting with Raptorx Inc — RevOS API,
2664,293,call,2026-05-29T00:00:00,Call with Raptorx Inc — RevOS API,
2665,293,call,2026-08-23T00:00:00,Call with Raptorx Inc — RevOS API,
2666,294,meeting,2026-08-25T00:00:00,Meeting with Omnilayer Inc — RevOS API,
2667,294,note,2026-09-02T00:00:00,Note with Omnilayer Inc — RevOS API,
2668,294,meeting,2026-07-10T00:00:00,Meeting with Omnilayer Inc — RevOS API,
2669,294,call,2026-08-19T00:00:00,Call with Omnilayer Inc — RevOS API,
2670,294,note,2026-08-14T00:00:00,Note with Omnilayer Inc — RevOS API,
2671,294,email,2026-07-06T00:00:00,Email with Omnilayer Inc — RevOS API,
2672,294,note,2026-08-08T00:00:00,Note with Omnilayer Inc — RevOS API,
2673,294,call,2026-09-24T00:00:00,Call with Omnilayer Inc — RevOS API,
2674,294,call,2026-07-21T00:00:00,Call with Omnilayer Inc — RevOS API,
2675,294,meeting,2026-09-12T00:00:00,Meeting with Omnilayer Inc — RevOS API,
2676,294,call,2026-08-23T00:00:00,Call with Omnilayer Inc — RevOS API,
2677,294,email,2026-08-24T00:00:00,Email with Omnilayer Inc — RevOS API,
2678,294,note,2026-07-11T00:00:00,Note with Omnilayer Inc — RevOS API,
2679,294,email,2026-08-23T00:00:00,Email with Omnilayer Inc — RevOS API,
2680,294,meeting,2026-09-10T00:00:00,Meeting with Omnilayer Inc — RevOS API,
2681,295,email,2026-09-09T00:00:00,Email with Raptorx Inc — RevOS Enterprise,
2682,295,meeting,2026-08-31T00:00:00,Meeting with Raptorx Inc — RevOS Enterprise,
2683,295,call,2026-08-14T00:00:00,Call with Raptorx Inc — RevOS Enterprise,
2684,295,email,2026-08-24T00:00:00,Email with Raptorx Inc — RevOS Enterprise,
2685,295,email,2026-09-08T00:00:00,Email with Raptorx Inc — RevOS Enterprise,
2686,295,email,2026-09-02T00:00:00,Email with Raptorx Inc — RevOS Enterprise,
2687,295,call,2026-08-15T00:00:00,Call with Raptorx Inc — RevOS Enterprise,
2688,296,email,2026-09-10T00:00:00,Email with Luminance Inc — RevOS API,
2689,296,email,2026-09-11T00:00:00,Email with Luminance Inc — RevOS API,
2690,296,email,2026-07-01T00:00:00,Email with Luminance Inc — RevOS API,
2691,296,email,2026-06-21T00:00:00,Email with Luminance Inc — RevOS API,
2692,296,call,2026-06-27T00:00:00,Call with Luminance Inc — RevOS API,
2693,296,note,2026-08-03T00:00:00,Note with Luminance Inc — RevOS API,
2694,296,note,2026-07-23T00:00:00,Note with Luminance Inc — RevOS API,
2695,296,call,2026-09-05T00:00:00,Call with Luminance Inc — RevOS API,
2696,297,call,2026-09-24T00:00:00,Call with Quantleap Inc — RevOS Enterpri,
2697,297,email,2026-08-08T00:00:00,Email with Quantleap Inc — RevOS Enterpri,
2698,297,email,2026-07-22T00:00:00,Email with Quantleap Inc — RevOS Enterpri,
2699,297,call,2026-06-29T00:00:00,Call with Quantleap Inc — RevOS Enterpri,
2700,297,call,2026-09-11T00:00:00,Call with Quantleap Inc — RevOS Enterpri,
2701,297,email,2026-10-01T00:00:00,Email with Quantleap Inc — RevOS Enterpri,
2702,297,note,2026-08-15T00:00:00,Note with Quantleap Inc — RevOS Enterpri,
2703,297,email,2026-06-21T00:00:00,Email with Quantleap Inc — RevOS Enterpri,
2704,297,meeting,2026-08-31T00:00:00,Meeting with Quantleap Inc — RevOS Enterpri,
2705,297,call,2026-08-04T00:00:00,Call with Quantleap Inc — RevOS Enterpri,
2706,297,note,2026-07-04T00:00:00,Note with Quantleap Inc — RevOS Enterpri,
2707,297,meeting,2026-07-13T00:00:00,Meeting with Quantleap Inc — RevOS Enterpri,
2708,297,note,2026-09-14T00:00:00,Note with Quantleap Inc — RevOS Enterpri,
2709,297,note,2026-09-26T00:00:00,Note with Quantleap Inc — RevOS Enterpri,
2710,298,email,2026-09-18T00:00:00,Email with Edgeflux Inc — RevOS Starter,
2711,298,note,2026-07-12T00:00:00,Note with Edgeflux Inc — RevOS Starter,
2712,298,call,2026-08-26T00:00:00,Call with Edgeflux Inc — RevOS Starter,
2713,298,meeting,2026-09-26T00:00:00,Meeting with Edgeflux Inc — RevOS Starter,
2714,299,email,2026-09-26T00:00:00,Email with Datavault Inc — RevOS API,
2715,299,call,2026-08-28T00:00:00,Call with Datavault Inc — RevOS API,
2716,299,note,2026-09-21T00:00:00,Note with Datavault Inc — RevOS API,
2717,299,meeting,2026-07-21T00:00:00,Meeting with Datavault Inc — RevOS API,
2718,299,email,2026-09-23T00:00:00,Email with Datavault Inc — RevOS API,
2719,299,meeting,2026-08-19T00:00:00,Meeting with Datavault Inc — RevOS API,
2720,299,email,2026-09-01T00:00:00,Email with Datavault Inc — RevOS API,
2721,299,meeting,2026-07-09T00:00:00,Meeting with Datavault Inc — RevOS API,
2722,299,email,2026-07-20T00:00:00,Email with Datavault Inc — RevOS API,
2723,299,email,2026-07-12T00:00:00,Email with Datavault Inc — RevOS API,
2724,299,meeting,2026-08-08T00:00:00,Meeting with Datavault Inc — RevOS API,
2725,299,email,2026-07-21T00:00:00,Email with Datavault Inc — RevOS API,
2726,299,meeting,2026-08-31T00:00:00,Meeting with Datavault Inc — RevOS API,
2727,299,email,2026-09-05T00:00:00,Email with Datavault Inc — RevOS API,
2728,300,email,2026-07-05T00:00:00,Email with Novabridge Inc — RevOS Analyti,
2729,300,email,2026-07-31T00:00:00,Email with Novabridge Inc — RevOS Analyti,
2730,300,meeting,2026-07-21T00:00:00,Meeting with Novabridge Inc — RevOS Analyti,
2731,300,call,2026-09-03T00:00:00,Call with Novabridge Inc — RevOS Analyti,
2732,300,call,2026-08-01T00:00:00,Call with Novabridge Inc — RevOS Analyti,
2733,300,note,2026-09-07T00:00:00,Note with Novabridge Inc — RevOS Analyti,
2734,301,email,2026-08-07T00:00:00,Email with Xyphorai Inc — RevOS API,
2735,301,meeting,2026-08-08T00:00:00,Meeting with Xyphorai Inc — RevOS API,
2736,301,call,2026-06-19T00:00:00,Call with Xyphorai Inc — RevOS API,
2737,302,email,2026-09-20T00:00:00,Email with Luminance Inc — RevOS Enterpri,
2738,302,meeting,2026-08-09T00:00:00,Meeting with Luminance Inc — RevOS Enterpri,
2739,302,call,2026-08-20T00:00:00,Call with Luminance Inc — RevOS Enterpri,
2740,302,note,2026-09-30T00:00:00,Note with Luminance Inc — RevOS Enterpri,
2741,302,call,2026-09-19T00:00:00,Call with Luminance Inc — RevOS Enterpri,
2742,302,email,2026-09-01T00:00:00,Email with Luminance Inc — RevOS Enterpri,
2743,302,email,2026-09-24T00:00:00,Email with Luminance Inc — RevOS Enterpri,
2744,302,meeting,2026-08-25T00:00:00,Meeting with Luminance Inc — RevOS Enterpri,
2745,302,meeting,2026-09-14T00:00:00,Meeting with Luminance Inc — RevOS Enterpri,
2746,302,email,2026-07-22T00:00:00,Email with Luminance Inc — RevOS Enterpri,
2747,302,email,2026-10-01T00:00:00,Email with Luminance Inc — RevOS Enterpri,
2748,302,call,2026-09-02T00:00:00,Call with Luminance Inc — RevOS Enterpri,
2749,302,note,2026-09-10T00:00:00,Note with Luminance Inc — RevOS Enterpri,
2750,302,meeting,2026-07-21T00:00:00,Meeting with Luminance Inc — RevOS Enterpri,
2751,303,meeting,2026-09-27T00:00:00,Meeting with Vertexsys Inc — RevOS Enterpri,
2752,303,email,2026-09-07T00:00:00,Email with Vertexsys Inc — RevOS Enterpri,
2753,303,email,2026-09-26T00:00:00,Email with Vertexsys Inc — RevOS Enterpri,
2754,303,note,2026-09-30T00:00:00,Note with Vertexsys Inc — RevOS Enterpri,
2755,303,email,2026-08-30T00:00:00,Email with Vertexsys Inc — RevOS Enterpri,
2756,303,email,2026-09-05T00:00:00,Email with Vertexsys Inc — RevOS Enterpri,
2757,303,call,2026-08-30T00:00:00,Call with Vertexsys Inc — RevOS Enterpri,
2758,304,email,2026-09-24T00:00:00,Email with Quantleap Inc — RevOS Analytic,
2759,304,note,2026-09-13T00:00:00,Note with Quantleap Inc — RevOS Analytic,
2760,304,call,2026-07-27T00:00:00,Call with Quantleap Inc — RevOS Analytic,
2761,304,meeting,2026-07-21T00:00:00,Meeting with Quantleap Inc — RevOS Analytic,
2762,304,note,2026-07-29T00:00:00,Note with Quantleap Inc — RevOS Analytic,
2763,305,meeting,2026-08-29T00:00:00,Meeting with Xeronova Inc — RevOS Starter,
2764,305,meeting,2026-08-02T00:00:00,Meeting with Xeronova Inc — RevOS Starter,
2765,305,call,2026-08-29T00:00:00,Call with Xeronova Inc — RevOS Starter,
2766,305,email,2026-09-26T00:00:00,Email with Xeronova Inc — RevOS Starter,
2767,305,call,2026-09-09T00:00:00,Call with Xeronova Inc — RevOS Starter,
2768,305,email,2026-09-17T00:00:00,Email with Xeronova Inc — RevOS Starter,
2769,305,email,2026-09-15T00:00:00,Email with Xeronova Inc — RevOS Starter,
2770,306,email,2026-08-02T00:00:00,Email with Kinetiq Inc — RevOS Pro,
2771,306,meeting,2026-08-19T00:00:00,Meeting with Kinetiq Inc — RevOS Pro,
2772,306,call,2026-09-17T00:00:00,Call with Kinetiq Inc — RevOS Pro,
2773,306,meeting,2026-07-04T00:00:00,Meeting with Kinetiq Inc — RevOS Pro,
2774,306,email,2026-06-24T00:00:00,Email with Kinetiq Inc — RevOS Pro,
2775,307,note,2026-09-19T00:00:00,Note with Brightspark Inc — RevOS Analyt,
2776,307,email,2026-09-18T00:00:00,Email with Brightspark Inc — RevOS Analyt,
2777,307,call,2026-07-31T00:00:00,Call with Brightspark Inc — RevOS Analyt,
2778,307,call,2026-08-14T00:00:00,Call with Brightspark Inc — RevOS Analyt,
2779,307,note,2026-09-30T00:00:00,Note with Brightspark Inc — RevOS Analyt,
2780,307,note,2026-09-18T00:00:00,Note with Brightspark Inc — RevOS Analyt,
2781,307,call,2026-09-07T00:00:00,Call with Brightspark Inc — RevOS Analyt,
2782,307,call,2026-08-18T00:00:00,Call with Brightspark Inc — RevOS Analyt,
2783,307,meeting,2026-09-26T00:00:00,Meeting with Brightspark Inc — RevOS Analyt,
2784,307,email,2026-09-13T00:00:00,Email with Brightspark Inc — RevOS Analyt,
2785,307,call,2026-09-15T00:00:00,Call with Brightspark Inc — RevOS Analyt,
2786,307,note,2026-08-21T00:00:00,Note with Brightspark Inc — RevOS Analyt,
2787,307,call,2026-08-17T00:00:00,Call with Brightspark Inc — RevOS Analyt,
2788,308,email,2026-09-21T00:00:00,Email with Deltaforce Inc — RevOS API,
2789,308,note,2026-08-01T00:00:00,Note with Deltaforce Inc — RevOS API,
2790,308,email,2026-09-27T00:00:00,Email with Deltaforce Inc — RevOS API,
2791,308,email,2026-06-18T00:00:00,Email with Deltaforce Inc — RevOS API,
2792,308,email,2026-09-24T00:00:00,Email with Deltaforce Inc — RevOS API,
2793,308,call,2026-08-14T00:00:00,Call with Deltaforce Inc — RevOS API,
2794,308,meeting,2026-07-03T00:00:00,Meeting with Deltaforce Inc — RevOS API,
2795,308,note,2026-07-28T00:00:00,Note with Deltaforce Inc — RevOS API,
2796,308,email,2026-09-11T00:00:00,Email with Deltaforce Inc — RevOS API,
2797,308,call,2026-07-31T00:00:00,Call with Deltaforce Inc — RevOS API,
2798,308,meeting,2026-06-16T00:00:00,Meeting with Deltaforce Inc — RevOS API,
2799,308,email,2026-09-17T00:00:00,Email with Deltaforce Inc — RevOS API,
2800,308,note,2026-09-27T00:00:00,Note with Deltaforce Inc — RevOS API,
2801,308,call,2026-07-03T00:00:00,Call with Deltaforce Inc — RevOS API,
2802,309,meeting,2026-09-13T00:00:00,Meeting with Signalops Inc — RevOS Starter,
2803,309,note,2026-09-26T00:00:00,Note with Signalops Inc — RevOS Starter,
2804,309,note,2026-09-28T00:00:00,Note with Signalops Inc — RevOS Starter,
2805,309,meeting,2026-09-15T00:00:00,Meeting with Signalops Inc — RevOS Starter,
2806,310,call,2026-09-27T00:00:00,Call with Luminance Inc — RevOS API,
2807,310,meeting,2026-09-27T00:00:00,Meeting with Luminance Inc — RevOS API,
2808,310,note,2026-09-25T00:00:00,Note with Luminance Inc — RevOS API,
2809,310,email,2026-09-27T00:00:00,Email with Luminance Inc — RevOS API,
2810,310,meeting,2026-09-20T00:00:00,Meeting with Luminance Inc — RevOS API,
2811,310,email,2026-09-06T00:00:00,Email with Luminance Inc — RevOS API,
2812,310,meeting,2026-09-17T00:00:00,Meeting with Luminance Inc — RevOS API,
2813,311,email,2026-07-23T00:00:00,Email with Datavault Inc — RevOS Pro,
2814,311,call,2026-09-21T00:00:00,Call with Datavault Inc — RevOS Pro,
2815,311,call,2026-09-12T00:00:00,Call with Datavault Inc — RevOS Pro,
2816,311,email,2026-08-02T00:00:00,Email with Datavault Inc — RevOS Pro,
2817,311,meeting,2026-08-20T00:00:00,Meeting with Datavault Inc — RevOS Pro,
2818,311,meeting,2026-09-30T00:00:00,Meeting with Datavault Inc — RevOS Pro,
2819,311,meeting,2026-08-01T00:00:00,Meeting with Datavault Inc — RevOS Pro,
2820,311,call,2026-09-02T00:00:00,Call with Datavault Inc — RevOS Pro,
2821,311,email,2026-08-30T00:00:00,Email with Datavault Inc — RevOS Pro,
2822,311,meeting,2026-08-18T00:00:00,Meeting with Datavault Inc — RevOS Pro,
2823,311,email,2026-08-13T00:00:00,Email with Datavault Inc — RevOS Pro,
2824,311,call,2026-08-29T00:00:00,Call with Datavault Inc — RevOS Pro,
2825,311,call,2026-07-27T00:00:00,Call with Datavault Inc — RevOS Pro,
2826,311,meeting,2026-09-18T00:00:00,Meeting with Datavault Inc — RevOS Pro,
2827,312,email,2026-07-03T00:00:00,Email with Globecast Inc — RevOS Analytic,
2828,312,email,2026-08-19T00:00:00,Email with Globecast Inc — RevOS Analytic,
2829,312,meeting,2026-08-21T00:00:00,Meeting with Globecast Inc — RevOS Analytic,
2830,312,email,2026-09-20T00:00:00,Email with Globecast Inc — RevOS Analytic,
2831,312,meeting,2026-05-07T00:00:00,Meeting with Globecast Inc — RevOS Analytic,
2832,312,call,2026-06-04T00:00:00,Call with Globecast Inc — RevOS Analytic,
2833,312,email,2026-05-04T00:00:00,Email with Globecast Inc — RevOS Analytic,
2834,312,call,2026-07-31T00:00:00,Call with Globecast Inc — RevOS Analytic,
2835,312,email,2026-07-11T00:00:00,Email with Globecast Inc — RevOS Analytic,
2836,312,call,2026-06-07T00:00:00,Call with Globecast Inc — RevOS Analytic,
2837,312,call,2026-07-15T00:00:00,Call with Globecast Inc — RevOS Analytic,
2838,312,meeting,2026-08-18T00:00:00,Meeting with Globecast Inc — RevOS Analytic,
2839,312,meeting,2026-06-06T00:00:00,Meeting with Globecast Inc — RevOS Analytic,
2840,312,email,2026-05-30T00:00:00,Email with Globecast Inc — RevOS Analytic,
2841,312,note,2026-07-11T00:00:00,Note with Globecast Inc — RevOS Analytic,
2842,313,email,2026-09-22T00:00:00,Email with Datavault Inc — RevOS Analytic,
2843,313,call,2026-09-21T00:00:00,Call with Datavault Inc — RevOS Analytic,
2844,313,call,2026-09-19T00:00:00,Call with Datavault Inc — RevOS Analytic,
2845,313,email,2026-09-23T00:00:00,Email with Datavault Inc — RevOS Analytic,
2846,313,meeting,2026-10-01T00:00:00,Meeting with Datavault Inc — RevOS Analytic,
2847,313,call,2026-10-01T00:00:00,Call with Datavault Inc — RevOS Analytic,
2848,313,note,2026-09-20T00:00:00,Note with Datavault Inc — RevOS Analytic,
2849,314,call,2026-08-05T00:00:00,Call with Innov8 Inc — RevOS Enterprise,
2850,314,email,2026-09-19T00:00:00,Email with Innov8 Inc — RevOS Enterprise,
2851,314,email,2026-09-02T00:00:00,Email with Innov8 Inc — RevOS Enterprise,
2852,314,call,2026-09-17T00:00:00,Call with Innov8 Inc — RevOS Enterprise,
2853,314,call,2026-09-22T00:00:00,Call with Innov8 Inc — RevOS Enterprise,
2854,314,note,2026-09-16T00:00:00,Note with Innov8 Inc — RevOS Enterprise,
2855,314,meeting,2026-07-18T00:00:00,Meeting with Innov8 Inc — RevOS Enterprise,
2856,314,email,2026-07-25T00:00:00,Email with Innov8 Inc — RevOS Enterprise,
2857,314,email,2026-08-25T00:00:00,Email with Innov8 Inc — RevOS Enterprise,
2858,314,email,2026-08-05T00:00:00,Email with Innov8 Inc — RevOS Enterprise,
2859,314,call,2026-08-01T00:00:00,Call with Innov8 Inc — RevOS Enterprise,
2860,314,call,2026-08-31T00:00:00,Call with Innov8 Inc — RevOS Enterprise,
2861,314,note,2026-09-27T00:00:00,Note with Innov8 Inc — RevOS Enterprise,
2862,315,meeting,2026-09-27T00:00:00,Meeting with Keystone Inc — RevOS Enterpris,
2863,315,meeting,2026-09-26T00:00:00,Meeting with Keystone Inc — RevOS Enterpris,
2864,315,note,2026-09-07T00:00:00,Note with Keystone Inc — RevOS Enterpris,
2865,316,email,2026-09-07T00:00:00,Email with Novabridge Inc — RevOS Analyti,
2866,316,email,2026-08-28T00:00:00,Email with Novabridge Inc — RevOS Analyti,
2867,316,note,2026-09-01T00:00:00,Note with Novabridge Inc — RevOS Analyti,
2868,316,email,2026-09-27T00:00:00,Email with Novabridge Inc — RevOS Analyti,
2869,316,note,2026-09-30T00:00:00,Note with Novabridge Inc — RevOS Analyti,
2870,316,note,2026-09-29T00:00:00,Note with Novabridge Inc — RevOS Analyti,
2871,316,call,2026-08-29T00:00:00,Call with Novabridge Inc — RevOS Analyti,
2872,316,email,2026-09-28T00:00:00,Email with Novabridge Inc — RevOS Analyti,
2873,316,meeting,2026-09-11T00:00:00,Meeting with Novabridge Inc — RevOS Analyti,
2874,316,meeting,2026-09-06T00:00:00,Meeting with Novabridge Inc — RevOS Analyti,
2875,316,email,2026-09-10T00:00:00,Email with Novabridge Inc — RevOS Analyti,
2876,316,email,2026-09-24T00:00:00,Email with Novabridge Inc — RevOS Analyti,
2877,316,call,2026-09-12T00:00:00,Call with Novabridge Inc — RevOS Analyti,
2878,316,meeting,2026-08-31T00:00:00,Meeting with Novabridge Inc — RevOS Analyti,
2879,317,note,2026-06-04T00:00:00,Note with Edgeflux Inc — RevOS API,
2880,317,call,2026-06-21T00:00:00,Call with Edgeflux Inc — RevOS API,
2881,317,email,2026-06-03T00:00:00,Email with Edgeflux Inc — RevOS API,
2882,317,call,2026-07-20T00:00:00,Call with Edgeflux Inc — RevOS API,
2883,317,call,2026-09-18T00:00:00,Call with Edgeflux Inc — RevOS API,
2884,317,email,2026-06-01T00:00:00,Email with Edgeflux Inc — RevOS API,
2885,317,email,2026-06-06T00:00:00,Email with Edgeflux Inc — RevOS API,
2886,317,call,2026-06-17T00:00:00,Call with Edgeflux Inc — RevOS API,
2887,317,email,2026-09-17T00:00:00,Email with Edgeflux Inc — RevOS API,
2888,317,call,2026-07-13T00:00:00,Call with Edgeflux Inc — RevOS API,
2889,317,call,2026-08-03T00:00:00,Call with Edgeflux Inc — RevOS API,
2890,317,note,2026-09-06T00:00:00,Note with Edgeflux Inc — RevOS API,
2891,317,meeting,2026-06-16T00:00:00,Meeting with Edgeflux Inc — RevOS API,
2892,317,meeting,2026-09-09T00:00:00,Meeting with Edgeflux Inc — RevOS API,
2893,318,note,2026-08-31T00:00:00,Note with Hexacore Inc — RevOS Starter,
2894,318,meeting,2026-07-10T00:00:00,Meeting with Hexacore Inc — RevOS Starter,
2895,318,call,2026-07-15T00:00:00,Call with Hexacore Inc — RevOS Starter,
2896,318,email,2026-06-21T00:00:00,Email with Hexacore Inc — RevOS Starter,
2897,318,call,2026-09-07T00:00:00,Call with Hexacore Inc — RevOS Starter,
2898,318,email,2026-07-22T00:00:00,Email with Hexacore Inc — RevOS Starter,
2899,319,email,2026-08-15T00:00:00,Email with Signalops Inc — RevOS Enterpri,
2900,319,call,2026-09-12T00:00:00,Call with Signalops Inc — RevOS Enterpri,
2901,319,call,2026-08-19T00:00:00,Call with Signalops Inc — RevOS Enterpri,
2902,319,note,2026-08-07T00:00:00,Note with Signalops Inc — RevOS Enterpri,
2903,319,email,2026-09-29T00:00:00,Email with Signalops Inc — RevOS Enterpri,
2904,319,email,2026-07-31T00:00:00,Email with Signalops Inc — RevOS Enterpri,
2905,319,call,2026-10-01T00:00:00,Call with Signalops Inc — RevOS Enterpri,
2906,319,email,2026-08-31T00:00:00,Email with Signalops Inc — RevOS Enterpri,
2907,319,meeting,2026-08-04T00:00:00,Meeting with Signalops Inc — RevOS Enterpri,
2908,319,email,2026-09-12T00:00:00,Email with Signalops Inc — RevOS Enterpri,
2909,319,note,2026-09-28T00:00:00,Note with Signalops Inc — RevOS Enterpri,
2910,320,email,2026-07-03T00:00:00,Email with Novabridge Inc — RevOS Enterpr,
2911,320,meeting,2026-06-14T00:00:00,Meeting with Novabridge Inc — RevOS Enterpr,
2912,320,email,2026-07-11T00:00:00,Email with Novabridge Inc — RevOS Enterpr,
2913,320,email,2026-08-04T00:00:00,Email with Novabridge Inc — RevOS Enterpr,
2914,320,call,2026-09-30T00:00:00,Call with Novabridge Inc — RevOS Enterpr,
2915,320,note,2026-08-02T00:00:00,Note with Novabridge Inc — RevOS Enterpr,
2916,320,call,2026-07-10T00:00:00,Call with Novabridge Inc — RevOS Enterpr,
2917,320,email,2026-06-26T00:00:00,Email with Novabridge Inc — RevOS Enterpr,
2918,321,meeting,2026-09-14T00:00:00,Meeting with Keystone Inc — RevOS Starter,
2919,321,call,2026-08-15T00:00:00,Call with Keystone Inc — RevOS Starter,
2920,321,email,2026-08-15T00:00:00,Email with Keystone Inc — RevOS Starter,
2921,321,note,2026-09-30T00:00:00,Note with Keystone Inc — RevOS Starter,
2922,321,meeting,2026-09-17T00:00:00,Meeting with Keystone Inc — RevOS Starter,
2923,321,email,2026-08-29T00:00:00,Email with Keystone Inc — RevOS Starter,
2924,322,note,2026-09-27T00:00:00,Note with Vertexsys Inc — RevOS API,
2925,322,email,2026-09-24T00:00:00,Email with Vertexsys Inc — RevOS API,
2926,322,email,2026-09-24T00:00:00,Email with Vertexsys Inc — RevOS API,
2927,322,meeting,2026-09-25T00:00:00,Meeting with Vertexsys Inc — RevOS API,
2928,322,call,2026-09-25T00:00:00,Call with Vertexsys Inc — RevOS API,
2929,322,call,2026-09-26T00:00:00,Call with Vertexsys Inc — RevOS API,
2930,322,email,2026-09-26T00:00:00,Email with Vertexsys Inc — RevOS API,
2931,323,note,2026-08-15T00:00:00,Note with Junctionai Inc — RevOS Pro,
2932,323,call,2026-09-03T00:00:00,Call with Junctionai Inc — RevOS Pro,
2933,323,note,2026-08-20T00:00:00,Note with Junctionai Inc — RevOS Pro,
2934,323,email,2026-09-30T00:00:00,Email with Junctionai Inc — RevOS Pro,
2935,323,email,2026-09-26T00:00:00,Email with Junctionai Inc — RevOS Pro,
2936,323,meeting,2026-09-23T00:00:00,Meeting with Junctionai Inc — RevOS Pro,
2937,323,meeting,2026-08-30T00:00:00,Meeting with Junctionai Inc — RevOS Pro,
2938,323,email,2026-08-13T00:00:00,Email with Junctionai Inc — RevOS Pro,
2939,323,email,2026-10-01T00:00:00,Email with Junctionai Inc — RevOS Pro,
2940,324,meeting,2026-08-19T00:00:00,Meeting with Junctionai Inc — RevOS API,
2941,324,email,2026-09-19T00:00:00,Email with Junctionai Inc — RevOS API,
2942,324,call,2026-08-12T00:00:00,Call with Junctionai Inc — RevOS API,
2943,324,email,2026-07-14T00:00:00,Email with Junctionai Inc — RevOS API,
2944,324,email,2026-07-10T00:00:00,Email with Junctionai Inc — RevOS API,
2945,324,call,2026-09-09T00:00:00,Call with Junctionai Inc — RevOS API,
2946,324,call,2026-09-09T00:00:00,Call with Junctionai Inc — RevOS API,
2947,324,meeting,2026-06-14T00:00:00,Meeting with Junctionai Inc — RevOS API,
2948,324,meeting,2026-07-28T00:00:00,Meeting with Junctionai Inc — RevOS API,
2949,324,call,2026-09-07T00:00:00,Call with Junctionai Inc — RevOS API,
2950,324,note,2026-07-14T00:00:00,Note with Junctionai Inc — RevOS API,
2951,325,email,2026-08-29T00:00:00,Email with Innov8 Inc — RevOS Analytics,
2952,325,call,2026-07-19T00:00:00,Call with Innov8 Inc — RevOS Analytics,
2953,325,call,2026-08-16T00:00:00,Call with Innov8 Inc — RevOS Analytics,
2954,325,note,2026-09-06T00:00:00,Note with Innov8 Inc — RevOS Analytics,
2955,325,call,2026-07-26T00:00:00,Call with Innov8 Inc — RevOS Analytics,
2956,325,email,2026-07-21T00:00:00,Email with Innov8 Inc — RevOS Analytics,
2957,325,meeting,2026-09-02T00:00:00,Meeting with Innov8 Inc — RevOS Analytics,
2958,325,call,2026-07-31T00:00:00,Call with Innov8 Inc — RevOS Analytics,
2959,325,email,2026-09-23T00:00:00,Email with Innov8 Inc — RevOS Analytics,
2960,325,call,2026-07-23T00:00:00,Call with Innov8 Inc — RevOS Analytics,
2961,325,call,2026-08-22T00:00:00,Call with Innov8 Inc — RevOS Analytics,
2962,325,call,2026-08-14T00:00:00,Call with Innov8 Inc — RevOS Analytics,
2963,326,email,2026-04-17T00:00:00,Email with Datavault Inc — RevOS API,
2964,326,note,2026-04-29T00:00:00,Note with Datavault Inc — RevOS API,
2965,326,note,2026-07-01T00:00:00,Note with Datavault Inc — RevOS API,
2966,326,note,2026-07-13T00:00:00,Note with Datavault Inc — RevOS API,
2967,326,meeting,2026-08-04T00:00:00,Meeting with Datavault Inc — RevOS API,
2968,326,email,2026-06-05T00:00:00,Email with Datavault Inc — RevOS API,
2969,326,email,2026-08-09T00:00:00,Email with Datavault Inc — RevOS API,
2970,327,email,2026-07-25T00:00:00,Email with Stratosai Inc — RevOS Enterpri,
2971,327,email,2026-09-11T00:00:00,Email with Stratosai Inc — RevOS Enterpri,
2972,327,meeting,2026-08-29T00:00:00,Meeting with Stratosai Inc — RevOS Enterpri,
2973,327,email,2026-06-15T00:00:00,Email with Stratosai Inc — RevOS Enterpri,
2974,327,call,2026-09-03T00:00:00,Call with Stratosai Inc — RevOS Enterpri,
2975,327,meeting,2026-08-02T00:00:00,Meeting with Stratosai Inc — RevOS Enterpri,
2976,327,email,2026-09-23T00:00:00,Email with Stratosai Inc — RevOS Enterpri,
2977,327,email,2026-08-19T00:00:00,Email with Stratosai Inc — RevOS Enterpri,
2978,328,email,2026-07-10T00:00:00,Email with Betaworks Inc — RevOS Pro,
2979,328,note,2026-07-26T00:00:00,Note with Betaworks Inc — RevOS Pro,
2980,328,note,2026-08-13T00:00:00,Note with Betaworks Inc — RevOS Pro,
2981,328,meeting,2026-06-28T00:00:00,Meeting with Betaworks Inc — RevOS Pro,
2982,328,email,2026-08-09T00:00:00,Email with Betaworks Inc — RevOS Pro,
2983,328,call,2026-06-30T00:00:00,Call with Betaworks Inc — RevOS Pro,
2984,328,call,2026-04-25T00:00:00,Call with Betaworks Inc — RevOS Pro,
2985,328,meeting,2026-08-26T00:00:00,Meeting with Betaworks Inc — RevOS Pro,
2986,328,email,2026-08-20T00:00:00,Email with Betaworks Inc — RevOS Pro,
2987,328,meeting,2026-08-15T00:00:00,Meeting with Betaworks Inc — RevOS Pro,
2988,328,call,2026-04-28T00:00:00,Call with Betaworks Inc — RevOS Pro,
2989,329,meeting,2026-09-20T00:00:00,Meeting with Zenithops Inc — RevOS Analytic,
2990,329,meeting,2026-06-04T00:00:00,Meeting with Zenithops Inc — RevOS Analytic,
2991,329,meeting,2026-08-05T00:00:00,Meeting with Zenithops Inc — RevOS Analytic,
2992,329,call,2026-08-14T00:00:00,Call with Zenithops Inc — RevOS Analytic,
2993,329,meeting,2026-05-25T00:00:00,Meeting with Zenithops Inc — RevOS Analytic,
2994,329,email,2026-05-05T00:00:00,Email with Zenithops Inc — RevOS Analytic,
2995,329,email,2026-09-11T00:00:00,Email with Zenithops Inc — RevOS Analytic,
2996,329,meeting,2026-08-30T00:00:00,Meeting with Zenithops Inc — RevOS Analytic,
2997,329,note,2026-08-05T00:00:00,Note with Zenithops Inc — RevOS Analytic,
2998,329,call,2026-07-28T00:00:00,Call with Zenithops Inc — RevOS Analytic,
2999,330,email,2026-08-18T00:00:00,Email with Corelogic Inc — RevOS Enterpri,
3000,330,email,2026-07-07T00:00:00,Email with Corelogic Inc — RevOS Enterpri,
3001,330,email,2026-06-18T00:00:00,Email with Corelogic Inc — RevOS Enterpri,
3002,331,call,2026-07-29T00:00:00,Call with Junctionai Inc — RevOS API,
3003,331,meeting,2026-06-27T00:00:00,Meeting with Junctionai Inc — RevOS API,
3004,331,note,2026-10-01T00:00:00,Note with Junctionai Inc — RevOS API,
3005,331,email,2026-10-01T00:00:00,Email with Junctionai Inc — RevOS API,
3006,331,email,2026-06-13T00:00:00,Email with Junctionai Inc — RevOS API,
3007,331,email,2026-06-22T00:00:00,Email with Junctionai Inc — RevOS API,
3008,332,meeting,2026-09-02T00:00:00,Meeting with Wavefront Inc — RevOS Starter,
3009,332,note,2026-09-22T00:00:00,Note with Wavefront Inc — RevOS Starter,
3010,332,note,2026-09-20T00:00:00,Note with Wavefront Inc — RevOS Starter,
3011,332,meeting,2026-09-14T00:00:00,Meeting with Wavefront Inc — RevOS Starter,
3012,332,email,2026-09-12T00:00:00,Email with Wavefront Inc — RevOS Starter,
3013,332,note,2026-09-27T00:00:00,Note with Wavefront Inc — RevOS Starter,
3014,332,note,2026-09-14T00:00:00,Note with Wavefront Inc — RevOS Starter,
3015,332,meeting,2026-09-13T00:00:00,Meeting with Wavefront Inc — RevOS Starter,
3016,332,email,2026-09-01T00:00:00,Email with Wavefront Inc — RevOS Starter,
3017,332,email,2026-09-28T00:00:00,Email with Wavefront Inc — RevOS Starter,
3018,332,email,2026-09-24T00:00:00,Email with Wavefront Inc — RevOS Starter,
3019,333,email,2026-07-17T00:00:00,Email with Windrose Inc — RevOS Analytics,
3020,333,call,2026-09-16T00:00:00,Call with Windrose Inc — RevOS Analytics,
3021,333,email,2026-07-14T00:00:00,Email with Windrose Inc — RevOS Analytics,
3022,333,call,2026-08-30T00:00:00,Call with Windrose Inc — RevOS Analytics,
3023,333,email,2026-06-25T00:00:00,Email with Windrose Inc — RevOS Analytics,
3024,333,call,2026-07-08T00:00:00,Call with Windrose Inc — RevOS Analytics,
3025,333,email,2026-06-25T00:00:00,Email with Windrose Inc — RevOS Analytics,
3026,333,email,2026-07-17T00:00:00,Email with Windrose Inc — RevOS Analytics,
3027,333,meeting,2026-09-27T00:00:00,Meeting with Windrose Inc — RevOS Analytics,
3028,333,meeting,2026-08-24T00:00:00,Meeting with Windrose Inc — RevOS Analytics,
3029,333,call,2026-08-14T00:00:00,Call with Windrose Inc — RevOS Analytics,
3030,333,note,2026-07-17T00:00:00,Note with Windrose Inc — RevOS Analytics,
3031,333,email,2026-10-01T00:00:00,Email with Windrose Inc — RevOS Analytics,
3032,333,call,2026-07-29T00:00:00,Call with Windrose Inc — RevOS Analytics,
3033,334,email,2026-05-09T00:00:00,Email with Maplesoft Inc — RevOS Analytic,
3034,334,call,2026-08-20T00:00:00,Call with Maplesoft Inc — RevOS Analytic,
3035,334,email,2026-05-30T00:00:00,Email with Maplesoft Inc — RevOS Analytic,
3036,334,meeting,2026-07-23T00:00:00,Meeting with Maplesoft Inc — RevOS Analytic,
3037,334,note,2026-08-24T00:00:00,Note with Maplesoft Inc — RevOS Analytic,
3038,334,email,2026-07-20T00:00:00,Email with Maplesoft Inc — RevOS Analytic,
3039,334,meeting,2026-05-26T00:00:00,Meeting with Maplesoft Inc — RevOS Analytic,
3040,334,note,2026-08-12T00:00:00,Note with Maplesoft Inc — RevOS Analytic,
3041,334,note,2026-05-09T00:00:00,Note with Maplesoft Inc — RevOS Analytic,
3042,334,meeting,2026-07-14T00:00:00,Meeting with Maplesoft Inc — RevOS Analytic,
3043,335,email,2026-06-11T00:00:00,Email with Yieldmax Inc — RevOS API,
3044,335,email,2026-07-07T00:00:00,Email with Yieldmax Inc — RevOS API,
3045,335,email,2026-06-07T00:00:00,Email with Yieldmax Inc — RevOS API,
3046,335,email,2026-06-25T00:00:00,Email with Yieldmax Inc — RevOS API,
3047,335,meeting,2026-08-05T00:00:00,Meeting with Yieldmax Inc — RevOS API,
3048,335,call,2026-06-13T00:00:00,Call with Yieldmax Inc — RevOS API,
3049,335,note,2026-07-02T00:00:00,Note with Yieldmax Inc — RevOS API,
3050,335,email,2026-08-29T00:00:00,Email with Yieldmax Inc — RevOS API,
3051,336,meeting,2026-09-02T00:00:00,Meeting with Alphacloud Inc — RevOS Analyti,
3052,336,email,2026-09-02T00:00:00,Email with Alphacloud Inc — RevOS Analyti,
3053,336,note,2026-09-09T00:00:00,Note with Alphacloud Inc — RevOS Analyti,
3054,336,meeting,2026-09-23T00:00:00,Meeting with Alphacloud Inc — RevOS Analyti,
3055,336,email,2026-09-18T00:00:00,Email with Alphacloud Inc — RevOS Analyti,
3056,336,meeting,2026-08-14T00:00:00,Meeting with Alphacloud Inc — RevOS Analyti,
3057,336,call,2026-08-08T00:00:00,Call with Alphacloud Inc — RevOS Analyti,
3058,336,call,2026-08-26T00:00:00,Call with Alphacloud Inc — RevOS Analyti,
3059,336,note,2026-08-30T00:00:00,Note with Alphacloud Inc — RevOS Analyti,
3060,336,call,2026-08-23T00:00:00,Call with Alphacloud Inc — RevOS Analyti,
3061,336,meeting,2026-08-08T00:00:00,Meeting with Alphacloud Inc — RevOS Analyti,
3062,336,email,2026-08-28T00:00:00,Email with Alphacloud Inc — RevOS Analyti,
3063,337,meeting,2026-05-17T00:00:00,Meeting with Ultradev Inc — RevOS Starter,
3064,337,note,2026-06-14T00:00:00,Note with Ultradev Inc — RevOS Starter,
3065,337,call,2026-05-20T00:00:00,Call with Ultradev Inc — RevOS Starter,
3066,337,email,2026-09-20T00:00:00,Email with Ultradev Inc — RevOS Starter,
3067,337,email,2026-06-03T00:00:00,Email with Ultradev Inc — RevOS Starter,
3068,337,email,2026-07-05T00:00:00,Email with Ultradev Inc — RevOS Starter,
3069,337,email,2026-05-25T00:00:00,Email with Ultradev Inc — RevOS Starter,
3070,337,call,2026-09-07T00:00:00,Call with Ultradev Inc — RevOS Starter,
3071,337,note,2026-08-23T00:00:00,Note with Ultradev Inc — RevOS Starter,
3072,337,call,2026-09-23T00:00:00,Call with Ultradev Inc — RevOS Starter,
3073,338,email,2026-05-18T00:00:00,Email with Nexatech Inc — RevOS Enterpris,
3074,338,note,2026-09-15T00:00:00,Note with Nexatech Inc — RevOS Enterpris,
3075,338,email,2026-07-22T00:00:00,Email with Nexatech Inc — RevOS Enterpris,
3076,338,note,2026-08-19T00:00:00,Note with Nexatech Inc — RevOS Enterpris,
3077,338,call,2026-06-11T00:00:00,Call with Nexatech Inc — RevOS Enterpris,
3078,338,email,2026-07-07T00:00:00,Email with Nexatech Inc — RevOS Enterpris,
3079,338,email,2026-09-26T00:00:00,Email with Nexatech Inc — RevOS Enterpris,
3080,338,email,2026-06-23T00:00:00,Email with Nexatech Inc — RevOS Enterpris,
3081,338,meeting,2026-06-08T00:00:00,Meeting with Nexatech Inc — RevOS Enterpris,
3082,338,email,2026-08-29T00:00:00,Email with Nexatech Inc — RevOS Enterpris,
3083,338,email,2026-06-13T00:00:00,Email with Nexatech Inc — RevOS Enterpris,
3084,338,email,2026-07-21T00:00:00,Email with Nexatech Inc — RevOS Enterpris,
3085,339,email,2026-08-27T00:00:00,Email with Innov8 Inc — RevOS Starter,
3086,339,meeting,2026-09-17T00:00:00,Meeting with Innov8 Inc — RevOS Starter,
3087,339,call,2026-09-24T00:00:00,Call with Innov8 Inc — RevOS Starter,
3088,339,meeting,2026-08-23T00:00:00,Meeting with Innov8 Inc — RevOS Starter,
3089,339,email,2026-08-05T00:00:00,Email with Innov8 Inc — RevOS Starter,
3090,339,meeting,2026-09-05T00:00:00,Meeting with Innov8 Inc — RevOS Starter,
3091,339,meeting,2026-07-24T00:00:00,Meeting with Innov8 Inc — RevOS Starter,
3092,339,call,2026-09-07T00:00:00,Call with Innov8 Inc — RevOS Starter,
3093,339,note,2026-08-14T00:00:00,Note with Innov8 Inc — RevOS Starter,
3094,339,email,2026-07-21T00:00:00,Email with Innov8 Inc — RevOS Starter,
3095,339,meeting,2026-07-24T00:00:00,Meeting with Innov8 Inc — RevOS Starter,
3096,339,email,2026-08-19T00:00:00,Email with Innov8 Inc — RevOS Starter,
3097,339,email,2026-08-30T00:00:00,Email with Innov8 Inc — RevOS Starter,
3098,340,note,2026-09-28T00:00:00,Note with Clearstack Inc — RevOS Enterpr,
3099,340,call,2026-09-10T00:00:00,Call with Clearstack Inc — RevOS Enterpr,
3100,340,call,2026-09-23T00:00:00,Call with Clearstack Inc — RevOS Enterpr,
3101,340,call,2026-09-11T00:00:00,Call with Clearstack Inc — RevOS Enterpr,
3102,340,call,2026-09-14T00:00:00,Call with Clearstack Inc — RevOS Enterpr,
3103,340,meeting,2026-09-05T00:00:00,Meeting with Clearstack Inc — RevOS Enterpr,
3104,340,note,2026-09-30T00:00:00,Note with Clearstack Inc — RevOS Enterpr,
3105,340,note,2026-09-19T00:00:00,Note with Clearstack Inc — RevOS Enterpr,
3106,340,email,2026-09-09T00:00:00,Email with Clearstack Inc — RevOS Enterpr,
3107,340,meeting,2026-09-29T00:00:00,Meeting with Clearstack Inc — RevOS Enterpr,
3108,341,email,2026-09-28T00:00:00,Email with Junctionai Inc — RevOS Starter,
3109,341,meeting,2026-07-08T00:00:00,Meeting with Junctionai Inc — RevOS Starter,
3110,341,email,2026-06-18T00:00:00,Email with Junctionai Inc — RevOS Starter,
3111,341,call,2026-07-14T00:00:00,Call with Junctionai Inc — RevOS Starter,
3112,341,note,2026-04-18T00:00:00,Note with Junctionai Inc — RevOS Starter,
3113,341,email,2026-05-14T00:00:00,Email with Junctionai Inc — RevOS Starter,
3114,341,meeting,2026-08-07T00:00:00,Meeting with Junctionai Inc — RevOS Starter,
3115,341,call,2026-05-12T00:00:00,Call with Junctionai Inc — RevOS Starter,
3116,341,email,2026-06-26T00:00:00,Email with Junctionai Inc — RevOS Starter,
3117,341,email,2026-07-09T00:00:00,Email with Junctionai Inc — RevOS Starter,
3118,342,note,2026-08-22T00:00:00,Note with Kinetiq Inc — RevOS Analytics,
3119,342,note,2026-06-23T00:00:00,Note with Kinetiq Inc — RevOS Analytics,
3120,342,email,2026-08-16T00:00:00,Email with Kinetiq Inc — RevOS Analytics,
3121,342,note,2026-09-25T00:00:00,Note with Kinetiq Inc — RevOS Analytics,
3122,342,email,2026-08-17T00:00:00,Email with Kinetiq Inc — RevOS Analytics,
3123,342,meeting,2026-09-28T00:00:00,Meeting with Kinetiq Inc — RevOS Analytics,
3124,342,email,2026-09-20T00:00:00,Email with Kinetiq Inc — RevOS Analytics,
3125,342,meeting,2026-09-14T00:00:00,Meeting with Kinetiq Inc — RevOS Analytics,
3126,342,call,2026-08-19T00:00:00,Call with Kinetiq Inc — RevOS Analytics,
3127,343,note,2026-09-08T00:00:00,Note with Prismdata Inc — RevOS Starter,
3128,343,email,2026-08-29T00:00:00,Email with Prismdata Inc — RevOS Starter,
3129,343,email,2026-08-31T00:00:00,Email with Prismdata Inc — RevOS Starter,
3130,343,meeting,2026-06-14T00:00:00,Meeting with Prismdata Inc — RevOS Starter,
3131,343,email,2026-08-30T00:00:00,Email with Prismdata Inc — RevOS Starter,
3132,344,meeting,2026-06-14T00:00:00,Meeting with Ultradev Inc — RevOS Enterpris,
3133,344,call,2026-08-22T00:00:00,Call with Ultradev Inc — RevOS Enterpris,
3134,344,email,2026-08-20T00:00:00,Email with Ultradev Inc — RevOS Enterpris,
3135,344,meeting,2026-09-29T00:00:00,Meeting with Ultradev Inc — RevOS Enterpris,
3136,344,call,2026-06-21T00:00:00,Call with Ultradev Inc — RevOS Enterpris,
3137,345,note,2026-09-02T00:00:00,Note with Stratosai Inc — RevOS Enterpri,
3138,345,email,2026-08-23T00:00:00,Email with Stratosai Inc — RevOS Enterpri,
3139,345,email,2026-08-31T00:00:00,Email with Stratosai Inc — RevOS Enterpri,
3140,345,note,2026-09-08T00:00:00,Note with Stratosai Inc — RevOS Enterpri,
3141,345,call,2026-09-05T00:00:00,Call with Stratosai Inc — RevOS Enterpri,
3142,345,meeting,2026-08-14T00:00:00,Meeting with Stratosai Inc — RevOS Enterpri,
3143,345,email,2026-08-25T00:00:00,Email with Stratosai Inc — RevOS Enterpri,
3144,345,meeting,2026-08-22T00:00:00,Meeting with Stratosai Inc — RevOS Enterpri,
3145,345,email,2026-09-17T00:00:00,Email with Stratosai Inc — RevOS Enterpri,
3146,345,call,2026-09-21T00:00:00,Call with Stratosai Inc — RevOS Enterpri,
3147,345,email,2026-08-10T00:00:00,Email with Stratosai Inc — RevOS Enterpri,
3148,345,email,2026-09-01T00:00:00,Email with Stratosai Inc — RevOS Enterpri,
3149,346,email,2026-09-11T00:00:00,Email with Stratosai Inc — RevOS Pro,
3150,346,meeting,2026-09-30T00:00:00,Meeting with Stratosai Inc — RevOS Pro,
3151,346,note,2026-09-27T00:00:00,Note with Stratosai Inc — RevOS Pro,
3152,346,meeting,2026-07-18T00:00:00,Meeting with Stratosai Inc — RevOS Pro,
3153,346,call,2026-08-19T00:00:00,Call with Stratosai Inc — RevOS Pro,
3154,346,email,2026-08-12T00:00:00,Email with Stratosai Inc — RevOS Pro,
3155,346,email,2026-09-12T00:00:00,Email with Stratosai Inc — RevOS Pro,
3156,346,note,2026-06-26T00:00:00,Note with Stratosai Inc — RevOS Pro,
3157,346,email,2026-07-03T00:00:00,Email with Stratosai Inc — RevOS Pro,
3158,346,email,2026-07-19T00:00:00,Email with Stratosai Inc — RevOS Pro,
3159,347,email,2026-06-25T00:00:00,Email with Qubitlabs Inc — RevOS Analytic,
3160,347,meeting,2026-06-23T00:00:00,Meeting with Qubitlabs Inc — RevOS Analytic,
3161,347,email,2026-08-09T00:00:00,Email with Qubitlabs Inc — RevOS Analytic,
3162,347,call,2026-06-17T00:00:00,Call with Qubitlabs Inc — RevOS Analytic,
3163,347,email,2026-09-29T00:00:00,Email with Qubitlabs Inc — RevOS Analytic,
3164,347,email,2026-09-15T00:00:00,Email with Qubitlabs Inc — RevOS Analytic,
3165,347,email,2026-09-07T00:00:00,Email with Qubitlabs Inc — RevOS Analytic,
3166,347,call,2026-06-18T00:00:00,Call with Qubitlabs Inc — RevOS Analytic,
3167,347,email,2026-09-11T00:00:00,Email with Qubitlabs Inc — RevOS Analytic,
3168,347,note,2026-08-13T00:00:00,Note with Qubitlabs Inc — RevOS Analytic,
3169,347,email,2026-05-28T00:00:00,Email with Qubitlabs Inc — RevOS Analytic,
3170,347,email,2026-07-22T00:00:00,Email with Qubitlabs Inc — RevOS Analytic,
3171,347,call,2026-09-14T00:00:00,Call with Qubitlabs Inc — RevOS Analytic,
3172,347,note,2026-06-30T00:00:00,Note with Qubitlabs Inc — RevOS Analytic,
3173,348,meeting,2026-09-20T00:00:00,Meeting with Ecomsprint Inc — RevOS Pro,
3174,348,call,2026-09-03T00:00:00,Call with Ecomsprint Inc — RevOS Pro,
3175,348,note,2026-08-25T00:00:00,Note with Ecomsprint Inc — RevOS Pro,
3176,348,note,2026-09-27T00:00:00,Note with Ecomsprint Inc — RevOS Pro,
3177,348,email,2026-09-12T00:00:00,Email with Ecomsprint Inc — RevOS Pro,
3178,348,call,2026-10-01T00:00:00,Call with Ecomsprint Inc — RevOS Pro,
3179,348,call,2026-09-16T00:00:00,Call with Ecomsprint Inc — RevOS Pro,
3180,348,email,2026-09-29T00:00:00,Email with Ecomsprint Inc — RevOS Pro,
3181,348,meeting,2026-09-06T00:00:00,Meeting with Ecomsprint Inc — RevOS Pro,
3182,348,note,2026-09-06T00:00:00,Note with Ecomsprint Inc — RevOS Pro,
3183,348,call,2026-09-29T00:00:00,Call with Ecomsprint Inc — RevOS Pro,
3184,348,meeting,2026-09-15T00:00:00,Meeting with Ecomsprint Inc — RevOS Pro,
3185,348,note,2026-09-05T00:00:00,Note with Ecomsprint Inc — RevOS Pro,
3186,348,email,2026-08-25T00:00:00,Email with Ecomsprint Inc — RevOS Pro,
3187,349,email,2026-08-26T00:00:00,Email with Fusionware Inc — RevOS Pro,
3188,349,email,2026-08-28T00:00:00,Email with Fusionware Inc — RevOS Pro,
3189,349,meeting,2026-08-13T00:00:00,Meeting with Fusionware Inc — RevOS Pro,
3190,349,note,2026-05-20T00:00:00,Note with Fusionware Inc — RevOS Pro,
3191,349,call,2026-08-26T00:00:00,Call with Fusionware Inc — RevOS Pro,
3192,349,email,2026-09-15T00:00:00,Email with Fusionware Inc — RevOS Pro,
3193,349,note,2026-09-03T00:00:00,Note with Fusionware Inc — RevOS Pro,
3194,349,email,2026-07-30T00:00:00,Email with Fusionware Inc — RevOS Pro,
3195,349,call,2026-05-21T00:00:00,Call with Fusionware Inc — RevOS Pro,
3196,349,call,2026-05-19T00:00:00,Call with Fusionware Inc — RevOS Pro,
3197,349,note,2026-05-24T00:00:00,Note with Fusionware Inc — RevOS Pro,
3198,349,email,2026-06-24T00:00:00,Email with Fusionware Inc — RevOS Pro,
3199,349,call,2026-09-25T00:00:00,Call with Fusionware Inc — RevOS Pro,
3200,349,meeting,2026-08-02T00:00:00,Meeting with Fusionware Inc — RevOS Pro,
3201,350,call,2026-07-22T00:00:00,Call with Datavault Inc — RevOS API,
3202,350,note,2026-08-03T00:00:00,Note with Datavault Inc — RevOS API,
3203,350,note,2026-08-20T00:00:00,Note with Datavault Inc — RevOS API,
3204,351,meeting,2026-09-14T00:00:00,Meeting with Hexacore Inc — RevOS Starter,
3205,351,meeting,2026-09-18T00:00:00,Meeting with Hexacore Inc — RevOS Starter,
3206,351,email,2026-07-28T00:00:00,Email with Hexacore Inc — RevOS Starter,
3207,352,call,2026-05-04T00:00:00,Call with Alphacloud Inc — RevOS Pro,
3208,352,email,2026-07-21T00:00:00,Email with Alphacloud Inc — RevOS Pro,
3209,352,meeting,2026-08-11T00:00:00,Meeting with Alphacloud Inc — RevOS Pro,
3210,352,meeting,2026-08-22T00:00:00,Meeting with Alphacloud Inc — RevOS Pro,
3211,352,email,2026-07-01T00:00:00,Email with Alphacloud Inc — RevOS Pro,
3212,353,email,2026-08-17T00:00:00,Email with Kinetiq Inc — RevOS Analytics,
3213,353,email,2026-08-04T00:00:00,Email with Kinetiq Inc — RevOS Analytics,
3214,353,email,2026-07-10T00:00:00,Email with Kinetiq Inc — RevOS Analytics,
3215,353,note,2026-10-01T00:00:00,Note with Kinetiq Inc — RevOS Analytics,
3216,353,meeting,2026-08-06T00:00:00,Meeting with Kinetiq Inc — RevOS Analytics,
3217,353,email,2026-07-24T00:00:00,Email with Kinetiq Inc — RevOS Analytics,
3218,353,call,2026-09-12T00:00:00,Call with Kinetiq Inc — RevOS Analytics,
3219,353,meeting,2026-08-24T00:00:00,Meeting with Kinetiq Inc — RevOS Analytics,
3220,353,meeting,2026-07-26T00:00:00,Meeting with Kinetiq Inc — RevOS Analytics,
3221,353,email,2026-07-15T00:00:00,Email with Kinetiq Inc — RevOS Analytics,
3222,353,call,2026-09-20T00:00:00,Call with Kinetiq Inc — RevOS Analytics,
3223,353,email,2026-08-02T00:00:00,Email with Kinetiq Inc — RevOS Analytics,
3224,353,email,2026-08-12T00:00:00,Email with Kinetiq Inc — RevOS Analytics,
3225,354,call,2026-06-10T00:00:00,Call with Yieldmax Inc — RevOS Enterpris,
3226,354,call,2026-07-09T00:00:00,Call with Yieldmax Inc — RevOS Enterpris,
3227,354,email,2026-08-19T00:00:00,Email with Yieldmax Inc — RevOS Enterpris,
3228,354,email,2026-07-17T00:00:00,Email with Yieldmax Inc — RevOS Enterpris,
3229,354,meeting,2026-09-16T00:00:00,Meeting with Yieldmax Inc — RevOS Enterpris,
3230,354,email,2026-07-13T00:00:00,Email with Yieldmax Inc — RevOS Enterpris,
3231,354,note,2026-07-25T00:00:00,Note with Yieldmax Inc — RevOS Enterpris,
3232,354,email,2026-09-03T00:00:00,Email with Yieldmax Inc — RevOS Enterpris,
3233,354,email,2026-06-20T00:00:00,Email with Yieldmax Inc — RevOS Enterpris,
3234,354,email,2026-06-13T00:00:00,Email with Yieldmax Inc — RevOS Enterpris,
3235,354,note,2026-07-08T00:00:00,Note with Yieldmax Inc — RevOS Enterpris,
3236,354,call,2026-08-27T00:00:00,Call with Yieldmax Inc — RevOS Enterpris,
3237,354,meeting,2026-07-06T00:00:00,Meeting with Yieldmax Inc — RevOS Enterpris,
3238,354,email,2026-08-06T00:00:00,Email with Yieldmax Inc — RevOS Enterpris,
3239,355,email,2026-08-08T00:00:00,Email with Acmetech Inc — RevOS Enterpris,
3240,355,meeting,2026-08-10T00:00:00,Meeting with Acmetech Inc — RevOS Enterpris,
3241,355,note,2026-09-19T00:00:00,Note with Acmetech Inc — RevOS Enterpris,
3242,355,meeting,2026-08-17T00:00:00,Meeting with Acmetech Inc — RevOS Enterpris,
3243,355,email,2026-09-13T00:00:00,Email with Acmetech Inc — RevOS Enterpris,
3244,355,email,2026-09-17T00:00:00,Email with Acmetech Inc — RevOS Enterpris,
3245,355,call,2026-09-05T00:00:00,Call with Acmetech Inc — RevOS Enterpris,
3246,355,email,2026-08-09T00:00:00,Email with Acmetech Inc — RevOS Enterpris,
3247,355,call,2026-08-27T00:00:00,Call with Acmetech Inc — RevOS Enterpris,
3248,355,email,2026-08-04T00:00:00,Email with Acmetech Inc — RevOS Enterpris,
3249,355,meeting,2026-08-18T00:00:00,Meeting with Acmetech Inc — RevOS Enterpris,
3250,355,email,2026-09-03T00:00:00,Email with Acmetech Inc — RevOS Enterpris,
3251,356,meeting,2026-09-11T00:00:00,Meeting with Keystone Inc — RevOS API,
3252,356,email,2026-06-25T00:00:00,Email with Keystone Inc — RevOS API,
3253,356,call,2026-06-25T00:00:00,Call with Keystone Inc — RevOS API,
3254,356,email,2026-09-08T00:00:00,Email with Keystone Inc — RevOS API,
3255,356,email,2026-05-29T00:00:00,Email with Keystone Inc — RevOS API,
3256,356,email,2026-09-28T00:00:00,Email with Keystone Inc — RevOS API,
3257,357,meeting,2026-09-28T00:00:00,Meeting with Finlabs Inc — RevOS Analytics,
3258,357,call,2026-09-20T00:00:00,Call with Finlabs Inc — RevOS Analytics,
3259,357,call,2026-08-22T00:00:00,Call with Finlabs Inc — RevOS Analytics,
3260,357,call,2026-09-18T00:00:00,Call with Finlabs Inc — RevOS Analytics,
3261,357,meeting,2026-09-16T00:00:00,Meeting with Finlabs Inc — RevOS Analytics,
3262,357,meeting,2026-09-13T00:00:00,Meeting with Finlabs Inc — RevOS Analytics,
3263,357,call,2026-08-31T00:00:00,Call with Finlabs Inc — RevOS Analytics,
3264,357,note,2026-09-13T00:00:00,Note with Finlabs Inc — RevOS Analytics,
3265,357,email,2026-08-28T00:00:00,Email with Finlabs Inc — RevOS Analytics,
3266,357,email,2026-09-12T00:00:00,Email with Finlabs Inc — RevOS Analytics,
3267,357,email,2026-08-15T00:00:00,Email with Finlabs Inc — RevOS Analytics,
3268,357,meeting,2026-08-29T00:00:00,Meeting with Finlabs Inc — RevOS Analytics,
3269,358,email,2026-09-12T00:00:00,Email with Clearstack Inc — RevOS Analyti,
3270,358,meeting,2026-09-24T00:00:00,Meeting with Clearstack Inc — RevOS Analyti,
3271,358,email,2026-09-25T00:00:00,Email with Clearstack Inc — RevOS Analyti,
3272,358,email,2026-09-27T00:00:00,Email with Clearstack Inc — RevOS Analyti,
3273,358,meeting,2026-09-19T00:00:00,Meeting with Clearstack Inc — RevOS Analyti,
3274,358,note,2026-09-28T00:00:00,Note with Clearstack Inc — RevOS Analyti,
3275,358,call,2026-09-15T00:00:00,Call with Clearstack Inc — RevOS Analyti,
3276,358,meeting,2026-09-26T00:00:00,Meeting with Clearstack Inc — RevOS Analyti,
3277,358,call,2026-09-22T00:00:00,Call with Clearstack Inc — RevOS Analyti,
3278,358,call,2026-09-23T00:00:00,Call with Clearstack Inc — RevOS Analyti,
3279,358,note,2026-09-10T00:00:00,Note with Clearstack Inc — RevOS Analyti,
3280,358,email,2026-09-13T00:00:00,Email with Clearstack Inc — RevOS Analyti,
3281,359,meeting,2026-09-15T00:00:00,Meeting with Orchidtech Inc — RevOS Starter,
3282,359,call,2026-08-19T00:00:00,Call with Orchidtech Inc — RevOS Starter,
3283,359,email,2026-07-24T00:00:00,Email with Orchidtech Inc — RevOS Starter,
3284,359,email,2026-08-20T00:00:00,Email with Orchidtech Inc — RevOS Starter,
3285,359,call,2026-08-10T00:00:00,Call with Orchidtech Inc — RevOS Starter,
3286,359,meeting,2026-07-09T00:00:00,Meeting with Orchidtech Inc — RevOS Starter,
3287,359,call,2026-09-06T00:00:00,Call with Orchidtech Inc — RevOS Starter,
3288,359,note,2026-07-23T00:00:00,Note with Orchidtech Inc — RevOS Starter,
3289,359,meeting,2026-08-02T00:00:00,Meeting with Orchidtech Inc — RevOS Starter,
3290,359,call,2026-08-14T00:00:00,Call with Orchidtech Inc — RevOS Starter,
3291,360,email,2026-07-14T00:00:00,Email with Zenithops Inc — RevOS Analytic,
3292,360,meeting,2026-09-20T00:00:00,Meeting with Zenithops Inc — RevOS Analytic,
3293,360,note,2026-09-05T00:00:00,Note with Zenithops Inc — RevOS Analytic,
3294,360,meeting,2026-06-03T00:00:00,Meeting with Zenithops Inc — RevOS Analytic,
3295,360,email,2026-09-25T00:00:00,Email with Zenithops Inc — RevOS Analytic,
3296,360,note,2026-04-29T00:00:00,Note with Zenithops Inc — RevOS Analytic,
3297,360,meeting,2026-05-11T00:00:00,Meeting with Zenithops Inc — RevOS Analytic,
3298,360,call,2026-07-28T00:00:00,Call with Zenithops Inc — RevOS Analytic,
3299,360,call,2026-05-16T00:00:00,Call with Zenithops Inc — RevOS Analytic,
3300,360,call,2026-09-10T00:00:00,Call with Zenithops Inc — RevOS Analytic,
3301,360,meeting,2026-06-08T00:00:00,Meeting with Zenithops Inc — RevOS Analytic,
3302,360,note,2026-06-30T00:00:00,Note with Zenithops Inc — RevOS Analytic,
3303,360,meeting,2026-06-12T00:00:00,Meeting with Zenithops Inc — RevOS Analytic,
3304,361,meeting,2026-09-20T00:00:00,Meeting with Zenithops Inc — RevOS API,
3305,361,email,2026-08-09T00:00:00,Email with Zenithops Inc — RevOS API,
3306,361,call,2026-08-28T00:00:00,Call with Zenithops Inc — RevOS API,
3307,362,meeting,2026-09-03T00:00:00,Meeting with Metaverse Inc — RevOS Pro,
3308,362,meeting,2026-09-02T00:00:00,Meeting with Metaverse Inc — RevOS Pro,
3309,362,meeting,2026-08-02T00:00:00,Meeting with Metaverse Inc — RevOS Pro,
3310,362,email,2026-08-08T00:00:00,Email with Metaverse Inc — RevOS Pro,
3311,362,email,2026-08-30T00:00:00,Email with Metaverse Inc — RevOS Pro,
3312,362,note,2026-09-09T00:00:00,Note with Metaverse Inc — RevOS Pro,
3313,362,email,2026-09-17T00:00:00,Email with Metaverse Inc — RevOS Pro,
3314,362,call,2026-08-18T00:00:00,Call with Metaverse Inc — RevOS Pro,
3315,362,email,2026-08-14T00:00:00,Email with Metaverse Inc — RevOS Pro,
3316,362,email,2026-07-26T00:00:00,Email with Metaverse Inc — RevOS Pro,
3317,362,call,2026-07-28T00:00:00,Call with Metaverse Inc — RevOS Pro,
3318,362,note,2026-07-18T00:00:00,Note with Metaverse Inc — RevOS Pro,
3319,362,note,2026-07-23T00:00:00,Note with Metaverse Inc — RevOS Pro,
3320,363,email,2026-09-29T00:00:00,Email with Metaverse Inc — RevOS API,
3321,363,email,2026-05-21T00:00:00,Email with Metaverse Inc — RevOS API,
3322,363,email,2026-08-21T00:00:00,Email with Metaverse Inc — RevOS API,
3323,364,email,2026-09-07T00:00:00,Email with Omnilayer Inc — RevOS API,
3324,364,call,2026-09-19T00:00:00,Call with Omnilayer Inc — RevOS API,
3325,364,note,2026-08-18T00:00:00,Note with Omnilayer Inc — RevOS API,
3326,364,call,2026-08-26T00:00:00,Call with Omnilayer Inc — RevOS API,
3327,364,email,2026-09-14T00:00:00,Email with Omnilayer Inc — RevOS API,
3328,364,note,2026-08-27T00:00:00,Note with Omnilayer Inc — RevOS API,
3329,364,note,2026-08-20T00:00:00,Note with Omnilayer Inc — RevOS API,
3330,364,call,2026-08-23T00:00:00,Call with Omnilayer Inc — RevOS API,
3331,365,note,2026-07-22T00:00:00,Note with Truepathsys Inc — RevOS Enterp,
3332,365,meeting,2026-09-28T00:00:00,Meeting with Truepathsys Inc — RevOS Enterp,
3333,365,call,2026-07-22T00:00:00,Call with Truepathsys Inc — RevOS Enterp,
3334,365,email,2026-08-25T00:00:00,Email with Truepathsys Inc — RevOS Enterp,
3335,365,note,2026-07-04T00:00:00,Note with Truepathsys Inc — RevOS Enterp,
3336,365,meeting,2026-07-15T00:00:00,Meeting with Truepathsys Inc — RevOS Enterp,
3337,365,note,2026-08-08T00:00:00,Note with Truepathsys Inc — RevOS Enterp,
3338,365,email,2026-07-13T00:00:00,Email with Truepathsys Inc — RevOS Enterp,
3339,365,call,2026-07-23T00:00:00,Call with Truepathsys Inc — RevOS Enterp,
3340,365,note,2026-07-21T00:00:00,Note with Truepathsys Inc — RevOS Enterp,
3341,365,email,2026-09-01T00:00:00,Email with Truepathsys Inc — RevOS Enterp,
3342,365,note,2026-07-19T00:00:00,Note with Truepathsys Inc — RevOS Enterp,
3343,366,note,2026-09-25T00:00:00,Note with Jetscale Inc — RevOS Enterpris,
3344,366,meeting,2026-09-26T00:00:00,Meeting with Jetscale Inc — RevOS Enterpris,
3345,366,call,2026-09-30T00:00:00,Call with Jetscale Inc — RevOS Enterpris,
3346,366,meeting,2026-09-19T00:00:00,Meeting with Jetscale Inc — RevOS Enterpris,
3347,366,email,2026-09-19T00:00:00,Email with Jetscale Inc — RevOS Enterpris,
3348,366,email,2026-09-23T00:00:00,Email with Jetscale Inc — RevOS Enterpris,
3349,366,call,2026-10-01T00:00:00,Call with Jetscale Inc — RevOS Enterpris,
3350,366,call,2026-09-30T00:00:00,Call with Jetscale Inc — RevOS Enterpris,
3351,367,note,2026-04-22T00:00:00,Note with Yieldmax Inc — RevOS Analytics,
3352,367,meeting,2026-08-07T00:00:00,Meeting with Yieldmax Inc — RevOS Analytics,
3353,367,meeting,2026-09-22T00:00:00,Meeting with Yieldmax Inc — RevOS Analytics,
3354,367,email,2026-09-05T00:00:00,Email with Yieldmax Inc — RevOS Analytics,
3355,367,email,2026-08-18T00:00:00,Email with Yieldmax Inc — RevOS Analytics,
3356,367,email,2026-09-21T00:00:00,Email with Yieldmax Inc — RevOS Analytics,
3357,367,call,2026-08-19T00:00:00,Call with Yieldmax Inc — RevOS Analytics,
3358,367,call,2026-08-21T00:00:00,Call with Yieldmax Inc — RevOS Analytics,
3359,368,call,2026-09-25T00:00:00,Call with Ultradev Inc — RevOS Analytics,
3360,368,email,2026-07-20T00:00:00,Email with Ultradev Inc — RevOS Analytics,
3361,368,meeting,2026-08-31T00:00:00,Meeting with Ultradev Inc — RevOS Analytics,
3362,368,note,2026-07-22T00:00:00,Note with Ultradev Inc — RevOS Analytics,
3363,368,call,2026-08-26T00:00:00,Call with Ultradev Inc — RevOS Analytics,
3364,368,email,2026-08-13T00:00:00,Email with Ultradev Inc — RevOS Analytics,
3365,368,call,2026-05-15T00:00:00,Call with Ultradev Inc — RevOS Analytics,
3366,368,call,2026-07-30T00:00:00,Call with Ultradev Inc — RevOS Analytics,
3367,368,email,2026-08-16T00:00:00,Email with Ultradev Inc — RevOS Analytics,
3368,368,meeting,2026-07-21T00:00:00,Meeting with Ultradev Inc — RevOS Analytics,
3369,368,call,2026-05-23T00:00:00,Call with Ultradev Inc — RevOS Analytics,
3370,368,email,2026-05-19T00:00:00,Email with Ultradev Inc — RevOS Analytics,
3371,368,email,2026-05-31T00:00:00,Email with Ultradev Inc — RevOS Analytics,
3372,368,email,2026-09-24T00:00:00,Email with Ultradev Inc — RevOS Analytics,
3373,368,meeting,2026-07-28T00:00:00,Meeting with Ultradev Inc — RevOS Analytics,
3374,369,email,2026-06-27T00:00:00,Email with Zenithops Inc — RevOS API,
3375,369,email,2026-08-01T00:00:00,Email with Zenithops Inc — RevOS API,
3376,369,note,2026-08-08T00:00:00,Note with Zenithops Inc — RevOS API,
3377,369,meeting,2026-06-30T00:00:00,Meeting with Zenithops Inc — RevOS API,
3378,369,note,2026-09-19T00:00:00,Note with Zenithops Inc — RevOS API,
3379,369,call,2026-09-26T00:00:00,Call with Zenithops Inc — RevOS API,
3380,369,call,2026-07-16T00:00:00,Call with Zenithops Inc — RevOS API,
3381,369,meeting,2026-09-19T00:00:00,Meeting with Zenithops Inc — RevOS API,
3382,369,email,2026-07-21T00:00:00,Email with Zenithops Inc — RevOS API,
3383,369,note,2026-07-17T00:00:00,Note with Zenithops Inc — RevOS API,
3384,369,email,2026-09-23T00:00:00,Email with Zenithops Inc — RevOS API,
3385,370,call,2026-08-22T00:00:00,Call with Betaworks Inc — RevOS Starter,
3386,370,email,2026-07-28T00:00:00,Email with Betaworks Inc — RevOS Starter,
3387,370,email,2026-09-13T00:00:00,Email with Betaworks Inc — RevOS Starter,
3388,370,note,2026-08-10T00:00:00,Note with Betaworks Inc — RevOS Starter,
3389,370,note,2026-07-27T00:00:00,Note with Betaworks Inc — RevOS Starter,
3390,370,note,2026-09-07T00:00:00,Note with Betaworks Inc — RevOS Starter,
3391,370,meeting,2026-09-14T00:00:00,Meeting with Betaworks Inc — RevOS Starter,
3392,370,note,2026-09-12T00:00:00,Note with Betaworks Inc — RevOS Starter,
3393,370,email,2026-09-16T00:00:00,Email with Betaworks Inc — RevOS Starter,
3394,370,call,2026-08-14T00:00:00,Call with Betaworks Inc — RevOS Starter,
3395,370,note,2026-08-29T00:00:00,Note with Betaworks Inc — RevOS Starter,
3396,370,meeting,2026-09-19T00:00:00,Meeting with Betaworks Inc — RevOS Starter,
3397,370,email,2026-09-04T00:00:00,Email with Betaworks Inc — RevOS Starter,
3398,370,call,2026-08-30T00:00:00,Call with Betaworks Inc — RevOS Starter,
3399,371,meeting,2026-08-13T00:00:00,Meeting with Novabridge Inc — RevOS Enterpr,
3400,371,email,2026-08-03T00:00:00,Email with Novabridge Inc — RevOS Enterpr,
3401,371,meeting,2026-06-16T00:00:00,Meeting with Novabridge Inc — RevOS Enterpr,
3402,372,call,2026-08-06T00:00:00,Call with Innov8 Inc — RevOS Starter,
3403,372,meeting,2026-09-23T00:00:00,Meeting with Innov8 Inc — RevOS Starter,
3404,372,meeting,2026-07-10T00:00:00,Meeting with Innov8 Inc — RevOS Starter,
3405,372,email,2026-08-31T00:00:00,Email with Innov8 Inc — RevOS Starter,
3406,372,email,2026-10-01T00:00:00,Email with Innov8 Inc — RevOS Starter,
3407,372,email,2026-09-24T00:00:00,Email with Innov8 Inc — RevOS Starter,
3408,372,note,2026-07-25T00:00:00,Note with Innov8 Inc — RevOS Starter,
3409,372,email,2026-09-05T00:00:00,Email with Innov8 Inc — RevOS Starter,
3410,372,email,2026-09-11T00:00:00,Email with Innov8 Inc — RevOS Starter,
3411,372,note,2026-08-06T00:00:00,Note with Innov8 Inc — RevOS Starter,
3412,373,email,2026-09-29T00:00:00,Email with Junctionai Inc — RevOS Analyti,
3413,373,email,2026-09-19T00:00:00,Email with Junctionai Inc — RevOS Analyti,
3414,373,email,2026-09-21T00:00:00,Email with Junctionai Inc — RevOS Analyti,
3415,373,email,2026-08-23T00:00:00,Email with Junctionai Inc — RevOS Analyti,
3416,373,note,2026-08-28T00:00:00,Note with Junctionai Inc — RevOS Analyti,
3417,373,meeting,2026-09-20T00:00:00,Meeting with Junctionai Inc — RevOS Analyti,
3418,373,email,2026-08-28T00:00:00,Email with Junctionai Inc — RevOS Analyti,
3419,373,call,2026-08-18T00:00:00,Call with Junctionai Inc — RevOS Analyti,
3420,373,email,2026-08-22T00:00:00,Email with Junctionai Inc — RevOS Analyti,
3421,373,meeting,2026-08-18T00:00:00,Meeting with Junctionai Inc — RevOS Analyti,
3422,373,email,2026-08-27T00:00:00,Email with Junctionai Inc — RevOS Analyti,
3423,373,meeting,2026-09-29T00:00:00,Meeting with Junctionai Inc — RevOS Analyti,
3424,373,call,2026-08-31T00:00:00,Call with Junctionai Inc — RevOS Analyti,
3425,373,call,2026-09-08T00:00:00,Call with Junctionai Inc — RevOS Analyti,
3426,374,call,2026-08-10T00:00:00,Call with Infoedge Inc — RevOS Starter,
3427,374,meeting,2026-04-29T00:00:00,Meeting with Infoedge Inc — RevOS Starter,
3428,374,meeting,2026-08-25T00:00:00,Meeting with Infoedge Inc — RevOS Starter,
3429,374,meeting,2026-06-06T00:00:00,Meeting with Infoedge Inc — RevOS Starter,
3430,374,email,2026-07-09T00:00:00,Email with Infoedge Inc — RevOS Starter,
3431,375,email,2026-07-01T00:00:00,Email with Wavefront Inc — RevOS Starter,
3432,375,note,2026-07-26T00:00:00,Note with Wavefront Inc — RevOS Starter,
3433,375,call,2026-08-20T00:00:00,Call with Wavefront Inc — RevOS Starter,
3434,376,email,2026-06-16T00:00:00,Email with Windrose Inc — RevOS Starter,
3435,376,note,2026-06-28T00:00:00,Note with Windrose Inc — RevOS Starter,
3436,376,email,2026-08-12T00:00:00,Email with Windrose Inc — RevOS Starter,
3437,376,call,2026-07-02T00:00:00,Call with Windrose Inc — RevOS Starter,
3438,376,meeting,2026-07-21T00:00:00,Meeting with Windrose Inc — RevOS Starter,
3439,376,email,2026-08-04T00:00:00,Email with Windrose Inc — RevOS Starter,
3440,376,email,2026-08-04T00:00:00,Email with Windrose Inc — RevOS Starter,
3441,376,call,2026-07-10T00:00:00,Call with Windrose Inc — RevOS Starter,
3442,376,call,2026-07-15T00:00:00,Call with Windrose Inc — RevOS Starter,
3443,376,call,2026-06-27T00:00:00,Call with Windrose Inc — RevOS Starter,
3444,376,email,2026-07-19T00:00:00,Email with Windrose Inc — RevOS Starter,
3445,376,email,2026-09-04T00:00:00,Email with Windrose Inc — RevOS Starter,
3446,376,call,2026-08-14T00:00:00,Call with Windrose Inc — RevOS Starter,
3447,377,email,2026-10-01T00:00:00,Email with Corelogic Inc — RevOS Pro,
3448,377,email,2026-08-11T00:00:00,Email with Corelogic Inc — RevOS Pro,
3449,377,note,2026-07-19T00:00:00,Note with Corelogic Inc — RevOS Pro,
3450,377,email,2026-09-26T00:00:00,Email with Corelogic Inc — RevOS Pro,
3451,377,email,2026-08-18T00:00:00,Email with Corelogic Inc — RevOS Pro,
3452,377,meeting,2026-07-08T00:00:00,Meeting with Corelogic Inc — RevOS Pro,
3453,377,email,2026-09-11T00:00:00,Email with Corelogic Inc — RevOS Pro,
3454,377,meeting,2026-07-29T00:00:00,Meeting with Corelogic Inc — RevOS Pro,
3455,377,call,2026-07-05T00:00:00,Call with Corelogic Inc — RevOS Pro,
3456,377,email,2026-07-10T00:00:00,Email with Corelogic Inc — RevOS Pro,
3457,377,note,2026-08-30T00:00:00,Note with Corelogic Inc — RevOS Pro,
3458,377,email,2026-09-21T00:00:00,Email with Corelogic Inc — RevOS Pro,
3459,378,email,2026-08-16T00:00:00,Email with Vertexsys Inc — RevOS API,
3460,378,meeting,2026-09-23T00:00:00,Meeting with Vertexsys Inc — RevOS API,
3461,378,call,2026-08-25T00:00:00,Call with Vertexsys Inc — RevOS API,
3462,378,email,2026-07-01T00:00:00,Email with Vertexsys Inc — RevOS API,
3463,378,call,2026-08-19T00:00:00,Call with Vertexsys Inc — RevOS API,
3464,378,note,2026-09-24T00:00:00,Note with Vertexsys Inc — RevOS API,
3465,378,call,2026-07-27T00:00:00,Call with Vertexsys Inc — RevOS API,
3466,378,email,2026-07-15T00:00:00,Email with Vertexsys Inc — RevOS API,
3467,378,call,2026-07-05T00:00:00,Call with Vertexsys Inc — RevOS API,
3468,378,note,2026-06-21T00:00:00,Note with Vertexsys Inc — RevOS API,
3469,378,note,2026-07-18T00:00:00,Note with Vertexsys Inc — RevOS API,
3470,378,email,2026-09-19T00:00:00,Email with Vertexsys Inc — RevOS API,
3471,378,email,2026-09-01T00:00:00,Email with Vertexsys Inc — RevOS API,
3472,379,email,2026-07-10T00:00:00,Email with Hexacore Inc — RevOS Analytics,
3473,379,call,2026-07-30T00:00:00,Call with Hexacore Inc — RevOS Analytics,
3474,379,call,2026-09-22T00:00:00,Call with Hexacore Inc — RevOS Analytics,
3475,379,note,2026-07-01T00:00:00,Note with Hexacore Inc — RevOS Analytics,
3476,379,meeting,2026-06-18T00:00:00,Meeting with Hexacore Inc — RevOS Analytics,
3477,379,email,2026-07-17T00:00:00,Email with Hexacore Inc — RevOS Analytics,
3478,379,call,2026-07-23T00:00:00,Call with Hexacore Inc — RevOS Analytics,
3479,379,call,2026-07-25T00:00:00,Call with Hexacore Inc — RevOS Analytics,
3480,379,call,2026-07-29T00:00:00,Call with Hexacore Inc — RevOS Analytics,
3481,379,call,2026-07-21T00:00:00,Call with Hexacore Inc — RevOS Analytics,
3482,379,email,2026-07-15T00:00:00,Email with Hexacore Inc — RevOS Analytics,
3483,379,email,2026-07-23T00:00:00,Email with Hexacore Inc — RevOS Analytics,
3484,379,email,2026-08-08T00:00:00,Email with Hexacore Inc — RevOS Analytics,
3485,379,meeting,2026-06-29T00:00:00,Meeting with Hexacore Inc — RevOS Analytics,
3486,379,email,2026-08-13T00:00:00,Email with Hexacore Inc — RevOS Analytics,
3487,380,meeting,2026-09-25T00:00:00,Meeting with Deltaforce Inc — RevOS Starter,
3488,380,note,2026-07-12T00:00:00,Note with Deltaforce Inc — RevOS Starter,
3489,380,note,2026-08-28T00:00:00,Note with Deltaforce Inc — RevOS Starter,
3490,380,email,2026-07-23T00:00:00,Email with Deltaforce Inc — RevOS Starter,
3491,380,email,2026-06-27T00:00:00,Email with Deltaforce Inc — RevOS Starter,
3492,380,call,2026-05-16T00:00:00,Call with Deltaforce Inc — RevOS Starter,
3493,380,meeting,2026-08-26T00:00:00,Meeting with Deltaforce Inc — RevOS Starter,
3494,380,note,2026-06-25T00:00:00,Note with Deltaforce Inc — RevOS Starter,
3495,380,call,2026-09-16T00:00:00,Call with Deltaforce Inc — RevOS Starter,
3496,380,email,2026-05-31T00:00:00,Email with Deltaforce Inc — RevOS Starter,
3497,380,note,2026-08-29T00:00:00,Note with Deltaforce Inc — RevOS Starter,
3498,380,email,2026-09-25T00:00:00,Email with Deltaforce Inc — RevOS Starter,
3499,380,call,2026-08-20T00:00:00,Call with Deltaforce Inc — RevOS Starter,
3500,380,email,2026-08-01T00:00:00,Email with Deltaforce Inc — RevOS Starter,
3501,381,call,2026-07-17T00:00:00,Call with Ultradev Inc — RevOS Enterpris,
3502,381,email,2026-06-20T00:00:00,Email with Ultradev Inc — RevOS Enterpris,
3503,381,meeting,2026-09-01T00:00:00,Meeting with Ultradev Inc — RevOS Enterpris,
3504,381,email,2026-09-04T00:00:00,Email with Ultradev Inc — RevOS Enterpris,
3505,381,call,2026-07-19T00:00:00,Call with Ultradev Inc — RevOS Enterpris,
3506,381,email,2026-09-08T00:00:00,Email with Ultradev Inc — RevOS Enterpris,
3507,382,call,2026-07-26T00:00:00,Call with Orchidtech Inc — RevOS Pro,
3508,382,email,2026-09-18T00:00:00,Email with Orchidtech Inc — RevOS Pro,
3509,382,email,2026-08-17T00:00:00,Email with Orchidtech Inc — RevOS Pro,
3510,382,call,2026-09-21T00:00:00,Call with Orchidtech Inc — RevOS Pro,
3511,382,call,2026-09-18T00:00:00,Call with Orchidtech Inc — RevOS Pro,
3512,382,meeting,2026-06-20T00:00:00,Meeting with Orchidtech Inc — RevOS Pro,
3513,382,email,2026-09-24T00:00:00,Email with Orchidtech Inc — RevOS Pro,
3514,382,email,2026-06-18T00:00:00,Email with Orchidtech Inc — RevOS Pro,
3515,382,email,2026-06-22T00:00:00,Email with Orchidtech Inc — RevOS Pro,
3516,383,note,2026-08-28T00:00:00,Note with Jetscale Inc — RevOS Analytics,
3517,383,email,2026-08-30T00:00:00,Email with Jetscale Inc — RevOS Analytics,
3518,383,note,2026-08-17T00:00:00,Note with Jetscale Inc — RevOS Analytics,
3519,383,meeting,2026-08-27T00:00:00,Meeting with Jetscale Inc — RevOS Analytics,
3520,384,call,2026-08-06T00:00:00,Call with Acmetech Inc — RevOS Starter,
3521,384,call,2026-09-09T00:00:00,Call with Acmetech Inc — RevOS Starter,
3522,384,email,2026-07-01T00:00:00,Email with Acmetech Inc — RevOS Starter,
3523,384,meeting,2026-06-12T00:00:00,Meeting with Acmetech Inc — RevOS Starter,
3524,384,note,2026-06-27T00:00:00,Note with Acmetech Inc — RevOS Starter,
3525,384,email,2026-06-25T00:00:00,Email with Acmetech Inc — RevOS Starter,
3526,384,call,2026-06-17T00:00:00,Call with Acmetech Inc — RevOS Starter,
3527,384,email,2026-08-30T00:00:00,Email with Acmetech Inc — RevOS Starter,
3528,385,call,2026-10-01T00:00:00,Call with Corelogic Inc — RevOS Starter,
3529,385,meeting,2026-09-25T00:00:00,Meeting with Corelogic Inc — RevOS Starter,
3530,385,note,2026-09-24T00:00:00,Note with Corelogic Inc — RevOS Starter,
3531,385,note,2026-10-01T00:00:00,Note with Corelogic Inc — RevOS Starter,
3532,385,email,2026-09-28T00:00:00,Email with Corelogic Inc — RevOS Starter,
3533,385,email,2026-09-21T00:00:00,Email with Corelogic Inc — RevOS Starter,
3534,385,call,2026-09-27T00:00:00,Call with Corelogic Inc — RevOS Starter,
3535,385,email,2026-09-28T00:00:00,Email with Corelogic Inc — RevOS Starter,
3536,385,call,2026-09-21T00:00:00,Call with Corelogic Inc — RevOS Starter,
3537,385,note,2026-09-26T00:00:00,Note with Corelogic Inc — RevOS Starter,
3538,385,call,2026-09-30T00:00:00,Call with Corelogic Inc — RevOS Starter,
3539,386,note,2026-09-01T00:00:00,Note with Clearstack Inc — RevOS Starter,
3540,386,note,2026-09-22T00:00:00,Note with Clearstack Inc — RevOS Starter,
3541,386,note,2026-09-05T00:00:00,Note with Clearstack Inc — RevOS Starter,
3542,386,email,2026-09-04T00:00:00,Email with Clearstack Inc — RevOS Starter,
3543,386,meeting,2026-09-19T00:00:00,Meeting with Clearstack Inc — RevOS Starter,
3544,386,email,2026-09-09T00:00:00,Email with Clearstack Inc — RevOS Starter,
3545,386,note,2026-09-12T00:00:00,Note with Clearstack Inc — RevOS Starter,
3546,386,email,2026-09-20T00:00:00,Email with Clearstack Inc — RevOS Starter,
3547,386,email,2026-09-05T00:00:00,Email with Clearstack Inc — RevOS Starter,
3548,386,email,2026-10-01T00:00:00,Email with Clearstack Inc — RevOS Starter,
3549,387,note,2026-08-11T00:00:00,Note with Junctionai Inc — RevOS Enterpr,
3550,387,note,2026-07-29T00:00:00,Note with Junctionai Inc — RevOS Enterpr,
3551,387,call,2026-06-15T00:00:00,Call with Junctionai Inc — RevOS Enterpr,
3552,387,note,2026-09-07T00:00:00,Note with Junctionai Inc — RevOS Enterpr,
3553,387,call,2026-05-03T00:00:00,Call with Junctionai Inc — RevOS Enterpr,
3554,387,email,2026-06-08T00:00:00,Email with Junctionai Inc — RevOS Enterpr,
3555,387,meeting,2026-06-27T00:00:00,Meeting with Junctionai Inc — RevOS Enterpr,
3556,387,call,2026-07-03T00:00:00,Call with Junctionai Inc — RevOS Enterpr,
3557,387,email,2026-08-15T00:00:00,Email with Junctionai Inc — RevOS Enterpr,
3558,387,meeting,2026-07-05T00:00:00,Meeting with Junctionai Inc — RevOS Enterpr,
3559,387,meeting,2026-08-22T00:00:00,Meeting with Junctionai Inc — RevOS Enterpr,
3560,387,call,2026-07-21T00:00:00,Call with Junctionai Inc — RevOS Enterpr,
3561,388,email,2026-09-25T00:00:00,Email with Windrose Inc — RevOS Enterpris,
3562,388,email,2026-09-24T00:00:00,Email with Windrose Inc — RevOS Enterpris,
3563,388,email,2026-09-18T00:00:00,Email with Windrose Inc — RevOS Enterpris,
3564,388,email,2026-09-21T00:00:00,Email with Windrose Inc — RevOS Enterpris,
3565,388,meeting,2026-09-07T00:00:00,Meeting with Windrose Inc — RevOS Enterpris,
3566,389,email,2026-07-19T00:00:00,Email with Novabridge Inc — RevOS API,
3567,389,note,2026-08-23T00:00:00,Note with Novabridge Inc — RevOS API,
3568,389,call,2026-07-31T00:00:00,Call with Novabridge Inc — RevOS API,
3569,389,email,2026-07-10T00:00:00,Email with Novabridge Inc — RevOS API,
3570,389,meeting,2026-07-11T00:00:00,Meeting with Novabridge Inc — RevOS API,
3571,389,email,2026-09-02T00:00:00,Email with Novabridge Inc — RevOS API,
3572,389,email,2026-06-25T00:00:00,Email with Novabridge Inc — RevOS API,
3573,390,meeting,2026-05-07T00:00:00,Meeting with Quantleap Inc — RevOS API,
3574,390,note,2026-07-06T00:00:00,Note with Quantleap Inc — RevOS API,
3575,390,email,2026-05-15T00:00:00,Email with Quantleap Inc — RevOS API,
3576,390,meeting,2026-05-18T00:00:00,Meeting with Quantleap Inc — RevOS API,
3577,390,email,2026-05-13T00:00:00,Email with Quantleap Inc — RevOS API,
3578,390,email,2026-05-31T00:00:00,Email with Quantleap Inc — RevOS API,
3579,390,call,2026-05-25T00:00:00,Call with Quantleap Inc — RevOS API,
3580,390,meeting,2026-06-15T00:00:00,Meeting with Quantleap Inc — RevOS API,
3581,390,email,2026-05-05T00:00:00,Email with Quantleap Inc — RevOS API,
3582,390,meeting,2026-04-19T00:00:00,Meeting with Quantleap Inc — RevOS API,
3583,391,email,2026-10-01T00:00:00,Email with Omnilayer Inc — RevOS Pro,
3584,391,call,2026-10-01T00:00:00,Call with Omnilayer Inc — RevOS Pro,
3585,391,call,2026-09-29T00:00:00,Call with Omnilayer Inc — RevOS Pro,
3586,391,meeting,2026-09-27T00:00:00,Meeting with Omnilayer Inc — RevOS Pro,
3587,391,call,2026-09-23T00:00:00,Call with Omnilayer Inc — RevOS Pro,
3588,391,meeting,2026-09-22T00:00:00,Meeting with Omnilayer Inc — RevOS Pro,
3589,391,note,2026-09-25T00:00:00,Note with Omnilayer Inc — RevOS Pro,
3590,391,email,2026-09-23T00:00:00,Email with Omnilayer Inc — RevOS Pro,
3591,392,email,2026-05-05T00:00:00,Email with Vantagepoint Inc — RevOS Enter,
3592,392,email,2026-06-10T00:00:00,Email with Vantagepoint Inc — RevOS Enter,
3593,392,email,2026-05-02T00:00:00,Email with Vantagepoint Inc — RevOS Enter,
3594,392,call,2026-09-19T00:00:00,Call with Vantagepoint Inc — RevOS Enter,
3595,392,meeting,2026-08-11T00:00:00,Meeting with Vantagepoint Inc — RevOS Enter,
3596,392,call,2026-08-16T00:00:00,Call with Vantagepoint Inc — RevOS Enter,
3597,392,call,2026-05-29T00:00:00,Call with Vantagepoint Inc — RevOS Enter,
3598,392,note,2026-09-10T00:00:00,Note with Vantagepoint Inc — RevOS Enter,
3599,392,call,2026-04-27T00:00:00,Call with Vantagepoint Inc — RevOS Enter,
3600,392,email,2026-08-19T00:00:00,Email with Vantagepoint Inc — RevOS Enter,
3601,392,note,2026-05-27T00:00:00,Note with Vantagepoint Inc — RevOS Enter,
3602,392,email,2026-06-18T00:00:00,Email with Vantagepoint Inc — RevOS Enter,
3603,392,call,2026-08-28T00:00:00,Call with Vantagepoint Inc — RevOS Enter,
3604,392,meeting,2026-05-30T00:00:00,Meeting with Vantagepoint Inc — RevOS Enter,
3605,393,email,2026-08-28T00:00:00,Email with Junctionai Inc — RevOS API,
3606,393,meeting,2026-09-13T00:00:00,Meeting with Junctionai Inc — RevOS API,
3607,393,email,2026-09-07T00:00:00,Email with Junctionai Inc — RevOS API,
3608,393,email,2026-09-30T00:00:00,Email with Junctionai Inc — RevOS API,
3609,393,call,2026-09-19T00:00:00,Call with Junctionai Inc — RevOS API,
3610,393,email,2026-09-11T00:00:00,Email with Junctionai Inc — RevOS API,
3611,393,meeting,2026-09-09T00:00:00,Meeting with Junctionai Inc — RevOS API,
3612,393,call,2026-09-08T00:00:00,Call with Junctionai Inc — RevOS API,
3613,393,email,2026-09-09T00:00:00,Email with Junctionai Inc — RevOS API,
3614,393,email,2026-09-03T00:00:00,Email with Junctionai Inc — RevOS API,
3615,393,call,2026-08-28T00:00:00,Call with Junctionai Inc — RevOS API,
3616,393,call,2026-08-27T00:00:00,Call with Junctionai Inc — RevOS API,
3617,393,email,2026-09-20T00:00:00,Email with Junctionai Inc — RevOS API,
3618,393,email,2026-09-21T00:00:00,Email with Junctionai Inc — RevOS API,
3619,394,email,2026-09-29T00:00:00,Email with Edgeflux Inc — RevOS API,
3620,394,meeting,2026-09-07T00:00:00,Meeting with Edgeflux Inc — RevOS API,
3621,394,meeting,2026-07-11T00:00:00,Meeting with Edgeflux Inc — RevOS API,
3622,394,meeting,2026-09-12T00:00:00,Meeting with Edgeflux Inc — RevOS API,
3623,394,call,2026-04-26T00:00:00,Call with Edgeflux Inc — RevOS API,
3624,394,call,2026-06-30T00:00:00,Call with Edgeflux Inc — RevOS API,
3625,394,email,2026-08-10T00:00:00,Email with Edgeflux Inc — RevOS API,
3626,394,meeting,2026-06-25T00:00:00,Meeting with Edgeflux Inc — RevOS API,
3627,394,call,2026-06-29T00:00:00,Call with Edgeflux Inc — RevOS API,
3628,394,email,2026-05-28T00:00:00,Email with Edgeflux Inc — RevOS API,
3629,394,email,2026-05-23T00:00:00,Email with Edgeflux Inc — RevOS API,
3630,394,call,2026-07-09T00:00:00,Call with Edgeflux Inc — RevOS API,
3631,394,email,2026-08-06T00:00:00,Email with Edgeflux Inc — RevOS API,
3632,394,call,2026-07-22T00:00:00,Call with Edgeflux Inc — RevOS API,
3633,395,email,2026-08-30T00:00:00,Email with Hexacore Inc — RevOS Enterpris,
3634,395,call,2026-08-22T00:00:00,Call with Hexacore Inc — RevOS Enterpris,
3635,395,note,2026-07-07T00:00:00,Note with Hexacore Inc — RevOS Enterpris,
3636,395,email,2026-08-13T00:00:00,Email with Hexacore Inc — RevOS Enterpris,
3637,395,email,2026-09-22T00:00:00,Email with Hexacore Inc — RevOS Enterpris,
3638,395,email,2026-08-19T00:00:00,Email with Hexacore Inc — RevOS Enterpris,
3639,395,note,2026-09-26T00:00:00,Note with Hexacore Inc — RevOS Enterpris,
3640,395,call,2026-07-23T00:00:00,Call with Hexacore Inc — RevOS Enterpris,
3641,395,email,2026-07-27T00:00:00,Email with Hexacore Inc — RevOS Enterpris,
3642,395,email,2026-07-06T00:00:00,Email with Hexacore Inc — RevOS Enterpris,
3643,396,email,2026-07-19T00:00:00,Email with Yieldmax Inc — RevOS Enterpris,
3644,396,call,2026-06-17T00:00:00,Call with Yieldmax Inc — RevOS Enterpris,
3645,396,email,2026-07-05T00:00:00,Email with Yieldmax Inc — RevOS Enterpris,
3646,396,email,2026-08-24T00:00:00,Email with Yieldmax Inc — RevOS Enterpris,
3647,396,call,2026-07-09T00:00:00,Call with Yieldmax Inc — RevOS Enterpris,
3648,397,call,2026-09-08T00:00:00,Call with Fusionware Inc — RevOS Pro,
3649,397,call,2026-07-27T00:00:00,Call with Fusionware Inc — RevOS Pro,
3650,397,email,2026-09-30T00:00:00,Email with Fusionware Inc — RevOS Pro,
3651,397,email,2026-07-20T00:00:00,Email with Fusionware Inc — RevOS Pro,
3652,397,meeting,2026-08-17T00:00:00,Meeting with Fusionware Inc — RevOS Pro,
3653,397,email,2026-09-22T00:00:00,Email with Fusionware Inc — RevOS Pro,
3654,397,call,2026-08-06T00:00:00,Call with Fusionware Inc — RevOS Pro,
3655,397,meeting,2026-09-08T00:00:00,Meeting with Fusionware Inc — RevOS Pro,
3656,397,call,2026-08-29T00:00:00,Call with Fusionware Inc — RevOS Pro,
3657,397,call,2026-08-15T00:00:00,Call with Fusionware Inc — RevOS Pro,
3658,397,call,2026-08-19T00:00:00,Call with Fusionware Inc — RevOS Pro,
3659,397,call,2026-09-24T00:00:00,Call with Fusionware Inc — RevOS Pro,
3660,397,call,2026-07-22T00:00:00,Call with Fusionware Inc — RevOS Pro,
3661,397,email,2026-09-12T00:00:00,Email with Fusionware Inc — RevOS Pro,
3662,398,meeting,2026-08-25T00:00:00,Meeting with Edgeflux Inc — RevOS Pro,
3663,398,email,2026-06-23T00:00:00,Email with Edgeflux Inc — RevOS Pro,
3664,398,email,2026-09-20T00:00:00,Email with Edgeflux Inc — RevOS Pro,
3665,398,email,2026-09-13T00:00:00,Email with Edgeflux Inc — RevOS Pro,
3666,398,email,2026-07-24T00:00:00,Email with Edgeflux Inc — RevOS Pro,
3667,398,meeting,2026-08-13T00:00:00,Meeting with Edgeflux Inc — RevOS Pro,
3668,398,call,2026-08-10T00:00:00,Call with Edgeflux Inc — RevOS Pro,
3669,398,meeting,2026-09-20T00:00:00,Meeting with Edgeflux Inc — RevOS Pro,
3670,398,call,2026-08-17T00:00:00,Call with Edgeflux Inc — RevOS Pro,
3671,398,meeting,2026-08-14T00:00:00,Meeting with Edgeflux Inc — RevOS Pro,
3672,398,note,2026-06-23T00:00:00,Note with Edgeflux Inc — RevOS Pro,
3673,398,meeting,2026-07-19T00:00:00,Meeting with Edgeflux Inc — RevOS Pro,
3674,398,meeting,2026-07-21T00:00:00,Meeting with Edgeflux Inc — RevOS Pro,
3675,398,call,2026-07-24T00:00:00,Call with Edgeflux Inc — RevOS Pro,
3676,399,email,2026-05-16T00:00:00,Email with Datavault Inc — RevOS API,
3677,399,email,2026-06-05T00:00:00,Email with Datavault Inc — RevOS API,
3678,399,call,2026-06-18T00:00:00,Call with Datavault Inc — RevOS API,
3679,399,call,2026-06-01T00:00:00,Call with Datavault Inc — RevOS API,
3680,399,call,2026-09-07T00:00:00,Call with Datavault Inc — RevOS API,
3681,399,email,2026-07-19T00:00:00,Email with Datavault Inc — RevOS API,
3682,399,meeting,2026-08-19T00:00:00,Meeting with Datavault Inc — RevOS API,
3683,399,meeting,2026-07-21T00:00:00,Meeting with Datavault Inc — RevOS API,
3684,399,meeting,2026-08-13T00:00:00,Meeting with Datavault Inc — RevOS API,
3685,399,call,2026-05-27T00:00:00,Call with Datavault Inc — RevOS API,
3686,400,email,2026-09-27T00:00:00,Email with Xyphorai Inc — RevOS Enterpris,
3687,400,meeting,2026-09-22T00:00:00,Meeting with Xyphorai Inc — RevOS Enterpris,
3688,400,call,2026-09-24T00:00:00,Call with Xyphorai Inc — RevOS Enterpris,
3689,400,email,2026-09-29T00:00:00,Email with Xyphorai Inc — RevOS Enterpris,
3690,400,call,2026-09-22T00:00:00,Call with Xyphorai Inc — RevOS Enterpris,
3691,400,call,2026-09-22T00:00:00,Call with Xyphorai Inc — RevOS Enterpris,
3692,401,meeting,2026-08-08T00:00:00,Meeting with Hyperion Inc — RevOS Pro,
3693,401,note,2026-08-07T00:00:00,Note with Hyperion Inc — RevOS Pro,
3694,401,call,2026-09-28T00:00:00,Call with Hyperion Inc — RevOS Pro,
3695,401,meeting,2026-08-20T00:00:00,Meeting with Hyperion Inc — RevOS Pro,
3696,401,call,2026-08-07T00:00:00,Call with Hyperion Inc — RevOS Pro,
3697,401,email,2026-09-16T00:00:00,Email with Hyperion Inc — RevOS Pro,
3698,401,call,2026-08-31T00:00:00,Call with Hyperion Inc — RevOS Pro,
3699,401,email,2026-07-15T00:00:00,Email with Hyperion Inc — RevOS Pro,
3700,401,email,2026-08-09T00:00:00,Email with Hyperion Inc — RevOS Pro,
3701,401,email,2026-07-17T00:00:00,Email with Hyperion Inc — RevOS Pro,
3702,401,email,2026-09-05T00:00:00,Email with Hyperion Inc — RevOS Pro,
3703,402,call,2026-07-30T00:00:00,Call with Raptorx Inc — RevOS Enterprise,
3704,402,call,2026-08-29T00:00:00,Call with Raptorx Inc — RevOS Enterprise,
3705,402,call,2026-09-26T00:00:00,Call with Raptorx Inc — RevOS Enterprise,
3706,402,email,2026-08-21T00:00:00,Email with Raptorx Inc — RevOS Enterprise,
3707,402,call,2026-08-16T00:00:00,Call with Raptorx Inc — RevOS Enterprise,
3708,402,meeting,2026-08-06T00:00:00,Meeting with Raptorx Inc — RevOS Enterprise,
3709,402,email,2026-09-08T00:00:00,Email with Raptorx Inc — RevOS Enterprise,
3710,402,email,2026-09-25T00:00:00,Email with Raptorx Inc — RevOS Enterprise,
3711,402,email,2026-07-14T00:00:00,Email with Raptorx Inc — RevOS Enterprise,
3712,402,call,2026-08-22T00:00:00,Call with Raptorx Inc — RevOS Enterprise,
3713,403,email,2026-09-14T00:00:00,Email with Infoedge Inc — RevOS Analytics,
3714,403,call,2026-09-22T00:00:00,Call with Infoedge Inc — RevOS Analytics,
3715,403,call,2026-09-30T00:00:00,Call with Infoedge Inc — RevOS Analytics,
3716,403,email,2026-09-20T00:00:00,Email with Infoedge Inc — RevOS Analytics,
3717,403,call,2026-09-20T00:00:00,Call with Infoedge Inc — RevOS Analytics,
3718,403,call,2026-09-11T00:00:00,Call with Infoedge Inc — RevOS Analytics,
3719,403,call,2026-09-20T00:00:00,Call with Infoedge Inc — RevOS Analytics,
3720,403,email,2026-09-28T00:00:00,Email with Infoedge Inc — RevOS Analytics,
3721,404,meeting,2026-06-30T00:00:00,Meeting with Signalops Inc — RevOS API,
3722,404,email,2026-09-22T00:00:00,Email with Signalops Inc — RevOS API,
3723,404,note,2026-07-01T00:00:00,Note with Signalops Inc — RevOS API,
3724,404,email,2026-07-10T00:00:00,Email with Signalops Inc — RevOS API,
3725,404,email,2026-08-28T00:00:00,Email with Signalops Inc — RevOS API,
3726,404,email,2026-09-22T00:00:00,Email with Signalops Inc — RevOS API,
3727,404,email,2026-09-27T00:00:00,Email with Signalops Inc — RevOS API,
3728,404,email,2026-08-07T00:00:00,Email with Signalops Inc — RevOS API,
3729,404,email,2026-08-14T00:00:00,Email with Signalops Inc — RevOS API,
3730,404,call,2026-07-01T00:00:00,Call with Signalops Inc — RevOS API,
3731,404,email,2026-08-31T00:00:00,Email with Signalops Inc — RevOS API,
3732,405,meeting,2026-09-25T00:00:00,Meeting with Signalops Inc — RevOS Starter,
3733,405,email,2026-10-01T00:00:00,Email with Signalops Inc — RevOS Starter,
3734,405,meeting,2026-07-16T00:00:00,Meeting with Signalops Inc — RevOS Starter,
3735,405,email,2026-08-31T00:00:00,Email with Signalops Inc — RevOS Starter,
3736,405,email,2026-08-07T00:00:00,Email with Signalops Inc — RevOS Starter,
3737,405,call,2026-07-12T00:00:00,Call with Signalops Inc — RevOS Starter,
3738,405,email,2026-09-14T00:00:00,Email with Signalops Inc — RevOS Starter,
3739,405,meeting,2026-09-25T00:00:00,Meeting with Signalops Inc — RevOS Starter,
3740,405,call,2026-08-02T00:00:00,Call with Signalops Inc — RevOS Starter,
3741,406,meeting,2026-05-31T00:00:00,Meeting with Zenithops Inc — RevOS Pro,
3742,406,note,2026-05-14T00:00:00,Note with Zenithops Inc — RevOS Pro,
3743,406,call,2026-05-10T00:00:00,Call with Zenithops Inc — RevOS Pro,
3744,407,meeting,2026-09-14T00:00:00,Meeting with Stratosai Inc — RevOS Pro,
3745,407,email,2026-09-15T00:00:00,Email with Stratosai Inc — RevOS Pro,
3746,407,call,2026-09-08T00:00:00,Call with Stratosai Inc — RevOS Pro,
3747,407,call,2026-09-16T00:00:00,Call with Stratosai Inc — RevOS Pro,
3748,407,email,2026-08-23T00:00:00,Email with Stratosai Inc — RevOS Pro,
3749,407,email,2026-08-23T00:00:00,Email with Stratosai Inc — RevOS Pro,
3750,407,call,2026-09-27T00:00:00,Call with Stratosai Inc — RevOS Pro,
3751,407,meeting,2026-09-12T00:00:00,Meeting with Stratosai Inc — RevOS Pro,
3752,408,call,2026-09-07T00:00:00,Call with Zenithops Inc — RevOS Enterpri,
3753,408,email,2026-08-12T00:00:00,Email with Zenithops Inc — RevOS Enterpri,
3754,408,call,2026-08-10T00:00:00,Call with Zenithops Inc — RevOS Enterpri,
3755,408,email,2026-08-27T00:00:00,Email with Zenithops Inc — RevOS Enterpri,
3756,408,call,2026-09-07T00:00:00,Call with Zenithops Inc — RevOS Enterpri,
3757,408,meeting,2026-08-11T00:00:00,Meeting with Zenithops Inc — RevOS Enterpri,
3758,408,email,2026-08-23T00:00:00,Email with Zenithops Inc — RevOS Enterpri,
3759,408,note,2026-09-01T00:00:00,Note with Zenithops Inc — RevOS Enterpri,
3760,408,email,2026-09-10T00:00:00,Email with Zenithops Inc — RevOS Enterpri,
3761,408,call,2026-08-27T00:00:00,Call with Zenithops Inc — RevOS Enterpri,
3762,408,call,2026-09-17T00:00:00,Call with Zenithops Inc — RevOS Enterpri,
3763,408,meeting,2026-09-25T00:00:00,Meeting with Zenithops Inc — RevOS Enterpri,
3764,409,email,2026-08-16T00:00:00,Email with Brightspark Inc — RevOS API,
3765,409,meeting,2026-09-11T00:00:00,Meeting with Brightspark Inc — RevOS API,
3766,409,email,2026-08-19T00:00:00,Email with Brightspark Inc — RevOS API,
3767,409,meeting,2026-08-31T00:00:00,Meeting with Brightspark Inc — RevOS API,
3768,409,note,2026-08-20T00:00:00,Note with Brightspark Inc — RevOS API,
3769,409,email,2026-08-31T00:00:00,Email with Brightspark Inc — RevOS API,
3770,410,call,2026-09-18T00:00:00,Call with Ultradev Inc — RevOS Pro,
3771,410,note,2026-09-13T00:00:00,Note with Ultradev Inc — RevOS Pro,
3772,410,email,2026-09-30T00:00:00,Email with Ultradev Inc — RevOS Pro,
3773,411,email,2026-05-03T00:00:00,Email with Finlabs Inc — RevOS Starter,
3774,411,meeting,2026-06-21T00:00:00,Meeting with Finlabs Inc — RevOS Starter,
3775,411,email,2026-07-21T00:00:00,Email with Finlabs Inc — RevOS Starter,
3776,411,meeting,2026-08-04T00:00:00,Meeting with Finlabs Inc — RevOS Starter,
3777,411,note,2026-08-22T00:00:00,Note with Finlabs Inc — RevOS Starter,
3778,411,meeting,2026-09-28T00:00:00,Meeting with Finlabs Inc — RevOS Starter,
3779,411,call,2026-08-30T00:00:00,Call with Finlabs Inc — RevOS Starter,
3780,411,email,2026-09-26T00:00:00,Email with Finlabs Inc — RevOS Starter,
3781,411,email,2026-06-29T00:00:00,Email with Finlabs Inc — RevOS Starter,
3782,411,note,2026-05-24T00:00:00,Note with Finlabs Inc — RevOS Starter,
3783,411,call,2026-05-04T00:00:00,Call with Finlabs Inc — RevOS Starter,
3784,412,note,2026-08-11T00:00:00,Note with Nexatech Inc — RevOS API,
3785,412,call,2026-08-14T00:00:00,Call with Nexatech Inc — RevOS API,
3786,412,note,2026-09-17T00:00:00,Note with Nexatech Inc — RevOS API,
3787,413,email,2026-09-10T00:00:00,Email with Deltaforce Inc — RevOS Enterpr,
3788,413,email,2026-09-29T00:00:00,Email with Deltaforce Inc — RevOS Enterpr,
3789,413,meeting,2026-09-22T00:00:00,Meeting with Deltaforce Inc — RevOS Enterpr,
3790,413,email,2026-09-20T00:00:00,Email with Deltaforce Inc — RevOS Enterpr,
3791,414,email,2026-08-25T00:00:00,Email with Ultradev Inc — RevOS Starter,
3792,414,email,2026-09-09T00:00:00,Email with Ultradev Inc — RevOS Starter,
3793,414,email,2026-06-18T00:00:00,Email with Ultradev Inc — RevOS Starter,
3794,414,call,2026-07-06T00:00:00,Call with Ultradev Inc — RevOS Starter,
3795,414,note,2026-09-30T00:00:00,Note with Ultradev Inc — RevOS Starter,
3796,414,note,2026-09-13T00:00:00,Note with Ultradev Inc — RevOS Starter,
3797,414,note,2026-06-18T00:00:00,Note with Ultradev Inc — RevOS Starter,
3798,414,note,2026-09-06T00:00:00,Note with Ultradev Inc — RevOS Starter,
3799,414,email,2026-09-12T00:00:00,Email with Ultradev Inc — RevOS Starter,
3800,415,email,2026-09-01T00:00:00,Email with Xeronova Inc — RevOS Starter,
3801,415,meeting,2026-08-26T00:00:00,Meeting with Xeronova Inc — RevOS Starter,
3802,415,note,2026-09-19T00:00:00,Note with Xeronova Inc — RevOS Starter,
3803,415,meeting,2026-09-27T00:00:00,Meeting with Xeronova Inc — RevOS Starter,
3804,415,email,2026-09-07T00:00:00,Email with Xeronova Inc — RevOS Starter,
3805,415,call,2026-09-26T00:00:00,Call with Xeronova Inc — RevOS Starter,
3806,415,email,2026-08-30T00:00:00,Email with Xeronova Inc — RevOS Starter,
3807,415,meeting,2026-09-15T00:00:00,Meeting with Xeronova Inc — RevOS Starter,
3808,415,email,2026-08-22T00:00:00,Email with Xeronova Inc — RevOS Starter,
3809,415,meeting,2026-09-17T00:00:00,Meeting with Xeronova Inc — RevOS Starter,
3810,416,note,2026-06-04T00:00:00,Note with Alphacloud Inc — RevOS API,
3811,416,note,2026-09-15T00:00:00,Note with Alphacloud Inc — RevOS API,
3812,416,note,2026-05-07T00:00:00,Note with Alphacloud Inc — RevOS API,
3813,416,meeting,2026-07-01T00:00:00,Meeting with Alphacloud Inc — RevOS API,
3814,416,email,2026-08-21T00:00:00,Email with Alphacloud Inc — RevOS API,
3815,416,email,2026-06-28T00:00:00,Email with Alphacloud Inc — RevOS API,
3816,416,note,2026-06-29T00:00:00,Note with Alphacloud Inc — RevOS API,
3817,416,email,2026-06-08T00:00:00,Email with Alphacloud Inc — RevOS API,
3818,416,meeting,2026-08-13T00:00:00,Meeting with Alphacloud Inc — RevOS API,
3819,417,note,2026-07-29T00:00:00,Note with Brightspark Inc — RevOS API,
3820,417,call,2026-09-17T00:00:00,Call with Brightspark Inc — RevOS API,
3821,417,meeting,2026-09-24T00:00:00,Meeting with Brightspark Inc — RevOS API,
3822,417,email,2026-07-30T00:00:00,Email with Brightspark Inc — RevOS API,
3823,417,call,2026-08-04T00:00:00,Call with Brightspark Inc — RevOS API,
3824,417,meeting,2026-09-20T00:00:00,Meeting with Brightspark Inc — RevOS API,
3825,417,email,2026-10-01T00:00:00,Email with Brightspark Inc — RevOS API,
3826,417,meeting,2026-09-09T00:00:00,Meeting with Brightspark Inc — RevOS API,
3827,417,email,2026-10-01T00:00:00,Email with Brightspark Inc — RevOS API,
3828,417,call,2026-09-06T00:00:00,Call with Brightspark Inc — RevOS API,
3829,417,email,2026-09-13T00:00:00,Email with Brightspark Inc — RevOS API,
3830,417,meeting,2026-09-06T00:00:00,Meeting with Brightspark Inc — RevOS API,
3831,417,meeting,2026-08-11T00:00:00,Meeting with Brightspark Inc — RevOS API,
3832,418,meeting,2026-09-25T00:00:00,Meeting with Terraflow Inc — RevOS API,
3833,418,email,2026-09-03T00:00:00,Email with Terraflow Inc — RevOS API,
3834,418,email,2026-09-09T00:00:00,Email with Terraflow Inc — RevOS API,
3835,418,note,2026-07-25T00:00:00,Note with Terraflow Inc — RevOS API,
3836,418,note,2026-08-15T00:00:00,Note with Terraflow Inc — RevOS API,
3837,418,call,2026-09-18T00:00:00,Call with Terraflow Inc — RevOS API,
3838,418,note,2026-07-03T00:00:00,Note with Terraflow Inc — RevOS API,
3839,418,call,2026-08-17T00:00:00,Call with Terraflow Inc — RevOS API,
3840,418,call,2026-06-28T00:00:00,Call with Terraflow Inc — RevOS API,
3841,418,note,2026-07-01T00:00:00,Note with Terraflow Inc — RevOS API,
3842,418,note,2026-06-26T00:00:00,Note with Terraflow Inc — RevOS API,
3843,418,meeting,2026-07-13T00:00:00,Meeting with Terraflow Inc — RevOS API,
3844,418,email,2026-08-31T00:00:00,Email with Terraflow Inc — RevOS API,
3845,418,note,2026-09-06T00:00:00,Note with Terraflow Inc — RevOS API,
3846,418,call,2026-09-27T00:00:00,Call with Terraflow Inc — RevOS API,
3847,419,call,2026-05-02T00:00:00,Call with Finlabs Inc — RevOS API,
3848,419,note,2026-06-10T00:00:00,Note with Finlabs Inc — RevOS API,
3849,419,note,2026-09-23T00:00:00,Note with Finlabs Inc — RevOS API,
3850,419,meeting,2026-06-03T00:00:00,Meeting with Finlabs Inc — RevOS API,
3851,419,call,2026-06-30T00:00:00,Call with Finlabs Inc — RevOS API,
3852,419,meeting,2026-06-28T00:00:00,Meeting with Finlabs Inc — RevOS API,
3853,419,call,2026-07-10T00:00:00,Call with Finlabs Inc — RevOS API,
3854,419,call,2026-07-16T00:00:00,Call with Finlabs Inc — RevOS API,
3855,419,email,2026-07-15T00:00:00,Email with Finlabs Inc — RevOS API,
3856,419,meeting,2026-07-04T00:00:00,Meeting with Finlabs Inc — RevOS API,
3857,419,meeting,2026-09-29T00:00:00,Meeting with Finlabs Inc — RevOS API,
3858,420,call,2026-07-10T00:00:00,Call with Innov8 Inc — RevOS Enterprise,
3859,420,email,2026-09-07T00:00:00,Email with Innov8 Inc — RevOS Enterprise,
3860,420,meeting,2026-07-01T00:00:00,Meeting with Innov8 Inc — RevOS Enterprise,
3861,420,meeting,2026-09-20T00:00:00,Meeting with Innov8 Inc — RevOS Enterprise,
3862,421,note,2026-06-06T00:00:00,Note with Maplesoft Inc — RevOS Starter,
3863,421,email,2026-07-18T00:00:00,Email with Maplesoft Inc — RevOS Starter,
3864,421,email,2026-08-12T00:00:00,Email with Maplesoft Inc — RevOS Starter,
3865,421,call,2026-06-23T00:00:00,Call with Maplesoft Inc — RevOS Starter,
3866,421,note,2026-05-25T00:00:00,Note with Maplesoft Inc — RevOS Starter,
3867,421,email,2026-06-18T00:00:00,Email with Maplesoft Inc — RevOS Starter,
3868,421,email,2026-05-08T00:00:00,Email with Maplesoft Inc — RevOS Starter,
3869,421,email,2026-06-23T00:00:00,Email with Maplesoft Inc — RevOS Starter,
3870,421,email,2026-05-19T00:00:00,Email with Maplesoft Inc — RevOS Starter,
3871,421,note,2026-08-24T00:00:00,Note with Maplesoft Inc — RevOS Starter,
3872,422,meeting,2026-08-15T00:00:00,Meeting with Stratosai Inc — RevOS Enterpri,
3873,422,meeting,2026-05-18T00:00:00,Meeting with Stratosai Inc — RevOS Enterpri,
3874,422,email,2026-07-31T00:00:00,Email with Stratosai Inc — RevOS Enterpri,
3875,422,email,2026-08-19T00:00:00,Email with Stratosai Inc — RevOS Enterpri,
3876,422,call,2026-09-02T00:00:00,Call with Stratosai Inc — RevOS Enterpri,
3877,422,call,2026-09-15T00:00:00,Call with Stratosai Inc — RevOS Enterpri,
3878,422,meeting,2026-05-26T00:00:00,Meeting with Stratosai Inc — RevOS Enterpri,
3879,422,call,2026-05-24T00:00:00,Call with Stratosai Inc — RevOS Enterpri,
3880,422,email,2026-08-13T00:00:00,Email with Stratosai Inc — RevOS Enterpri,
3881,423,note,2026-09-14T00:00:00,Note with Maplesoft Inc — RevOS Starter,
3882,423,meeting,2026-09-08T00:00:00,Meeting with Maplesoft Inc — RevOS Starter,
3883,423,call,2026-08-21T00:00:00,Call with Maplesoft Inc — RevOS Starter,
3884,423,call,2026-09-21T00:00:00,Call with Maplesoft Inc — RevOS Starter,
3885,423,note,2026-09-06T00:00:00,Note with Maplesoft Inc — RevOS Starter,
3886,423,call,2026-09-27T00:00:00,Call with Maplesoft Inc — RevOS Starter,
3887,423,email,2026-08-16T00:00:00,Email with Maplesoft Inc — RevOS Starter,
3888,423,meeting,2026-09-15T00:00:00,Meeting with Maplesoft Inc — RevOS Starter,
3889,423,call,2026-08-20T00:00:00,Call with Maplesoft Inc — RevOS Starter,
3890,423,email,2026-09-18T00:00:00,Email with Maplesoft Inc — RevOS Starter,
3891,423,meeting,2026-08-30T00:00:00,Meeting with Maplesoft Inc — RevOS Starter,
3892,423,call,2026-09-29T00:00:00,Call with Maplesoft Inc — RevOS Starter,
3893,423,call,2026-08-21T00:00:00,Call with Maplesoft Inc — RevOS Starter,
3894,423,email,2026-10-01T00:00:00,Email with Maplesoft Inc — RevOS Starter,
3895,424,email,2026-09-13T00:00:00,Email with Finlabs Inc — RevOS Analytics,
3896,424,call,2026-09-02T00:00:00,Call with Finlabs Inc — RevOS Analytics,
3897,424,note,2026-09-28T00:00:00,Note with Finlabs Inc — RevOS Analytics,
3898,424,call,2026-08-27T00:00:00,Call with Finlabs Inc — RevOS Analytics,
3899,424,email,2026-08-20T00:00:00,Email with Finlabs Inc — RevOS Analytics,
3900,424,call,2026-08-22T00:00:00,Call with Finlabs Inc — RevOS Analytics,
3901,424,meeting,2026-09-26T00:00:00,Meeting with Finlabs Inc — RevOS Analytics,
3902,424,call,2026-09-15T00:00:00,Call with Finlabs Inc — RevOS Analytics,
3903,424,email,2026-09-15T00:00:00,Email with Finlabs Inc — RevOS Analytics,
3904,424,meeting,2026-08-31T00:00:00,Meeting with Finlabs Inc — RevOS Analytics,
3905,424,meeting,2026-09-07T00:00:00,Meeting with Finlabs Inc — RevOS Analytics,
3906,424,meeting,2026-09-17T00:00:00,Meeting with Finlabs Inc — RevOS Analytics,
3907,425,call,2026-09-09T00:00:00,Call with Wavefront Inc — RevOS Enterpri,
3908,425,call,2026-09-26T00:00:00,Call with Wavefront Inc — RevOS Enterpri,
3909,425,email,2026-09-21T00:00:00,Email with Wavefront Inc — RevOS Enterpri,
3910,426,email,2026-06-08T00:00:00,Email with Edgeflux Inc — RevOS Analytics,
3911,426,call,2026-07-15T00:00:00,Call with Edgeflux Inc — RevOS Analytics,
3912,426,email,2026-08-29T00:00:00,Email with Edgeflux Inc — RevOS Analytics,
3913,426,email,2026-09-18T00:00:00,Email with Edgeflux Inc — RevOS Analytics,
3914,426,call,2026-08-03T00:00:00,Call with Edgeflux Inc — RevOS Analytics,
3915,427,meeting,2026-07-17T00:00:00,Meeting with Wavefront Inc — RevOS Pro,
3916,427,note,2026-09-23T00:00:00,Note with Wavefront Inc — RevOS Pro,
3917,427,email,2026-07-14T00:00:00,Email with Wavefront Inc — RevOS Pro,
3918,428,email,2026-08-18T00:00:00,Email with Prismdata Inc — RevOS Starter,
3919,428,call,2026-09-16T00:00:00,Call with Prismdata Inc — RevOS Starter,
3920,428,email,2026-09-04T00:00:00,Email with Prismdata Inc — RevOS Starter,
3921,428,meeting,2026-09-01T00:00:00,Meeting with Prismdata Inc — RevOS Starter,
3922,428,email,2026-10-01T00:00:00,Email with Prismdata Inc — RevOS Starter,
3923,429,email,2026-09-04T00:00:00,Email with Acmetech Inc — RevOS Enterpris,
3924,429,call,2026-08-28T00:00:00,Call with Acmetech Inc — RevOS Enterpris,
3925,429,meeting,2026-09-19T00:00:00,Meeting with Acmetech Inc — RevOS Enterpris,
3926,429,email,2026-09-23T00:00:00,Email with Acmetech Inc — RevOS Enterpris,
3927,429,note,2026-09-29T00:00:00,Note with Acmetech Inc — RevOS Enterpris,
3928,430,call,2026-09-21T00:00:00,Call with Maplesoft Inc — RevOS Pro,
3929,430,call,2026-07-28T00:00:00,Call with Maplesoft Inc — RevOS Pro,
3930,430,call,2026-06-22T00:00:00,Call with Maplesoft Inc — RevOS Pro,
3931,430,email,2026-07-29T00:00:00,Email with Maplesoft Inc — RevOS Pro,
3932,430,email,2026-05-04T00:00:00,Email with Maplesoft Inc — RevOS Pro,
3933,430,email,2026-09-29T00:00:00,Email with Maplesoft Inc — RevOS Pro,
3934,430,call,2026-07-23T00:00:00,Call with Maplesoft Inc — RevOS Pro,
3935,430,note,2026-06-13T00:00:00,Note with Maplesoft Inc — RevOS Pro,
3936,431,email,2026-08-13T00:00:00,Email with Pulsenet Inc — RevOS Enterpris,
3937,431,call,2026-08-11T00:00:00,Call with Pulsenet Inc — RevOS Enterpris,
3938,431,email,2026-09-17T00:00:00,Email with Pulsenet Inc — RevOS Enterpris,
3939,431,note,2026-09-17T00:00:00,Note with Pulsenet Inc — RevOS Enterpris,
3940,431,call,2026-08-29T00:00:00,Call with Pulsenet Inc — RevOS Enterpris,
3941,432,note,2026-09-06T00:00:00,Note with Brightspark Inc — RevOS Pro,
3942,432,email,2026-09-25T00:00:00,Email with Brightspark Inc — RevOS Pro,
3943,432,email,2026-09-17T00:00:00,Email with Brightspark Inc — RevOS Pro,
3944,432,email,2026-09-05T00:00:00,Email with Brightspark Inc — RevOS Pro,
3945,432,email,2026-09-08T00:00:00,Email with Brightspark Inc — RevOS Pro,
3946,432,meeting,2026-09-27T00:00:00,Meeting with Brightspark Inc — RevOS Pro,
3947,432,email,2026-09-04T00:00:00,Email with Brightspark Inc — RevOS Pro,
3948,432,meeting,2026-09-20T00:00:00,Meeting with Brightspark Inc — RevOS Pro,
3949,432,call,2026-09-07T00:00:00,Call with Brightspark Inc — RevOS Pro,
3950,432,call,2026-09-12T00:00:00,Call with Brightspark Inc — RevOS Pro,
3951,433,note,2026-08-27T00:00:00,Note with Fusionware Inc — RevOS Analyti,
3952,433,email,2026-08-16T00:00:00,Email with Fusionware Inc — RevOS Analyti,
3953,433,note,2026-08-23T00:00:00,Note with Fusionware Inc — RevOS Analyti,
3954,434,email,2026-06-22T00:00:00,Email with Growthloop Inc — RevOS Starter,
3955,434,call,2026-08-28T00:00:00,Call with Growthloop Inc — RevOS Starter,
3956,434,email,2026-06-22T00:00:00,Email with Growthloop Inc — RevOS Starter,
3957,434,call,2026-08-06T00:00:00,Call with Growthloop Inc — RevOS Starter,
3958,434,note,2026-09-14T00:00:00,Note with Growthloop Inc — RevOS Starter,
3959,434,email,2026-05-17T00:00:00,Email with Growthloop Inc — RevOS Starter,
3960,434,note,2026-05-31T00:00:00,Note with Growthloop Inc — RevOS Starter,
3961,434,note,2026-06-05T00:00:00,Note with Growthloop Inc — RevOS Starter,
3962,434,call,2026-05-16T00:00:00,Call with Growthloop Inc — RevOS Starter,
3963,434,call,2026-05-17T00:00:00,Call with Growthloop Inc — RevOS Starter,
3964,434,call,2026-07-01T00:00:00,Call with Growthloop Inc — RevOS Starter,
3965,434,meeting,2026-08-12T00:00:00,Meeting with Growthloop Inc — RevOS Starter,
3966,434,note,2026-07-30T00:00:00,Note with Growthloop Inc — RevOS Starter,
3967,434,call,2026-07-05T00:00:00,Call with Growthloop Inc — RevOS Starter,
3968,434,email,2026-08-17T00:00:00,Email with Growthloop Inc — RevOS Starter,
3969,435,email,2026-08-29T00:00:00,Email with Zenithops Inc — RevOS Pro,
3970,435,email,2026-08-23T00:00:00,Email with Zenithops Inc — RevOS Pro,
3971,435,meeting,2026-07-16T00:00:00,Meeting with Zenithops Inc — RevOS Pro,
3972,435,call,2026-06-21T00:00:00,Call with Zenithops Inc — RevOS Pro,
3973,435,note,2026-09-27T00:00:00,Note with Zenithops Inc — RevOS Pro,
3974,435,email,2026-06-29T00:00:00,Email with Zenithops Inc — RevOS Pro,
3975,435,email,2026-09-30T00:00:00,Email with Zenithops Inc — RevOS Pro,
3976,435,call,2026-06-08T00:00:00,Call with Zenithops Inc — RevOS Pro,
3977,436,email,2026-08-22T00:00:00,Email with Signalops Inc — RevOS Pro,
3978,436,meeting,2026-05-29T00:00:00,Meeting with Signalops Inc — RevOS Pro,
3979,436,meeting,2026-06-14T00:00:00,Meeting with Signalops Inc — RevOS Pro,
3980,437,email,2026-08-26T00:00:00,Email with Vantagepoint Inc — RevOS Pro,
3981,437,call,2026-08-14T00:00:00,Call with Vantagepoint Inc — RevOS Pro,
3982,437,email,2026-08-22T00:00:00,Email with Vantagepoint Inc — RevOS Pro,
3983,438,email,2026-09-20T00:00:00,Email with Orchidtech Inc — RevOS Pro,
3984,438,note,2026-09-10T00:00:00,Note with Orchidtech Inc — RevOS Pro,
3985,438,call,2026-09-16T00:00:00,Call with Orchidtech Inc — RevOS Pro,
3986,438,meeting,2026-09-13T00:00:00,Meeting with Orchidtech Inc — RevOS Pro,
3987,438,meeting,2026-09-27T00:00:00,Meeting with Orchidtech Inc — RevOS Pro,
3988,438,call,2026-09-23T00:00:00,Call with Orchidtech Inc — RevOS Pro,
3989,438,call,2026-09-22T00:00:00,Call with Orchidtech Inc — RevOS Pro,
3990,438,meeting,2026-09-22T00:00:00,Meeting with Orchidtech Inc — RevOS Pro,
3991,438,call,2026-09-05T00:00:00,Call with Orchidtech Inc — RevOS Pro,
3992,438,meeting,2026-09-03T00:00:00,Meeting with Orchidtech Inc — RevOS Pro,
3993,438,call,2026-09-11T00:00:00,Call with Orchidtech Inc — RevOS Pro,
3994,439,email,2026-08-18T00:00:00,Email with Innov8 Inc — RevOS Pro,
3995,439,email,2026-08-18T00:00:00,Email with Innov8 Inc — RevOS Pro,
3996,439,note,2026-07-03T00:00:00,Note with Innov8 Inc — RevOS Pro,
3997,439,call,2026-08-14T00:00:00,Call with Innov8 Inc — RevOS Pro,
3998,439,note,2026-07-09T00:00:00,Note with Innov8 Inc — RevOS Pro,
3999,439,note,2026-07-10T00:00:00,Note with Innov8 Inc — RevOS Pro,
4000,439,email,2026-08-10T00:00:00,Email with Innov8 Inc — RevOS Pro,
4001,439,email,2026-10-01T00:00:00,Email with Innov8 Inc — RevOS Pro,
4002,439,email,2026-09-12T00:00:00,Email with Innov8 Inc — RevOS Pro,
4003,439,call,2026-08-24T00:00:00,Call with Innov8 Inc — RevOS Pro,
4004,439,call,2026-07-02T00:00:00,Call with Innov8 Inc — RevOS Pro,
4005,439,meeting,2026-08-23T00:00:00,Meeting with Innov8 Inc — RevOS Pro,
4006,440,meeting,2026-06-12T00:00:00,Meeting with Qubitlabs Inc — RevOS Pro,
4007,440,email,2026-07-22T00:00:00,Email with Qubitlabs Inc — RevOS Pro,
4008,440,meeting,2026-08-08T00:00:00,Meeting with Qubitlabs Inc — RevOS Pro,
4009,440,email,2026-09-26T00:00:00,Email with Qubitlabs Inc — RevOS Pro,
4010,440,call,2026-09-03T00:00:00,Call with Qubitlabs Inc — RevOS Pro,
4011,440,email,2026-06-21T00:00:00,Email with Qubitlabs Inc — RevOS Pro,
4012,440,call,2026-07-21T00:00:00,Call with Qubitlabs Inc — RevOS Pro,
4013,440,call,2026-06-29T00:00:00,Call with Qubitlabs Inc — RevOS Pro,
4014,440,email,2026-08-02T00:00:00,Email with Qubitlabs Inc — RevOS Pro,
4015,440,email,2026-09-12T00:00:00,Email with Qubitlabs Inc — RevOS Pro,
4016,440,call,2026-08-16T00:00:00,Call with Qubitlabs Inc — RevOS Pro,
4017,440,note,2026-07-16T00:00:00,Note with Qubitlabs Inc — RevOS Pro,
4018,440,call,2026-09-02T00:00:00,Call with Qubitlabs Inc — RevOS Pro,
4019,440,email,2026-06-14T00:00:00,Email with Qubitlabs Inc — RevOS Pro,
4020,440,email,2026-05-26T00:00:00,Email with Qubitlabs Inc — RevOS Pro,
4021,441,note,2026-08-27T00:00:00,Note with Edgeflux Inc — RevOS Enterpris,
4022,441,email,2026-04-09T00:00:00,Email with Edgeflux Inc — RevOS Enterpris,
4023,441,note,2026-06-13T00:00:00,Note with Edgeflux Inc — RevOS Enterpris,
4024,441,note,2026-08-03T00:00:00,Note with Edgeflux Inc — RevOS Enterpris,
4025,441,call,2026-08-27T00:00:00,Call with Edgeflux Inc — RevOS Enterpris,
4026,441,call,2026-06-18T00:00:00,Call with Edgeflux Inc — RevOS Enterpris,
4027,441,email,2026-07-25T00:00:00,Email with Edgeflux Inc — RevOS Enterpris,
4028,441,note,2026-04-22T00:00:00,Note with Edgeflux Inc — RevOS Enterpris,
4029,441,note,2026-09-16T00:00:00,Note with Edgeflux Inc — RevOS Enterpris,
4030,442,call,2026-05-15T00:00:00,Call with Growthloop Inc — RevOS Enterpr,
4031,442,email,2026-07-26T00:00:00,Email with Growthloop Inc — RevOS Enterpr,
4032,442,email,2026-05-23T00:00:00,Email with Growthloop Inc — RevOS Enterpr,
4033,442,meeting,2026-07-19T00:00:00,Meeting with Growthloop Inc — RevOS Enterpr,
4034,442,email,2026-05-01T00:00:00,Email with Growthloop Inc — RevOS Enterpr,
4035,442,email,2026-05-05T00:00:00,Email with Growthloop Inc — RevOS Enterpr,
4036,442,call,2026-09-05T00:00:00,Call with Growthloop Inc — RevOS Enterpr,
4037,442,meeting,2026-05-20T00:00:00,Meeting with Growthloop Inc — RevOS Enterpr,
4038,442,email,2026-08-04T00:00:00,Email with Growthloop Inc — RevOS Enterpr,
4039,442,email,2026-09-10T00:00:00,Email with Growthloop Inc — RevOS Enterpr,
4040,442,email,2026-05-16T00:00:00,Email with Growthloop Inc — RevOS Enterpr,
4041,442,meeting,2026-09-24T00:00:00,Meeting with Growthloop Inc — RevOS Enterpr,
4042,443,email,2026-09-23T00:00:00,Email with Keystone Inc — RevOS Enterpris,
4043,443,call,2026-08-27T00:00:00,Call with Keystone Inc — RevOS Enterpris,
4044,443,note,2026-09-02T00:00:00,Note with Keystone Inc — RevOS Enterpris,
4045,443,meeting,2026-09-13T00:00:00,Meeting with Keystone Inc — RevOS Enterpris,
4046,443,email,2026-08-18T00:00:00,Email with Keystone Inc — RevOS Enterpris,
4047,443,meeting,2026-09-08T00:00:00,Meeting with Keystone Inc — RevOS Enterpris,
4048,443,meeting,2026-08-20T00:00:00,Meeting with Keystone Inc — RevOS Enterpris,
4049,444,call,2026-06-18T00:00:00,Call with Junctionai Inc — RevOS API,
4050,444,note,2026-05-01T00:00:00,Note with Junctionai Inc — RevOS API,
4051,444,call,2026-05-20T00:00:00,Call with Junctionai Inc — RevOS API,
4052,444,note,2026-10-01T00:00:00,Note with Junctionai Inc — RevOS API,
4053,444,meeting,2026-07-05T00:00:00,Meeting with Junctionai Inc — RevOS API,
4054,444,email,2026-05-28T00:00:00,Email with Junctionai Inc — RevOS API,
4055,444,email,2026-08-09T00:00:00,Email with Junctionai Inc — RevOS API,
4056,444,call,2026-08-22T00:00:00,Call with Junctionai Inc — RevOS API,
4057,444,note,2026-06-10T00:00:00,Note with Junctionai Inc — RevOS API,
4058,445,email,2026-09-06T00:00:00,Email with Finlabs Inc — RevOS Analytics,
4059,445,call,2026-09-19T00:00:00,Call with Finlabs Inc — RevOS Analytics,
4060,445,call,2026-09-24T00:00:00,Call with Finlabs Inc — RevOS Analytics,
4061,445,email,2026-09-14T00:00:00,Email with Finlabs Inc — RevOS Analytics,
4062,445,call,2026-09-05T00:00:00,Call with Finlabs Inc — RevOS Analytics,
4063,445,call,2026-09-28T00:00:00,Call with Finlabs Inc — RevOS Analytics,
4064,445,note,2026-09-24T00:00:00,Note with Finlabs Inc — RevOS Analytics,
4065,446,email,2026-09-02T00:00:00,Email with Hexacore Inc — RevOS Analytics,
4066,446,email,2026-09-26T00:00:00,Email with Hexacore Inc — RevOS Analytics,
4067,446,call,2026-09-21T00:00:00,Call with Hexacore Inc — RevOS Analytics,
4068,446,note,2026-09-28T00:00:00,Note with Hexacore Inc — RevOS Analytics,
4069,446,email,2026-08-30T00:00:00,Email with Hexacore Inc — RevOS Analytics,
4070,446,call,2026-09-09T00:00:00,Call with Hexacore Inc — RevOS Analytics,
4071,446,meeting,2026-09-02T00:00:00,Meeting with Hexacore Inc — RevOS Analytics,
4072,446,email,2026-09-16T00:00:00,Email with Hexacore Inc — RevOS Analytics,
4073,446,meeting,2026-08-18T00:00:00,Meeting with Hexacore Inc — RevOS Analytics,
4074,446,meeting,2026-09-16T00:00:00,Meeting with Hexacore Inc — RevOS Analytics,
4075,446,email,2026-09-21T00:00:00,Email with Hexacore Inc — RevOS Analytics,
4076,446,call,2026-09-28T00:00:00,Call with Hexacore Inc — RevOS Analytics,
4077,446,email,2026-08-22T00:00:00,Email with Hexacore Inc — RevOS Analytics,
4078,446,email,2026-09-03T00:00:00,Email with Hexacore Inc — RevOS Analytics,
4079,446,email,2026-09-23T00:00:00,Email with Hexacore Inc — RevOS Analytics,
4080,447,call,2026-08-15T00:00:00,Call with Acmetech Inc — RevOS API,
4081,447,note,2026-09-07T00:00:00,Note with Acmetech Inc — RevOS API,
4082,447,email,2026-10-01T00:00:00,Email with Acmetech Inc — RevOS API,
4083,447,call,2026-05-26T00:00:00,Call with Acmetech Inc — RevOS API,
4084,447,email,2026-05-15T00:00:00,Email with Acmetech Inc — RevOS API,
4085,447,email,2026-08-06T00:00:00,Email with Acmetech Inc — RevOS API,
4086,448,call,2026-09-04T00:00:00,Call with Qubitlabs Inc — RevOS Analytic,
4087,448,note,2026-09-01T00:00:00,Note with Qubitlabs Inc — RevOS Analytic,
4088,448,call,2026-08-09T00:00:00,Call with Qubitlabs Inc — RevOS Analytic,
4089,449,email,2026-08-10T00:00:00,Email with Clearstack Inc — RevOS Analyti,
4090,449,call,2026-08-14T00:00:00,Call with Clearstack Inc — RevOS Analyti,
4091,449,email,2026-08-02T00:00:00,Email with Clearstack Inc — RevOS Analyti,
4092,449,call,2026-09-24T00:00:00,Call with Clearstack Inc — RevOS Analyti,
4093,449,call,2026-09-26T00:00:00,Call with Clearstack Inc — RevOS Analyti,
4094,449,meeting,2026-08-06T00:00:00,Meeting with Clearstack Inc — RevOS Analyti,
4095,449,email,2026-08-29T00:00:00,Email with Clearstack Inc — RevOS Analyti,
4096,449,email,2026-08-10T00:00:00,Email with Clearstack Inc — RevOS Analyti,
4097,450,call,2026-09-06T00:00:00,Call with Betaworks Inc — RevOS Analytic,
4098,450,email,2026-09-21T00:00:00,Email with Betaworks Inc — RevOS Analytic,
4099,450,call,2026-09-06T00:00:00,Call with Betaworks Inc — RevOS Analytic,
4100,450,call,2026-09-12T00:00:00,Call with Betaworks Inc — RevOS Analytic,
4101,450,email,2026-09-13T00:00:00,Email with Betaworks Inc — RevOS Analytic,
4102,451,note,2026-07-14T00:00:00,Note with Ultradev Inc — RevOS Analytics,
4103,451,email,2026-07-02T00:00:00,Email with Ultradev Inc — RevOS Analytics,
4104,451,email,2026-07-18T00:00:00,Email with Ultradev Inc — RevOS Analytics,
4105,451,email,2026-06-17T00:00:00,Email with Ultradev Inc — RevOS Analytics,
4106,451,call,2026-06-20T00:00:00,Call with Ultradev Inc — RevOS Analytics,
4107,451,meeting,2026-08-21T00:00:00,Meeting with Ultradev Inc — RevOS Analytics,
4108,451,note,2026-09-17T00:00:00,Note with Ultradev Inc — RevOS Analytics,
4109,451,note,2026-09-27T00:00:00,Note with Ultradev Inc — RevOS Analytics,
4110,451,email,2026-07-01T00:00:00,Email with Ultradev Inc — RevOS Analytics,
4111,452,call,2026-09-26T00:00:00,Call with Jetscale Inc — RevOS Analytics,
4112,452,email,2026-06-19T00:00:00,Email with Jetscale Inc — RevOS Analytics,
4113,452,note,2026-09-09T00:00:00,Note with Jetscale Inc — RevOS Analytics,
4114,452,meeting,2026-08-14T00:00:00,Meeting with Jetscale Inc — RevOS Analytics,
4115,452,meeting,2026-06-06T00:00:00,Meeting with Jetscale Inc — RevOS Analytics,
4116,452,meeting,2026-07-02T00:00:00,Meeting with Jetscale Inc — RevOS Analytics,
4117,452,call,2026-06-20T00:00:00,Call with Jetscale Inc — RevOS Analytics,
4118,452,call,2026-09-05T00:00:00,Call with Jetscale Inc — RevOS Analytics,
4119,452,email,2026-09-03T00:00:00,Email with Jetscale Inc — RevOS Analytics,
4120,452,email,2026-06-20T00:00:00,Email with Jetscale Inc — RevOS Analytics,
4121,453,meeting,2026-09-03T00:00:00,Meeting with Signalops Inc — RevOS Enterpri,
4122,453,note,2026-09-08T00:00:00,Note with Signalops Inc — RevOS Enterpri,
4123,453,call,2026-09-05T00:00:00,Call with Signalops Inc — RevOS Enterpri,
4124,453,call,2026-08-20T00:00:00,Call with Signalops Inc — RevOS Enterpri,
4125,453,email,2026-08-22T00:00:00,Email with Signalops Inc — RevOS Enterpri,
4126,454,call,2026-05-16T00:00:00,Call with Novabridge Inc — RevOS Analyti,
4127,454,email,2026-06-06T00:00:00,Email with Novabridge Inc — RevOS Analyti,
4128,454,call,2026-08-06T00:00:00,Call with Novabridge Inc — RevOS Analyti,
4129,454,call,2026-07-14T00:00:00,Call with Novabridge Inc — RevOS Analyti,
4130,454,email,2026-08-28T00:00:00,Email with Novabridge Inc — RevOS Analyti,
4131,455,email,2026-08-21T00:00:00,Email with Raptorx Inc — RevOS API,
4132,455,email,2026-07-26T00:00:00,Email with Raptorx Inc — RevOS API,
4133,455,email,2026-09-07T00:00:00,Email with Raptorx Inc — RevOS API,
4134,455,call,2026-08-26T00:00:00,Call with Raptorx Inc — RevOS API,
4135,456,meeting,2026-08-15T00:00:00,Meeting with Edgeflux Inc — RevOS Pro,
4136,456,call,2026-08-03T00:00:00,Call with Edgeflux Inc — RevOS Pro,
4137,456,call,2026-09-14T00:00:00,Call with Edgeflux Inc — RevOS Pro,
4138,456,call,2026-08-20T00:00:00,Call with Edgeflux Inc — RevOS Pro,
4139,456,note,2026-09-04T00:00:00,Note with Edgeflux Inc — RevOS Pro,
4140,456,meeting,2026-07-29T00:00:00,Meeting with Edgeflux Inc — RevOS Pro,
4141,456,meeting,2026-08-26T00:00:00,Meeting with Edgeflux Inc — RevOS Pro,
4142,456,call,2026-09-17T00:00:00,Call with Edgeflux Inc — RevOS Pro,
4143,456,call,2026-07-16T00:00:00,Call with Edgeflux Inc — RevOS Pro,
4144,456,email,2026-08-05T00:00:00,Email with Edgeflux Inc — RevOS Pro,
4145,456,call,2026-10-01T00:00:00,Call with Edgeflux Inc — RevOS Pro,
4146,456,email,2026-09-25T00:00:00,Email with Edgeflux Inc — RevOS Pro,
4147,456,call,2026-06-23T00:00:00,Call with Edgeflux Inc — RevOS Pro,
4148,456,meeting,2026-07-31T00:00:00,Meeting with Edgeflux Inc — RevOS Pro,
4149,456,call,2026-06-28T00:00:00,Call with Edgeflux Inc — RevOS Pro,
4150,457,email,2026-07-16T00:00:00,Email with Infoedge Inc — RevOS Starter,
4151,457,email,2026-07-14T00:00:00,Email with Infoedge Inc — RevOS Starter,
4152,457,email,2026-08-12T00:00:00,Email with Infoedge Inc — RevOS Starter,
4153,457,email,2026-04-14T00:00:00,Email with Infoedge Inc — RevOS Starter,
4154,457,meeting,2026-09-20T00:00:00,Meeting with Infoedge Inc — RevOS Starter,
4155,457,note,2026-08-03T00:00:00,Note with Infoedge Inc — RevOS Starter,
4156,457,call,2026-05-15T00:00:00,Call with Infoedge Inc — RevOS Starter,
4157,457,email,2026-06-26T00:00:00,Email with Infoedge Inc — RevOS Starter,
4158,457,email,2026-05-16T00:00:00,Email with Infoedge Inc — RevOS Starter,
4159,458,email,2026-08-06T00:00:00,Email with Xyphorai Inc — RevOS Analytics,
4160,458,call,2026-08-01T00:00:00,Call with Xyphorai Inc — RevOS Analytics,
4161,458,email,2026-08-09T00:00:00,Email with Xyphorai Inc — RevOS Analytics,
4162,458,call,2026-07-07T00:00:00,Call with Xyphorai Inc — RevOS Analytics,
4163,458,note,2026-08-03T00:00:00,Note with Xyphorai Inc — RevOS Analytics,
4164,458,note,2026-07-12T00:00:00,Note with Xyphorai Inc — RevOS Analytics,
4165,459,email,2026-07-27T00:00:00,Email with Clearstack Inc — RevOS API,
4166,459,email,2026-07-21T00:00:00,Email with Clearstack Inc — RevOS API,
4167,459,note,2026-09-02T00:00:00,Note with Clearstack Inc — RevOS API,
4168,459,email,2026-09-08T00:00:00,Email with Clearstack Inc — RevOS API,
4169,459,email,2026-08-21T00:00:00,Email with Clearstack Inc — RevOS API,
4170,459,call,2026-09-18T00:00:00,Call with Clearstack Inc — RevOS API,
4171,459,note,2026-07-20T00:00:00,Note with Clearstack Inc — RevOS API,
4172,459,email,2026-09-14T00:00:00,Email with Clearstack Inc — RevOS API,
4173,459,email,2026-08-26T00:00:00,Email with Clearstack Inc — RevOS API,
4174,459,email,2026-09-17T00:00:00,Email with Clearstack Inc — RevOS API,
4175,459,email,2026-07-27T00:00:00,Email with Clearstack Inc — RevOS API,
4176,459,email,2026-09-24T00:00:00,Email with Clearstack Inc — RevOS API,
4177,459,call,2026-07-18T00:00:00,Call with Clearstack Inc — RevOS API,
4178,460,email,2026-09-27T00:00:00,Email with Relaystack Inc — RevOS Pro,
4179,460,call,2026-09-22T00:00:00,Call with Relaystack Inc — RevOS Pro,
4180,460,email,2026-09-23T00:00:00,Email with Relaystack Inc — RevOS Pro,
4181,460,email,2026-09-14T00:00:00,Email with Relaystack Inc — RevOS Pro,
4182,460,meeting,2026-08-28T00:00:00,Meeting with Relaystack Inc — RevOS Pro,
4183,460,email,2026-10-01T00:00:00,Email with Relaystack Inc — RevOS Pro,
4184,460,meeting,2026-09-22T00:00:00,Meeting with Relaystack Inc — RevOS Pro,
4185,460,meeting,2026-09-21T00:00:00,Meeting with Relaystack Inc — RevOS Pro,
4186,460,meeting,2026-08-27T00:00:00,Meeting with Relaystack Inc — RevOS Pro,
4187,460,meeting,2026-09-29T00:00:00,Meeting with Relaystack Inc — RevOS Pro,
4188,460,call,2026-09-30T00:00:00,Call with Relaystack Inc — RevOS Pro,
4189,460,note,2026-09-03T00:00:00,Note with Relaystack Inc — RevOS Pro,
4190,460,email,2026-09-18T00:00:00,Email with Relaystack Inc — RevOS Pro,
4191,461,meeting,2026-08-24T00:00:00,Meeting with Junctionai Inc — RevOS API,
4192,461,email,2026-09-18T00:00:00,Email with Junctionai Inc — RevOS API,
4193,461,meeting,2026-07-17T00:00:00,Meeting with Junctionai Inc — RevOS API,
4194,461,email,2026-07-24T00:00:00,Email with Junctionai Inc — RevOS API,
4195,461,email,2026-08-17T00:00:00,Email with Junctionai Inc — RevOS API,
4196,461,email,2026-07-27T00:00:00,Email with Junctionai Inc — RevOS API,
4197,461,email,2026-08-06T00:00:00,Email with Junctionai Inc — RevOS API,
4198,461,email,2026-07-16T00:00:00,Email with Junctionai Inc — RevOS API,
4199,461,email,2026-09-09T00:00:00,Email with Junctionai Inc — RevOS API,
4200,461,call,2026-07-18T00:00:00,Call with Junctionai Inc — RevOS API,
4201,461,email,2026-09-09T00:00:00,Email with Junctionai Inc — RevOS API,
4202,461,email,2026-07-25T00:00:00,Email with Junctionai Inc — RevOS API,
4203,461,email,2026-07-07T00:00:00,Email with Junctionai Inc — RevOS API,
4204,461,email,2026-07-03T00:00:00,Email with Junctionai Inc — RevOS API,
4205,462,email,2026-10-01T00:00:00,Email with Raptorx Inc — RevOS API,
4206,462,note,2026-09-20T00:00:00,Note with Raptorx Inc — RevOS API,
4207,462,note,2026-09-11T00:00:00,Note with Raptorx Inc — RevOS API,
4208,462,email,2026-09-21T00:00:00,Email with Raptorx Inc — RevOS API,
4209,462,call,2026-09-27T00:00:00,Call with Raptorx Inc — RevOS API,
4210,462,call,2026-09-16T00:00:00,Call with Raptorx Inc — RevOS API,
4211,462,note,2026-09-17T00:00:00,Note with Raptorx Inc — RevOS API,
4212,462,call,2026-09-14T00:00:00,Call with Raptorx Inc — RevOS API,
4213,462,note,2026-09-23T00:00:00,Note with Raptorx Inc — RevOS API,
4214,462,email,2026-09-29T00:00:00,Email with Raptorx Inc — RevOS API,
4215,463,call,2026-07-31T00:00:00,Call with Innov8 Inc — RevOS Analytics,
4216,463,meeting,2026-09-13T00:00:00,Meeting with Innov8 Inc — RevOS Analytics,
4217,463,call,2026-09-19T00:00:00,Call with Innov8 Inc — RevOS Analytics,
4218,463,email,2026-09-15T00:00:00,Email with Innov8 Inc — RevOS Analytics,
4219,463,meeting,2026-09-04T00:00:00,Meeting with Innov8 Inc — RevOS Analytics,
4220,463,email,2026-07-21T00:00:00,Email with Innov8 Inc — RevOS Analytics,
4221,463,call,2026-06-22T00:00:00,Call with Innov8 Inc — RevOS Analytics,
4222,463,email,2026-07-24T00:00:00,Email with Innov8 Inc — RevOS Analytics,
4223,463,email,2026-08-24T00:00:00,Email with Innov8 Inc — RevOS Analytics,
4224,463,note,2026-09-20T00:00:00,Note with Innov8 Inc — RevOS Analytics,
4225,463,note,2026-06-26T00:00:00,Note with Innov8 Inc — RevOS Analytics,
4226,463,meeting,2026-07-28T00:00:00,Meeting with Innov8 Inc — RevOS Analytics,
4227,463,email,2026-07-22T00:00:00,Email with Innov8 Inc — RevOS Analytics,
4228,464,email,2026-09-23T00:00:00,Email with Stratosai Inc — RevOS Starter,
4229,464,note,2026-08-11T00:00:00,Note with Stratosai Inc — RevOS Starter,
4230,464,call,2026-08-14T00:00:00,Call with Stratosai Inc — RevOS Starter,
4231,464,note,2026-08-02T00:00:00,Note with Stratosai Inc — RevOS Starter,
4232,464,call,2026-09-21T00:00:00,Call with Stratosai Inc — RevOS Starter,
4233,465,email,2026-09-10T00:00:00,Email with Relaystack Inc — RevOS Pro,
4234,465,email,2026-08-18T00:00:00,Email with Relaystack Inc — RevOS Pro,
4235,465,email,2026-06-17T00:00:00,Email with Relaystack Inc — RevOS Pro,
4236,465,call,2026-08-25T00:00:00,Call with Relaystack Inc — RevOS Pro,
4237,465,email,2026-08-30T00:00:00,Email with Relaystack Inc — RevOS Pro,
4238,465,note,2026-07-17T00:00:00,Note with Relaystack Inc — RevOS Pro,
4239,465,call,2026-06-14T00:00:00,Call with Relaystack Inc — RevOS Pro,
4240,465,call,2026-09-19T00:00:00,Call with Relaystack Inc — RevOS Pro,
4241,465,call,2026-07-30T00:00:00,Call with Relaystack Inc — RevOS Pro,
4242,466,note,2026-08-12T00:00:00,Note with Vantagepoint Inc — RevOS Start,
4243,466,email,2026-07-16T00:00:00,Email with Vantagepoint Inc — RevOS Start,
4244,466,note,2026-09-01T00:00:00,Note with Vantagepoint Inc — RevOS Start,
4245,467,note,2026-09-24T00:00:00,Note with Deltaforce Inc — RevOS Starter,
4246,467,email,2026-08-12T00:00:00,Email with Deltaforce Inc — RevOS Starter,
4247,467,meeting,2026-07-23T00:00:00,Meeting with Deltaforce Inc — RevOS Starter,
4248,467,email,2026-07-04T00:00:00,Email with Deltaforce Inc — RevOS Starter,
4249,467,email,2026-09-08T00:00:00,Email with Deltaforce Inc — RevOS Starter,
4250,467,call,2026-06-18T00:00:00,Call with Deltaforce Inc — RevOS Starter,
4251,467,email,2026-08-12T00:00:00,Email with Deltaforce Inc — RevOS Starter,
4252,467,email,2026-06-08T00:00:00,Email with Deltaforce Inc — RevOS Starter,
4253,467,meeting,2026-06-08T00:00:00,Meeting with Deltaforce Inc — RevOS Starter,
4254,467,email,2026-05-30T00:00:00,Email with Deltaforce Inc — RevOS Starter,
4255,468,note,2026-08-22T00:00:00,Note with Ultradev Inc — RevOS Enterpris,
4256,468,meeting,2026-09-29T00:00:00,Meeting with Ultradev Inc — RevOS Enterpris,
4257,468,email,2026-09-10T00:00:00,Email with Ultradev Inc — RevOS Enterpris,
4258,468,email,2026-06-26T00:00:00,Email with Ultradev Inc — RevOS Enterpris,
4259,468,email,2026-07-12T00:00:00,Email with Ultradev Inc — RevOS Enterpris,
4260,468,note,2026-07-27T00:00:00,Note with Ultradev Inc — RevOS Enterpris,
4261,468,meeting,2026-08-05T00:00:00,Meeting with Ultradev Inc — RevOS Enterpris,
4262,468,email,2026-09-17T00:00:00,Email with Ultradev Inc — RevOS Enterpris,
4263,468,email,2026-09-01T00:00:00,Email with Ultradev Inc — RevOS Enterpris,
4264,469,email,2026-09-25T00:00:00,Email with Kinetiq Inc — RevOS Analytics,
4265,469,note,2026-09-17T00:00:00,Note with Kinetiq Inc — RevOS Analytics,
4266,469,note,2026-09-18T00:00:00,Note with Kinetiq Inc — RevOS Analytics,
4267,469,meeting,2026-09-16T00:00:00,Meeting with Kinetiq Inc — RevOS Analytics,
4268,469,meeting,2026-09-22T00:00:00,Meeting with Kinetiq Inc — RevOS Analytics,
4269,470,email,2026-09-09T00:00:00,Email with Innov8 Inc — RevOS API,
4270,470,email,2026-09-22T00:00:00,Email with Innov8 Inc — RevOS API,
4271,470,email,2026-09-14T00:00:00,Email with Innov8 Inc — RevOS API,
4272,470,email,2026-09-25T00:00:00,Email with Innov8 Inc — RevOS API,
4273,470,call,2026-07-17T00:00:00,Call with Innov8 Inc — RevOS API,
4274,470,email,2026-08-11T00:00:00,Email with Innov8 Inc — RevOS API,
4275,470,email,2026-09-12T00:00:00,Email with Innov8 Inc — RevOS API,
4276,470,email,2026-09-24T00:00:00,Email with Innov8 Inc — RevOS API,
4277,470,email,2026-08-14T00:00:00,Email with Innov8 Inc — RevOS API,
4278,471,meeting,2026-06-14T00:00:00,Meeting with Edgeflux Inc — RevOS Starter,
4279,471,email,2026-08-27T00:00:00,Email with Edgeflux Inc — RevOS Starter,
4280,471,email,2026-09-11T00:00:00,Email with Edgeflux Inc — RevOS Starter,
4281,471,call,2026-08-14T00:00:00,Call with Edgeflux Inc — RevOS Starter,
4282,471,meeting,2026-07-03T00:00:00,Meeting with Edgeflux Inc — RevOS Starter,
4283,471,meeting,2026-07-22T00:00:00,Meeting with Edgeflux Inc — RevOS Starter,
4284,471,email,2026-06-26T00:00:00,Email with Edgeflux Inc — RevOS Starter,
4285,471,meeting,2026-06-11T00:00:00,Meeting with Edgeflux Inc — RevOS Starter,
4286,472,email,2026-08-07T00:00:00,Email with Maplesoft Inc — RevOS Analytic,
4287,472,email,2026-08-12T00:00:00,Email with Maplesoft Inc — RevOS Analytic,
4288,472,email,2026-09-23T00:00:00,Email with Maplesoft Inc — RevOS Analytic,
4289,473,email,2026-07-01T00:00:00,Email with Maplesoft Inc — RevOS Analytic,
4290,473,meeting,2026-08-03T00:00:00,Meeting with Maplesoft Inc — RevOS Analytic,
4291,473,email,2026-09-04T00:00:00,Email with Maplesoft Inc — RevOS Analytic,
4292,473,call,2026-08-22T00:00:00,Call with Maplesoft Inc — RevOS Analytic,
4293,473,note,2026-07-07T00:00:00,Note with Maplesoft Inc — RevOS Analytic,
4294,473,note,2026-09-15T00:00:00,Note with Maplesoft Inc — RevOS Analytic,
4295,473,meeting,2026-08-31T00:00:00,Meeting with Maplesoft Inc — RevOS Analytic,
4296,473,note,2026-07-30T00:00:00,Note with Maplesoft Inc — RevOS Analytic,
4297,473,note,2026-07-18T00:00:00,Note with Maplesoft Inc — RevOS Analytic,
4298,473,email,2026-09-13T00:00:00,Email with Maplesoft Inc — RevOS Analytic,
4299,473,email,2026-07-12T00:00:00,Email with Maplesoft Inc — RevOS Analytic,
4300,473,email,2026-08-05T00:00:00,Email with Maplesoft Inc — RevOS Analytic,
4301,473,meeting,2026-06-26T00:00:00,Meeting with Maplesoft Inc — RevOS Analytic,
4302,473,email,2026-07-24T00:00:00,Email with Maplesoft Inc — RevOS Analytic,
4303,474,meeting,2026-07-30T00:00:00,Meeting with Corelogic Inc — RevOS Analytic,
4304,474,meeting,2026-07-21T00:00:00,Meeting with Corelogic Inc — RevOS Analytic,
4305,474,email,2026-09-19T00:00:00,Email with Corelogic Inc — RevOS Analytic,
4306,474,meeting,2026-06-18T00:00:00,Meeting with Corelogic Inc — RevOS Analytic,
4307,474,note,2026-09-04T00:00:00,Note with Corelogic Inc — RevOS Analytic,
4308,474,meeting,2026-07-25T00:00:00,Meeting with Corelogic Inc — RevOS Analytic,
4309,474,note,2026-10-01T00:00:00,Note with Corelogic Inc — RevOS Analytic,
4310,474,note,2026-08-12T00:00:00,Note with Corelogic Inc — RevOS Analytic,
4311,474,email,2026-06-24T00:00:00,Email with Corelogic Inc — RevOS Analytic,
4312,474,email,2026-09-09T00:00:00,Email with Corelogic Inc — RevOS Analytic,
4313,475,email,2026-08-25T00:00:00,Email with Jetscale Inc — RevOS Analytics,
4314,475,email,2026-08-04T00:00:00,Email with Jetscale Inc — RevOS Analytics,
4315,475,email,2026-06-15T00:00:00,Email with Jetscale Inc — RevOS Analytics,
4316,475,note,2026-09-14T00:00:00,Note with Jetscale Inc — RevOS Analytics,
4317,475,meeting,2026-07-01T00:00:00,Meeting with Jetscale Inc — RevOS Analytics,
4318,475,email,2026-08-25T00:00:00,Email with Jetscale Inc — RevOS Analytics,
4319,475,call,2026-05-13T00:00:00,Call with Jetscale Inc — RevOS Analytics,
4320,476,meeting,2026-08-22T00:00:00,Meeting with Raptorx Inc — RevOS Analytics,
4321,476,email,2026-08-30T00:00:00,Email with Raptorx Inc — RevOS Analytics,
4322,476,call,2026-06-22T00:00:00,Call with Raptorx Inc — RevOS Analytics,
4323,476,email,2026-07-17T00:00:00,Email with Raptorx Inc — RevOS Analytics,
4324,476,meeting,2026-08-20T00:00:00,Meeting with Raptorx Inc — RevOS Analytics,
4325,476,call,2026-08-05T00:00:00,Call with Raptorx Inc — RevOS Analytics,
4326,476,call,2026-07-16T00:00:00,Call with Raptorx Inc — RevOS Analytics,
4327,476,call,2026-06-06T00:00:00,Call with Raptorx Inc — RevOS Analytics,
4328,476,call,2026-08-09T00:00:00,Call with Raptorx Inc — RevOS Analytics,
4329,476,email,2026-09-20T00:00:00,Email with Raptorx Inc — RevOS Analytics,
4330,476,email,2026-08-20T00:00:00,Email with Raptorx Inc — RevOS Analytics,
4331,476,call,2026-06-12T00:00:00,Call with Raptorx Inc — RevOS Analytics,
4332,476,note,2026-09-10T00:00:00,Note with Raptorx Inc — RevOS Analytics,
4333,476,note,2026-07-25T00:00:00,Note with Raptorx Inc — RevOS Analytics,
4334,477,call,2026-07-23T00:00:00,Call with Luminance Inc — RevOS Enterpri,
4335,477,note,2026-08-11T00:00:00,Note with Luminance Inc — RevOS Enterpri,
4336,477,meeting,2026-06-05T00:00:00,Meeting with Luminance Inc — RevOS Enterpri,
4337,477,email,2026-07-31T00:00:00,Email with Luminance Inc — RevOS Enterpri,
4338,477,call,2026-05-28T00:00:00,Call with Luminance Inc — RevOS Enterpri,
4339,477,email,2026-06-06T00:00:00,Email with Luminance Inc — RevOS Enterpri,
4340,477,email,2026-09-19T00:00:00,Email with Luminance Inc — RevOS Enterpri,
4341,477,call,2026-05-27T00:00:00,Call with Luminance Inc — RevOS Enterpri,
4342,477,meeting,2026-06-15T00:00:00,Meeting with Luminance Inc — RevOS Enterpri,
4343,477,call,2026-08-05T00:00:00,Call with Luminance Inc — RevOS Enterpri,
4344,477,email,2026-09-10T00:00:00,Email with Luminance Inc — RevOS Enterpri,
4345,477,meeting,2026-08-13T00:00:00,Meeting with Luminance Inc — RevOS Enterpri,
4346,478,call,2026-04-23T00:00:00,Call with Stratosai Inc — RevOS Analytic,
4347,478,email,2026-09-05T00:00:00,Email with Stratosai Inc — RevOS Analytic,
4348,478,call,2026-09-26T00:00:00,Call with Stratosai Inc — RevOS Analytic,
4349,478,note,2026-05-09T00:00:00,Note with Stratosai Inc — RevOS Analytic,
4350,478,call,2026-07-18T00:00:00,Call with Stratosai Inc — RevOS Analytic,
4351,478,email,2026-07-03T00:00:00,Email with Stratosai Inc — RevOS Analytic,
4352,478,email,2026-09-24T00:00:00,Email with Stratosai Inc — RevOS Analytic,
4353,478,email,2026-07-28T00:00:00,Email with Stratosai Inc — RevOS Analytic,
4354,478,email,2026-09-22T00:00:00,Email with Stratosai Inc — RevOS Analytic,
4355,478,email,2026-08-10T00:00:00,Email with Stratosai Inc — RevOS Analytic,
4356,478,note,2026-05-13T00:00:00,Note with Stratosai Inc — RevOS Analytic,
4357,478,email,2026-06-15T00:00:00,Email with Stratosai Inc — RevOS Analytic,
4358,478,meeting,2026-06-23T00:00:00,Meeting with Stratosai Inc — RevOS Analytic,
4359,479,note,2026-05-26T00:00:00,Note with Keystone Inc — RevOS Pro,
4360,479,meeting,2026-06-06T00:00:00,Meeting with Keystone Inc — RevOS Pro,
4361,479,email,2026-07-16T00:00:00,Email with Keystone Inc — RevOS Pro,
4362,479,email,2026-06-27T00:00:00,Email with Keystone Inc — RevOS Pro,
4363,479,meeting,2026-08-31T00:00:00,Meeting with Keystone Inc — RevOS Pro,
4364,479,email,2026-09-25T00:00:00,Email with Keystone Inc — RevOS Pro,
4365,479,note,2026-05-24T00:00:00,Note with Keystone Inc — RevOS Pro,
4366,479,note,2026-04-15T00:00:00,Note with Keystone Inc — RevOS Pro,
4367,479,meeting,2026-05-01T00:00:00,Meeting with Keystone Inc — RevOS Pro,
4368,480,note,2026-09-05T00:00:00,Note with Jetscale Inc — RevOS Analytics,
4369,480,meeting,2026-08-26T00:00:00,Meeting with Jetscale Inc — RevOS Analytics,
4370,480,email,2026-09-09T00:00:00,Email with Jetscale Inc — RevOS Analytics,
4371,480,call,2026-09-22T00:00:00,Call with Jetscale Inc — RevOS Analytics,
4372,480,call,2026-08-26T00:00:00,Call with Jetscale Inc — RevOS Analytics,
4373,480,email,2026-09-27T00:00:00,Email with Jetscale Inc — RevOS Analytics,
4374,480,email,2026-08-24T00:00:00,Email with Jetscale Inc — RevOS Analytics,
4375,480,email,2026-08-24T00:00:00,Email with Jetscale Inc — RevOS Analytics,
4376,480,meeting,2026-09-12T00:00:00,Meeting with Jetscale Inc — RevOS Analytics,
4377,480,note,2026-09-22T00:00:00,Note with Jetscale Inc — RevOS Analytics,
4378,480,note,2026-08-20T00:00:00,Note with Jetscale Inc — RevOS Analytics,
4379,480,meeting,2026-09-27T00:00:00,Meeting with Jetscale Inc — RevOS Analytics,
4380,480,note,2026-08-24T00:00:00,Note with Jetscale Inc — RevOS Analytics,
4381,480,email,2026-08-29T00:00:00,Email with Jetscale Inc — RevOS Analytics,
4382,480,call,2026-08-29T00:00:00,Call with Jetscale Inc — RevOS Analytics,
4383,481,email,2026-09-10T00:00:00,Email with Ecomsprint Inc — RevOS Enterpr,
4384,481,call,2026-09-24T00:00:00,Call with Ecomsprint Inc — RevOS Enterpr,
4385,481,email,2026-08-08T00:00:00,Email with Ecomsprint Inc — RevOS Enterpr,
4386,481,meeting,2026-08-31T00:00:00,Meeting with Ecomsprint Inc — RevOS Enterpr,
4387,481,email,2026-09-03T00:00:00,Email with Ecomsprint Inc — RevOS Enterpr,
4388,481,meeting,2026-09-08T00:00:00,Meeting with Ecomsprint Inc — RevOS Enterpr,
4389,481,email,2026-09-01T00:00:00,Email with Ecomsprint Inc — RevOS Enterpr,
4390,481,call,2026-08-19T00:00:00,Call with Ecomsprint Inc — RevOS Enterpr,
4391,481,meeting,2026-09-06T00:00:00,Meeting with Ecomsprint Inc — RevOS Enterpr,
4392,481,meeting,2026-09-23T00:00:00,Meeting with Ecomsprint Inc — RevOS Enterpr,
4393,481,email,2026-09-23T00:00:00,Email with Ecomsprint Inc — RevOS Enterpr,
4394,481,note,2026-09-18T00:00:00,Note with Ecomsprint Inc — RevOS Enterpr,
4395,481,call,2026-09-25T00:00:00,Call with Ecomsprint Inc — RevOS Enterpr,
4396,481,call,2026-09-25T00:00:00,Call with Ecomsprint Inc — RevOS Enterpr,
4397,482,email,2026-09-09T00:00:00,Email with Acmetech Inc — RevOS Starter,
4398,482,email,2026-06-24T00:00:00,Email with Acmetech Inc — RevOS Starter,
4399,482,email,2026-07-13T00:00:00,Email with Acmetech Inc — RevOS Starter,
4400,482,email,2026-08-03T00:00:00,Email with Acmetech Inc — RevOS Starter,
4401,482,note,2026-09-12T00:00:00,Note with Acmetech Inc — RevOS Starter,
4402,482,email,2026-09-10T00:00:00,Email with Acmetech Inc — RevOS Starter,
4403,482,meeting,2026-09-22T00:00:00,Meeting with Acmetech Inc — RevOS Starter,
4404,482,note,2026-07-29T00:00:00,Note with Acmetech Inc — RevOS Starter,
4405,483,meeting,2026-09-07T00:00:00,Meeting with Metaverse Inc — RevOS Enterpri,
4406,483,call,2026-09-22T00:00:00,Call with Metaverse Inc — RevOS Enterpri,
4407,483,email,2026-09-27T00:00:00,Email with Metaverse Inc — RevOS Enterpri,
4408,483,call,2026-09-07T00:00:00,Call with Metaverse Inc — RevOS Enterpri,
4409,484,meeting,2026-09-15T00:00:00,Meeting with Maplesoft Inc — RevOS Starter,
4410,484,email,2026-08-19T00:00:00,Email with Maplesoft Inc — RevOS Starter,
4411,484,meeting,2026-07-11T00:00:00,Meeting with Maplesoft Inc — RevOS Starter,
4412,484,email,2026-09-26T00:00:00,Email with Maplesoft Inc — RevOS Starter,
4413,484,call,2026-08-15T00:00:00,Call with Maplesoft Inc — RevOS Starter,
4414,484,email,2026-08-30T00:00:00,Email with Maplesoft Inc — RevOS Starter,
4415,484,email,2026-07-20T00:00:00,Email with Maplesoft Inc — RevOS Starter,
4416,484,meeting,2026-08-14T00:00:00,Meeting with Maplesoft Inc — RevOS Starter,
4417,484,meeting,2026-07-24T00:00:00,Meeting with Maplesoft Inc — RevOS Starter,
4418,484,note,2026-08-24T00:00:00,Note with Maplesoft Inc — RevOS Starter,
4419,484,email,2026-08-11T00:00:00,Email with Maplesoft Inc — RevOS Starter,
4420,485,note,2026-06-10T00:00:00,Note with Brightspark Inc — RevOS API,
4421,485,email,2026-08-23T00:00:00,Email with Brightspark Inc — RevOS API,
4422,485,meeting,2026-08-08T00:00:00,Meeting with Brightspark Inc — RevOS API,
4423,485,email,2026-09-03T00:00:00,Email with Brightspark Inc — RevOS API,
4424,485,email,2026-08-02T00:00:00,Email with Brightspark Inc — RevOS API,
4425,485,note,2026-06-14T00:00:00,Note with Brightspark Inc — RevOS API,
4426,485,email,2026-06-16T00:00:00,Email with Brightspark Inc — RevOS API,
4427,485,note,2026-06-15T00:00:00,Note with Brightspark Inc — RevOS API,
4428,485,email,2026-08-15T00:00:00,Email with Brightspark Inc — RevOS API,
4429,486,call,2026-09-09T00:00:00,Call with Ecomsprint Inc — RevOS Starter,
4430,486,email,2026-09-03T00:00:00,Email with Ecomsprint Inc — RevOS Starter,
4431,486,email,2026-09-15T00:00:00,Email with Ecomsprint Inc — RevOS Starter,
4432,486,meeting,2026-09-03T00:00:00,Meeting with Ecomsprint Inc — RevOS Starter,
4433,487,note,2026-08-01T00:00:00,Note with Luminance Inc — RevOS Pro,
4434,487,email,2026-08-01T00:00:00,Email with Luminance Inc — RevOS Pro,
4435,487,meeting,2026-08-28T00:00:00,Meeting with Luminance Inc — RevOS Pro,
4436,487,email,2026-05-27T00:00:00,Email with Luminance Inc — RevOS Pro,
4437,487,email,2026-09-01T00:00:00,Email with Luminance Inc — RevOS Pro,
4438,487,email,2026-08-10T00:00:00,Email with Luminance Inc — RevOS Pro,
4439,487,email,2026-05-30T00:00:00,Email with Luminance Inc — RevOS Pro,
4440,487,note,2026-06-10T00:00:00,Note with Luminance Inc — RevOS Pro,
4441,487,email,2026-05-18T00:00:00,Email with Luminance Inc — RevOS Pro,
4442,487,email,2026-09-16T00:00:00,Email with Luminance Inc — RevOS Pro,
4443,487,call,2026-08-17T00:00:00,Call with Luminance Inc — RevOS Pro,
4444,488,email,2026-07-14T00:00:00,Email with Stratosai Inc — RevOS Starter,
4445,488,note,2026-09-28T00:00:00,Note with Stratosai Inc — RevOS Starter,
4446,488,email,2026-07-10T00:00:00,Email with Stratosai Inc — RevOS Starter,
4447,488,email,2026-06-20T00:00:00,Email with Stratosai Inc — RevOS Starter,
4448,489,note,2026-09-21T00:00:00,Note with Relaystack Inc — RevOS Analyti,
4449,489,meeting,2026-09-12T00:00:00,Meeting with Relaystack Inc — RevOS Analyti,
4450,489,email,2026-08-23T00:00:00,Email with Relaystack Inc — RevOS Analyti,
4451,489,email,2026-09-22T00:00:00,Email with Relaystack Inc — RevOS Analyti,
4452,489,note,2026-09-26T00:00:00,Note with Relaystack Inc — RevOS Analyti,
4453,489,call,2026-09-19T00:00:00,Call with Relaystack Inc — RevOS Analyti,
4454,489,email,2026-08-15T00:00:00,Email with Relaystack Inc — RevOS Analyti,
4455,489,note,2026-08-29T00:00:00,Note with Relaystack Inc — RevOS Analyti,
4456,489,meeting,2026-09-05T00:00:00,Meeting with Relaystack Inc — RevOS Analyti,
4457,489,meeting,2026-10-01T00:00:00,Meeting with Relaystack Inc — RevOS Analyti,
4458,489,call,2026-08-26T00:00:00,Call with Relaystack Inc — RevOS Analyti,
4459,489,call,2026-07-01T00:00:00,Call with Relaystack Inc — RevOS Analyti,
4460,490,email,2026-09-15T00:00:00,Email with Hexacore Inc — RevOS Pro,
4461,490,email,2026-08-28T00:00:00,Email with Hexacore Inc — RevOS Pro,
4462,490,call,2026-07-09T00:00:00,Call with Hexacore Inc — RevOS Pro,
4463,490,call,2026-09-05T00:00:00,Call with Hexacore Inc — RevOS Pro,
4464,490,email,2026-09-04T00:00:00,Email with Hexacore Inc — RevOS Pro,
4465,490,call,2026-07-23T00:00:00,Call with Hexacore Inc — RevOS Pro,
4466,490,meeting,2026-07-07T00:00:00,Meeting with Hexacore Inc — RevOS Pro,
4467,490,call,2026-07-24T00:00:00,Call with Hexacore Inc — RevOS Pro,
4468,490,email,2026-08-24T00:00:00,Email with Hexacore Inc — RevOS Pro,
4469,490,call,2026-07-06T00:00:00,Call with Hexacore Inc — RevOS Pro,
4470,490,meeting,2026-07-16T00:00:00,Meeting with Hexacore Inc — RevOS Pro,
4471,490,email,2026-09-18T00:00:00,Email with Hexacore Inc — RevOS Pro,
4472,491,call,2026-09-13T00:00:00,Call with Datavault Inc — RevOS Analytic,
4473,491,note,2026-06-16T00:00:00,Note with Datavault Inc — RevOS Analytic,
4474,491,email,2026-07-02T00:00:00,Email with Datavault Inc — RevOS Analytic,
4475,491,email,2026-06-06T00:00:00,Email with Datavault Inc — RevOS Analytic,
4476,491,meeting,2026-07-02T00:00:00,Meeting with Datavault Inc — RevOS Analytic,
4477,492,meeting,2026-06-22T00:00:00,Meeting with Acmetech Inc — RevOS Analytics,
4478,492,note,2026-06-30T00:00:00,Note with Acmetech Inc — RevOS Analytics,
4479,492,note,2026-07-18T00:00:00,Note with Acmetech Inc — RevOS Analytics,
4480,492,email,2026-08-25T00:00:00,Email with Acmetech Inc — RevOS Analytics,
4481,492,meeting,2026-07-09T00:00:00,Meeting with Acmetech Inc — RevOS Analytics,
4482,492,meeting,2026-09-27T00:00:00,Meeting with Acmetech Inc — RevOS Analytics,
4483,492,email,2026-08-04T00:00:00,Email with Acmetech Inc — RevOS Analytics,
4484,492,call,2026-07-09T00:00:00,Call with Acmetech Inc — RevOS Analytics,
4485,492,meeting,2026-07-01T00:00:00,Meeting with Acmetech Inc — RevOS Analytics,
4486,492,email,2026-09-21T00:00:00,Email with Acmetech Inc — RevOS Analytics,
4487,492,email,2026-07-30T00:00:00,Email with Acmetech Inc — RevOS Analytics,
4488,492,email,2026-08-04T00:00:00,Email with Acmetech Inc — RevOS Analytics,
4489,492,meeting,2026-08-18T00:00:00,Meeting with Acmetech Inc — RevOS Analytics,
4490,492,meeting,2026-08-08T00:00:00,Meeting with Acmetech Inc — RevOS Analytics,
4491,493,email,2026-06-24T00:00:00,Email with Maplesoft Inc — RevOS API,
4492,493,email,2026-07-21T00:00:00,Email with Maplesoft Inc — RevOS API,
4493,493,note,2026-08-30T00:00:00,Note with Maplesoft Inc — RevOS API,
4494,493,email,2026-08-29T00:00:00,Email with Maplesoft Inc — RevOS API,
4495,493,note,2026-08-07T00:00:00,Note with Maplesoft Inc — RevOS API,
4496,493,email,2026-07-31T00:00:00,Email with Maplesoft Inc — RevOS API,
4497,493,call,2026-06-06T00:00:00,Call with Maplesoft Inc — RevOS API,
4498,493,email,2026-06-26T00:00:00,Email with Maplesoft Inc — RevOS API,
4499,493,meeting,2026-09-27T00:00:00,Meeting with Maplesoft Inc — RevOS API,
4500,493,call,2026-09-09T00:00:00,Call with Maplesoft Inc — RevOS API,
4501,493,email,2026-07-13T00:00:00,Email with Maplesoft Inc — RevOS API,
4502,493,note,2026-06-20T00:00:00,Note with Maplesoft Inc — RevOS API,
4503,493,email,2026-06-24T00:00:00,Email with Maplesoft Inc — RevOS API,
4504,494,meeting,2026-09-01T00:00:00,Meeting with Qubitlabs Inc — RevOS Pro,
4505,494,meeting,2026-09-13T00:00:00,Meeting with Qubitlabs Inc — RevOS Pro,
4506,494,email,2026-09-27T00:00:00,Email with Qubitlabs Inc — RevOS Pro,
4507,494,email,2026-09-08T00:00:00,Email with Qubitlabs Inc — RevOS Pro,
4508,494,call,2026-07-11T00:00:00,Call with Qubitlabs Inc — RevOS Pro,
4509,495,meeting,2026-09-17T00:00:00,Meeting with Orchidtech Inc — RevOS Starter,
4510,495,email,2026-09-21T00:00:00,Email with Orchidtech Inc — RevOS Starter,
4511,495,email,2026-09-24T00:00:00,Email with Orchidtech Inc — RevOS Starter,
4512,495,email,2026-09-13T00:00:00,Email with Orchidtech Inc — RevOS Starter,
4513,495,call,2026-09-16T00:00:00,Call with Orchidtech Inc — RevOS Starter,
4514,495,email,2026-09-21T00:00:00,Email with Orchidtech Inc — RevOS Starter,
4515,495,call,2026-09-26T00:00:00,Call with Orchidtech Inc — RevOS Starter,
4516,495,email,2026-09-13T00:00:00,Email with Orchidtech Inc — RevOS Starter,
4517,495,call,2026-09-20T00:00:00,Call with Orchidtech Inc — RevOS Starter,
4518,495,email,2026-10-01T00:00:00,Email with Orchidtech Inc — RevOS Starter,
4519,495,call,2026-09-30T00:00:00,Call with Orchidtech Inc — RevOS Starter,
4520,495,meeting,2026-09-18T00:00:00,Meeting with Orchidtech Inc — RevOS Starter,
4521,495,email,2026-09-09T00:00:00,Email with Orchidtech Inc — RevOS Starter,
4522,495,email,2026-09-12T00:00:00,Email with Orchidtech Inc — RevOS Starter,
4523,496,meeting,2026-07-15T00:00:00,Meeting with Growthloop Inc — RevOS Analyti,
4524,496,note,2026-10-01T00:00:00,Note with Growthloop Inc — RevOS Analyti,
4525,496,note,2026-09-24T00:00:00,Note with Growthloop Inc — RevOS Analyti,
4526,496,note,2026-09-16T00:00:00,Note with Growthloop Inc — RevOS Analyti,
4527,496,email,2026-05-12T00:00:00,Email with Growthloop Inc — RevOS Analyti,
4528,496,email,2026-05-17T00:00:00,Email with Growthloop Inc — RevOS Analyti,
4529,496,call,2026-09-30T00:00:00,Call with Growthloop Inc — RevOS Analyti,
4530,497,call,2026-09-14T00:00:00,Call with Innov8 Inc — RevOS Analytics,
4531,497,email,2026-09-19T00:00:00,Email with Innov8 Inc — RevOS Analytics,
4532,497,meeting,2026-09-23T00:00:00,Meeting with Innov8 Inc — RevOS Analytics,
4533,497,email,2026-09-27T00:00:00,Email with Innov8 Inc — RevOS Analytics,
4534,497,call,2026-09-22T00:00:00,Call with Innov8 Inc — RevOS Analytics,
4535,497,meeting,2026-09-26T00:00:00,Meeting with Innov8 Inc — RevOS Analytics,
4536,497,email,2026-09-25T00:00:00,Email with Innov8 Inc — RevOS Analytics,
4537,497,call,2026-09-29T00:00:00,Call with Innov8 Inc — RevOS Analytics,
4538,498,email,2026-06-29T00:00:00,Email with Clearstack Inc — RevOS Enterpr,
4539,498,email,2026-07-02T00:00:00,Email with Clearstack Inc — RevOS Enterpr,
4540,498,call,2026-06-07T00:00:00,Call with Clearstack Inc — RevOS Enterpr,
4541,498,email,2026-08-11T00:00:00,Email with Clearstack Inc — RevOS Enterpr,
4542,498,email,2026-08-28T00:00:00,Email with Clearstack Inc — RevOS Enterpr,
4543,498,email,2026-04-26T00:00:00,Email with Clearstack Inc — RevOS Enterpr,
4544,499,call,2026-07-05T00:00:00,Call with Fusionware Inc — RevOS Starter,
4545,499,email,2026-05-18T00:00:00,Email with Fusionware Inc — RevOS Starter,
4546,499,call,2026-08-20T00:00:00,Call with Fusionware Inc — RevOS Starter,
4547,499,email,2026-05-25T00:00:00,Email with Fusionware Inc — RevOS Starter,
4548,499,call,2026-09-24T00:00:00,Call with Fusionware Inc — RevOS Starter,
4549,500,meeting,2026-08-09T00:00:00,Meeting with Yieldmax Inc — RevOS Starter,
4550,500,email,2026-08-08T00:00:00,Email with Yieldmax Inc — RevOS Starter,
4551,500,email,2026-07-16T00:00:00,Email with Yieldmax Inc — RevOS Starter,
4552,500,call,2026-09-25T00:00:00,Call with Yieldmax Inc — RevOS Starter,
4553,500,call,2026-08-16T00:00:00,Call with Yieldmax Inc — RevOS Starter,
