id,deal_id,contact_id,from_addr,to_addr,subject,body,date,direction,sentiment,competitor_mentioned
1,1,18,sneha.williams@growthloop.io,rep_5@revos.ai,Re: Growthloop Inc — RevOS Pro,We're evaluating People.ai as well. Can you share a comparison deck?,2026-07-17T00:00:00,inbound,-0.45,People.ai
2,1,18,sneha.williams@growthloop.io,rep_5@revos.ai,Re: Growthloop Inc — RevOS Pro,Sorry for the silence — been caught up with internal reorg. Not sure about the timeline anymore.,2026-07-28T00:00:00,inbound,-0.38,
3,1,18,rep_5@revos.ai,sneha.williams@growthloop.io,Re: Growthloop Inc — RevOS Pro,Sorry for the silence — been caught up with internal reorg. Not sure about the timeline anymore.,2026-05-26T00:00:00,outbound,-0.2,Gong
4,1,18,sneha.williams@growthloop.io,rep_5@revos.ai,Re: Growthloop Inc — RevOS Pro,The team has concerns about integration complexity. We might need to revisit scope.,2026-09-30T00:00:00,inbound,-1.0,
5,1,18,rep_5@revos.ai,sneha.williams@growthloop.io,Re: Growthloop Inc — RevOS Pro,We need to put this on hold. There's a hiring freeze and priorities have shifted.,2026-08-24T00:00:00,outbound,-0.85,
6,1,18,rep_5@revos.ai,sneha.williams@growthloop.io,Re: Growthloop Inc — RevOS Pro,We're evaluating Gong as well. Can you share a comparison deck?,2026-05-30T00:00:00,outbound,-0.26,Gong
7,1,18,sneha.williams@growthloop.io,rep_5@revos.ai,Re: Growthloop Inc — RevOS Pro,We're evaluating Gong as well. Can you share a comparison deck?,2026-06-05T00:00:00,inbound,-0.82,Gong
8,1,18,rep_5@revos.ai,sneha.williams@growthloop.io,Re: Growthloop Inc — RevOS Pro,Our CTO left the company last week. New leadership wants to re-evaluate all vendor decisions.,2026-06-09T00:00:00,outbound,-0.88,Gong
9,1,18,rep_5@revos.ai,sneha.williams@growthloop.io,Re: Growthloop Inc — RevOS Pro,The team has concerns about integration complexity. We might need to revisit scope.,2026-07-16T00:00:00,outbound,-0.25,
10,2,77,jessica.shah@zenithops.io,rep_5@revos.ai,Re: Zenithops Inc — RevOS API,"Hi Rep_5, thanks for the proposal. The team reviewed it and we're keen to move forward. Can we schedule a call this week to discuss next steps?",2026-05-23T00:00:00,inbound,0.42,Gong
11,2,77,rep_5@revos.ai,jessica.shah@zenithops.io,Re: Zenithops Inc — RevOS API,Great demo yesterday! Our VP was impressed with the forecasting module. Let's discuss pricing for the enterprise tier.,2026-05-28T00:00:00,outbound,0.45,Clari
12,2,77,rep_5@revos.ai,jessica.shah@zenithops.io,Re: Zenithops Inc — RevOS API,Thanks for the follow-up. We're still in discussion internally. Will get back to you soon.,2026-05-11T00:00:00,outbound,-0.06,
13,2,77,rep_5@revos.ai,jessica.shah@zenithops.io,Re: Zenithops Inc — RevOS API,Quick update — we got budget approval. Let's finalize the SOW this week.,2026-09-03T00:00:00,outbound,0.67,
14,2,77,rep_5@revos.ai,jessica.shah@zenithops.io,Re: Zenithops Inc — RevOS API,Quick update — we got budget approval. Let's finalize the SOW this week.,2026-08-06T00:00:00,outbound,-0.05,Gong
15,2,77,jessica.shah@zenithops.io,rep_5@revos.ai,Re: Zenithops Inc — RevOS API,The ROI numbers you shared were compelling. I've looped in our CFO for budget approval.,2026-06-07T00:00:00,inbound,0.84,
16,2,77,jessica.shah@zenithops.io,rep_5@revos.ai,Re: Zenithops Inc — RevOS API,"Hi Rep_5, thanks for the proposal. The team reviewed it and we're keen to move forward. Can we schedule a call this week to discuss next steps?",2026-05-07T00:00:00,inbound,0.46,
17,2,77,jessica.shah@zenithops.io,rep_5@revos.ai,Re: Zenithops Inc — RevOS API,Quick update — we got budget approval. Let's finalize the SOW this week.,2026-08-28T00:00:00,inbound,0.8,
18,3,111,daniel.kumar@maplesoft.co,rep_5@revos.ai,Re: Maplesoft Inc — RevOS Analytics,We're evaluating HubSpot AI as well. Can you share a comparison deck?,2026-08-22T00:00:00,inbound,-0.28,HubSpot AI
19,3,111,daniel.kumar@maplesoft.co,rep_5@revos.ai,Re: Maplesoft Inc — RevOS Analytics,Our CTO left the company last week. New leadership wants to re-evaluate all vendor decisions.,2026-06-23T00:00:00,inbound,-0.5,
20,4,141,rep_2@revos.ai,ritu.jones@windrose.in,Re: Windrose Inc — RevOS API,Great demo yesterday! Our VP was impressed with the forecasting module. Let's discuss pricing for the enterprise tier.,2026-07-28T00:00:00,outbound,0.88,People.ai
21,4,141,ritu.jones@windrose.in,rep_2@revos.ai,Re: Windrose Inc — RevOS API,"Hi Rep_2, thanks for the proposal. The team reviewed it and we're keen to move forward. Can we schedule a call this week to discuss next steps?",2026-09-17T00:00:00,inbound,0.33,Gong
22,4,141,rep_2@revos.ai,ritu.jones@windrose.in,Re: Windrose Inc — RevOS API,Quick update — we got budget approval. Let's finalize the SOW this week.,2026-08-04T00:00:00,outbound,0.36,
23,4,141,ritu.jones@windrose.in,rep_2@revos.ai,Re: Windrose Inc — RevOS API,We've completed internal review. Legal is looking at the contract now. Expect sign-off by September 20.,2026-09-13T00:00:00,inbound,0.32,
24,4,141,ritu.jones@windrose.in,rep_2@revos.ai,Re: Windrose Inc — RevOS API,"Hi Rep_2, just checking in. Any updates on the custom integration we discussed?",2026-07-18T00:00:00,inbound,-0.22,
25,4,141,ritu.jones@windrose.in,rep_2@revos.ai,Re: Windrose Inc — RevOS API,Quick update — we got budget approval. Let's finalize the SOW this week.,2026-08-07T00:00:00,inbound,0.56,Clari
26,4,141,rep_2@revos.ai,ritu.jones@windrose.in,Re: Windrose Inc — RevOS API,"Hi Rep_2, just checking in. Any updates on the custom integration we discussed?",2026-09-23T00:00:00,outbound,0.35,
27,4,141,rep_2@revos.ai,ritu.jones@windrose.in,Re: Windrose Inc — RevOS API,Quick update — we got budget approval. Let's finalize the SOW this week.,2026-08-26T00:00:00,outbound,0.75,
28,4,141,rep_2@revos.ai,ritu.jones@windrose.in,Re: Windrose Inc — RevOS API,Great demo yesterday! Our VP was impressed with the forecasting module. Let's discuss pricing for the enterprise tier.,2026-08-23T00:00:00,outbound,0.72,
29,4,141,rep_2@revos.ai,ritu.jones@windrose.in,Re: Windrose Inc — RevOS API,"Hi Rep_2, thanks for the proposal. The team reviewed it and we're keen to move forward. Can we schedule a call this week to discuss next steps?",2026-09-16T00:00:00,outbound,0.41,
30,5,92,nisha.singh@edgeflux.co,rep_4@revos.ai,Re: Edgeflux Inc — RevOS Pro,Sorry for the silence — been caught up with internal reorg. Not sure about the timeline anymore.,2026-09-13T00:00:00,inbound,-0.58,
31,5,92,nisha.singh@edgeflux.co,rep_4@revos.ai,Re: Edgeflux Inc — RevOS Pro,Our CTO left the company last week. New leadership wants to re-evaluate all vendor decisions.,2026-09-08T00:00:00,inbound,-0.96,
32,5,92,rep_4@revos.ai,nisha.singh@edgeflux.co,Re: Edgeflux Inc — RevOS Pro,We need to put this on hold. There's a hiring freeze and priorities have shifted.,2026-08-11T00:00:00,outbound,-0.69,
33,5,92,rep_4@revos.ai,nisha.singh@edgeflux.co,Re: Edgeflux Inc — RevOS Pro,We're evaluating HubSpot AI as well. Can you share a comparison deck?,2026-09-15T00:00:00,outbound,-0.64,
34,5,92,rep_4@revos.ai,nisha.singh@edgeflux.co,Re: Edgeflux Inc — RevOS Pro,The team has concerns about integration complexity. We might need to revisit scope.,2026-08-10T00:00:00,outbound,-0.54,
35,5,92,nisha.singh@edgeflux.co,rep_4@revos.ai,Re: Edgeflux Inc — RevOS Pro,The team has concerns about integration complexity. We might need to revisit scope.,2026-08-27T00:00:00,inbound,-0.26,
36,6,36,manish.williams@metaverse.in,rep_2@revos.ai,Re: Metaverse Inc — RevOS Starter,Quick update — we got budget approval. Let's finalize the SOW this week.,2026-08-01T00:00:00,inbound,-0.25,
37,6,36,manish.williams@metaverse.in,rep_2@revos.ai,Re: Metaverse Inc — RevOS Starter,Quick update — we got budget approval. Let's finalize the SOW this week.,2026-08-22T00:00:00,inbound,0.26,
38,6,36,manish.williams@metaverse.in,rep_2@revos.ai,Re: Metaverse Inc — RevOS Starter,Can you send over the updated pricing sheet? We need it for our internal review.,2026-07-29T00:00:00,inbound,-0.25,
39,6,36,rep_2@revos.ai,manish.williams@metaverse.in,Re: Metaverse Inc — RevOS Starter,Can you send over the updated pricing sheet? We need it for our internal review.,2026-08-11T00:00:00,outbound,0.5,
40,6,36,rep_2@revos.ai,manish.williams@metaverse.in,Re: Metaverse Inc — RevOS Starter,Great demo yesterday! Our VP was impressed with the forecasting module. Let's discuss pricing for the enterprise tier.,2026-07-27T00:00:00,outbound,0.57,
41,6,36,rep_2@revos.ai,manish.williams@metaverse.in,Re: Metaverse Inc — RevOS Starter,"Hi Rep_2, thanks for the proposal. The team reviewed it and we're keen to move forward. Can we schedule a call this week to discuss next steps?",2026-08-18T00:00:00,outbound,0.16,
42,6,36,manish.williams@metaverse.in,rep_2@revos.ai,Re: Metaverse Inc — RevOS Starter,Great demo yesterday! Our VP was impressed with the forecasting module. Let's discuss pricing for the enterprise tier.,2026-08-20T00:00:00,inbound,-0.08,
43,6,36,rep_2@revos.ai,manish.williams@metaverse.in,Re: Metaverse Inc — RevOS Starter,Great demo yesterday! Our VP was impressed with the forecasting module. Let's discuss pricing for the enterprise tier.,2026-08-14T00:00:00,outbound,0.35,
44,7,112,rep_9@revos.ai,jessica.mehta@maplesoft.co,Re: Maplesoft Inc — RevOS Enterprise,"Hi Rep_9, we need to push the timeline. Budget freeze until next quarter. I'll keep you posted.",2026-09-07T00:00:00,outbound,-0.78,
45,7,112,rep_9@revos.ai,jessica.mehta@maplesoft.co,Re: Maplesoft Inc — RevOS Enterprise,We need to put this on hold. There's a hiring freeze and priorities have shifted.,2026-06-28T00:00:00,outbound,-0.24,
46,7,112,jessica.mehta@maplesoft.co,rep_9@revos.ai,Re: Maplesoft Inc — RevOS Enterprise,The team has concerns about integration complexity. We might need to revisit scope.,2026-09-13T00:00:00,inbound,-0.14,Clari
47,7,112,jessica.mehta@maplesoft.co,rep_9@revos.ai,Re: Maplesoft Inc — RevOS Enterprise,The team has concerns about integration complexity. We might need to revisit scope.,2026-09-21T00:00:00,inbound,-0.15,
48,7,112,rep_9@revos.ai,jessica.mehta@maplesoft.co,Re: Maplesoft Inc — RevOS Enterprise,The team has concerns about integration complexity. We might need to revisit scope.,2026-07-05T00:00:00,outbound,-0.22,People.ai
49,7,112,jessica.mehta@maplesoft.co,rep_9@revos.ai,Re: Maplesoft Inc — RevOS Enterprise,We need to put this on hold. There's a hiring freeze and priorities have shifted.,2026-09-06T00:00:00,inbound,-0.67,
50,8,111,daniel.kumar@maplesoft.co,rep_10@revos.ai,Re: Maplesoft Inc — RevOS Starter,Great demo yesterday! Our VP was impressed with the forecasting module. Let's discuss pricing for the enterprise tier.,2026-09-27T00:00:00,inbound,0.97,
51,8,111,daniel.kumar@maplesoft.co,rep_10@revos.ai,Re: Maplesoft Inc — RevOS Starter,The ROI numbers you shared were compelling. I've looped in our CFO for budget approval.,2026-07-04T00:00:00,inbound,0.52,
52,8,111,daniel.kumar@maplesoft.co,rep_10@revos.ai,Re: Maplesoft Inc — RevOS Starter,"Hi Rep_10, thanks for the proposal. The team reviewed it and we're keen to move forward. Can we schedule a call this week to discuss next steps?",2026-08-08T00:00:00,inbound,0.56,
53,8,111,daniel.kumar@maplesoft.co,rep_10@revos.ai,Re: Maplesoft Inc — RevOS Starter,We've completed internal review. Legal is looking at the contract now. Expect sign-off by September 11.,2026-09-04T00:00:00,inbound,0.81,People.ai
54,8,111,daniel.kumar@maplesoft.co,rep_10@revos.ai,Re: Maplesoft Inc — RevOS Starter,We've completed internal review. Legal is looking at the contract now. Expect sign-off by September 25.,2026-09-18T00:00:00,inbound,0.33,
55,8,111,daniel.kumar@maplesoft.co,rep_10@revos.ai,Re: Maplesoft Inc — RevOS Starter,Great demo yesterday! Our VP was impressed with the forecasting module. Let's discuss pricing for the enterprise tier.,2026-09-27T00:00:00,inbound,0.44,People.ai
56,8,111,daniel.kumar@maplesoft.co,rep_10@revos.ai,Re: Maplesoft Inc — RevOS Starter,We've completed internal review. Legal is looking at the contract now. Expect sign-off by August 23.,2026-08-16T00:00:00,inbound,0.71,
57,8,111,rep_10@revos.ai,daniel.kumar@maplesoft.co,Re: Maplesoft Inc — RevOS Starter,Great demo yesterday! Our VP was impressed with the forecasting module. Let's discuss pricing for the enterprise tier.,2026-07-17T00:00:00,outbound,0.86,
58,8,111,daniel.kumar@maplesoft.co,rep_10@revos.ai,Re: Maplesoft Inc — RevOS Starter,Quick update — we got budget approval. Let's finalize the SOW this week.,2026-07-15T00:00:00,inbound,0.62,
59,8,111,daniel.kumar@maplesoft.co,rep_10@revos.ai,Re: Maplesoft Inc — RevOS Starter,Great demo yesterday! Our VP was impressed with the forecasting module. Let's discuss pricing for the enterprise tier.,2026-07-17T00:00:00,inbound,0.47,HubSpot AI
60,9,49,kavita.mehta@raptorx.io,rep_7@revos.ai,Re: Raptorx Inc — RevOS API,Sorry for the silence — been caught up with internal reorg. Not sure about the timeline anymore.,2026-09-09T00:00:00,inbound,-0.42,
61,9,49,rep_7@revos.ai,kavita.mehta@raptorx.io,Re: Raptorx Inc — RevOS API,We need to put this on hold. There's a hiring freeze and priorities have shifted.,2026-08-11T00:00:00,outbound,-0.93,Clari
62,9,49,rep_7@revos.ai,kavita.mehta@raptorx.io,Re: Raptorx Inc — RevOS API,Sorry for the silence — been caught up with internal reorg. Not sure about the timeline anymore.,2026-09-26T00:00:00,outbound,-0.91,
63,9,49,kavita.mehta@raptorx.io,rep_7@revos.ai,Re: Raptorx Inc — RevOS API,We're evaluating Clari as well. Can you share a comparison deck?,2026-09-04T00:00:00,inbound,-0.81,Clari
64,9,49,kavita.mehta@raptorx.io,rep_7@revos.ai,Re: Raptorx Inc — RevOS API,"Hi Rep_7, we need to push the timeline. Budget freeze until next quarter. I'll keep you posted.",2026-09-29T00:00:00,inbound,-0.7,
65,10,58,jennifer.das@ultradev.in,rep_9@revos.ai,Re: Ultradev Inc — RevOS Analytics,The ROI numbers you shared were compelling. I've looped in our CFO for budget approval.,2026-07-16T00:00:00,inbound,0.53,
66,10,58,rep_9@revos.ai,jennifer.das@ultradev.in,Re: Ultradev Inc — RevOS Analytics,We've completed internal review. Legal is looking at the contract now. Expect sign-off by September 08.,2026-09-01T00:00:00,outbound,0.88,
67,10,58,jennifer.das@ultradev.in,rep_9@revos.ai,Re: Ultradev Inc — RevOS Analytics,The ROI numbers you shared were compelling. I've looped in our CFO for budget approval.,2026-09-14T00:00:00,inbound,0.94,
68,10,58,jennifer.das@ultradev.in,rep_9@revos.ai,Re: Ultradev Inc — RevOS Analytics,We've completed internal review. Legal is looking at the contract now. Expect sign-off by September 24.,2026-09-17T00:00:00,inbound,0.73,
69,10,58,jennifer.das@ultradev.in,rep_9@revos.ai,Re: Ultradev Inc — RevOS Analytics,Quick update — we got budget approval. Let's finalize the SOW this week.,2026-07-07T00:00:00,inbound,0.35,People.ai
70,10,58,rep_9@revos.ai,jennifer.das@ultradev.in,Re: Ultradev Inc — RevOS Analytics,Quick update — we got budget approval. Let's finalize the SOW this week.,2026-09-05T00:00:00,outbound,0.5,Clari
71,10,58,rep_9@revos.ai,jennifer.das@ultradev.in,Re: Ultradev Inc — RevOS Analytics,"Hi Rep_9, thanks for the proposal. The team reviewed it and we're keen to move forward. Can we schedule a call this week to discuss next steps?",2026-09-05T00:00:00,outbound,0.71,
72,10,58,jennifer.das@ultradev.in,rep_9@revos.ai,Re: Ultradev Inc — RevOS Analytics,Great demo yesterday! Our VP was impressed with the forecasting module. Let's discuss pricing for the enterprise tier.,2026-08-21T00:00:00,inbound,0.96,
73,10,58,jennifer.das@ultradev.in,rep_9@revos.ai,Re: Ultradev Inc — RevOS Analytics,Great demo yesterday! Our VP was impressed with the forecasting module. Let's discuss pricing for the enterprise tier.,2026-09-02T00:00:00,inbound,0.62,
74,10,58,jennifer.das@ultradev.in,rep_9@revos.ai,Re: Ultradev Inc — RevOS Analytics,We've completed internal review. Legal is looking at the contract now. Expect sign-off by August 29.,2026-08-22T00:00:00,inbound,0.95,
75,11,145,rep_1@revos.ai,rohan.patel@xyphorai.io,Re: Xyphorai Inc — RevOS Analytics,"Hi Rep_1, thanks for the proposal. The team reviewed it and we're keen to move forward. Can we schedule a call this week to discuss next steps?",2026-09-24T00:00:00,outbound,0.88,
76,11,145,rep_1@revos.ai,rohan.patel@xyphorai.io,Re: Xyphorai Inc — RevOS Analytics,The ROI numbers you shared were compelling. I've looped in our CFO for budget approval.,2026-09-22T00:00:00,outbound,0.95,
77,11,145,rohan.patel@xyphorai.io,rep_1@revos.ai,Re: Xyphorai Inc — RevOS Analytics,Great demo yesterday! Our VP was impressed with the forecasting module. Let's discuss pricing for the enterprise tier.,2026-09-22T00:00:00,inbound,0.6,
78,11,145,rohan.patel@xyphorai.io,rep_1@revos.ai,Re: Xyphorai Inc — RevOS Analytics,Quick update — we got budget approval. Let's finalize the SOW this week.,2026-09-22T00:00:00,inbound,0.92,
79,11,145,rohan.patel@xyphorai.io,rep_1@revos.ai,Re: Xyphorai Inc — RevOS Analytics,The ROI numbers you shared were compelling. I've looped in our CFO for budget approval.,2026-09-28T00:00:00,inbound,0.41,
80,11,145,rohan.patel@xyphorai.io,rep_1@revos.ai,Re: Xyphorai Inc — RevOS Analytics,Great demo yesterday! Our VP was impressed with the forecasting module. Let's discuss pricing for the enterprise tier.,2026-09-27T00:00:00,inbound,0.84,Clari
81,12,116,kavita.kumar@orchidtech.in,rep_2@revos.ai,Re: Orchidtech Inc — RevOS Analytics,Thanks for the follow-up. We're still in discussion internally. Will get back to you soon.,2026-08-23T00:00:00,inbound,0.09,Salesforce Einstein
82,12,116,rep_2@revos.ai,kavita.kumar@orchidtech.in,Re: Orchidtech Inc — RevOS Analytics,Thanks for the follow-up. We're still in discussion internally. Will get back to you soon.,2026-09-10T00:00:00,outbound,0.26,
83,12,116,rep_2@revos.ai,kavita.kumar@orchidtech.in,Re: Orchidtech Inc — RevOS Analytics,"Hi Rep_2, just checking in. Any updates on the custom integration we discussed?",2026-09-23T00:00:00,outbound,-0.2,
84,12,116,kavita.kumar@orchidtech.in,rep_2@revos.ai,Re: Orchidtech Inc — RevOS Analytics,Quick update — we got budget approval. Let's finalize the SOW this week.,2026-09-05T00:00:00,inbound,0.4,
85,12,116,rep_2@revos.ai,kavita.kumar@orchidtech.in,Re: Orchidtech Inc — RevOS Analytics,Thanks for the follow-up. We're still in discussion internally. Will get back to you soon.,2026-08-16T00:00:00,outbound,0.07,
86,12,116,kavita.kumar@orchidtech.in,rep_2@revos.ai,Re: Orchidtech Inc — RevOS Analytics,We've completed internal review. Legal is looking at the contract now. Expect sign-off by August 21.,2026-08-14T00:00:00,inbound,0.25,
87,12,116,kavita.kumar@orchidtech.in,rep_2@revos.ai,Re: Orchidtech Inc — RevOS Analytics,We've completed internal review. Legal is looking at the contract now. Expect sign-off by August 15.,2026-08-08T00:00:00,inbound,0.11,
88,13,57,rep_2@revos.ai,pooja.jones@truepathsys.com,Re: Truepathsys Inc — RevOS Analytics,Can you send over the updated pricing sheet? We need it for our internal review.,2026-08-13T00:00:00,outbound,0.42,HubSpot AI
89,13,57,pooja.jones@truepathsys.com,rep_2@revos.ai,Re: Truepathsys Inc — RevOS Analytics,Quick update — we got budget approval. Let's finalize the SOW this week.,2026-07-03T00:00:00,inbound,0.59,
90,14,54,rep_4@revos.ai,ritu.singh@stratosai.co,Re: Stratosai Inc — RevOS Analytics,The ROI numbers you shared were compelling. I've looped in our CFO for budget approval.,2026-09-02T00:00:00,outbound,0.48,
91,14,54,ritu.singh@stratosai.co,rep_4@revos.ai,Re: Stratosai Inc — RevOS Analytics,Great demo yesterday! Our VP was impressed with the forecasting module. Let's discuss pricing for the enterprise tier.,2026-09-15T00:00:00,inbound,-0.17,
92,14,54,ritu.singh@stratosai.co,rep_4@revos.ai,Re: Stratosai Inc — RevOS Analytics,We've completed internal review. Legal is looking at the contract now. Expect sign-off by September 04.,2026-08-28T00:00:00,inbound,0.21,Gong
93,14,54,rep_4@revos.ai,ritu.singh@stratosai.co,Re: Stratosai Inc — RevOS Analytics,"Hi Rep_4, thanks for the proposal. The team reviewed it and we're keen to move forward. Can we schedule a call this week to discuss next steps?",2026-09-27T00:00:00,outbound,0.56,
94,15,22,anjali.shah@infoedge.com,rep_10@revos.ai,Re: Infoedge Inc — RevOS Enterprise,We're evaluating People.ai as well. Can you share a comparison deck?,2026-07-01T00:00:00,inbound,-0.3,
95,15,22,anjali.shah@infoedge.com,rep_10@revos.ai,Re: Infoedge Inc — RevOS Enterprise,Our CTO left the company last week. New leadership wants to re-evaluate all vendor decisions.,2026-08-19T00:00:00,inbound,-0.37,
96,15,22,anjali.shah@infoedge.com,rep_10@revos.ai,Re: Infoedge Inc — RevOS Enterprise,We need to put this on hold. There's a hiring freeze and priorities have shifted.,2026-08-07T00:00:00,inbound,-0.89,
97,16,86,rep_4@revos.ai,william.mehta@corelogic.in,Re: Corelogic Inc — RevOS Starter,We need to put this on hold. There's a hiring freeze and priorities have shifted.,2026-09-19T00:00:00,outbound,-0.81,
98,16,86,william.mehta@corelogic.in,rep_4@revos.ai,Re: Corelogic Inc — RevOS Starter,Our CTO left the company last week. New leadership wants to re-evaluate all vendor decisions.,2026-09-29T00:00:00,inbound,-0.8,
99,17,8,william.brown@clearstack.io,rep_9@revos.ai,Re: Clearstack Inc — RevOS Starter,Thanks for the follow-up. We're still in discussion internally. Will get back to you soon.,2026-09-08T00:00:00,inbound,0.29,
100,17,8,rep_9@revos.ai,william.brown@clearstack.io,Re: Clearstack Inc — RevOS Starter,We've completed internal review. Legal is looking at the contract now. Expect sign-off by June 26.,2026-06-19T00:00:00,outbound,0.56,
101,17,8,william.brown@clearstack.io,rep_9@revos.ai,Re: Clearstack Inc — RevOS Starter,The ROI numbers you shared were compelling. I've looped in our CFO for budget approval.,2026-07-02T00:00:00,inbound,0.01,
102,17,8,william.brown@clearstack.io,rep_9@revos.ai,Re: Clearstack Inc — RevOS Starter,We've completed internal review. Legal is looking at the contract now. Expect sign-off by September 02.,2026-08-26T00:00:00,inbound,0.19,Salesforce Einstein
103,17,8,rep_9@revos.ai,william.brown@clearstack.io,Re: Clearstack Inc — RevOS Starter,The ROI numbers you shared were compelling. I've looped in our CFO for budget approval.,2026-09-09T00:00:00,outbound,0.22,
104,17,8,william.brown@clearstack.io,rep_9@revos.ai,Re: Clearstack Inc — RevOS Starter,"Hi Rep_9, just checking in. Any updates on the custom integration we discussed?",2026-09-05T00:00:00,inbound,0.21,
105,17,8,william.brown@clearstack.io,rep_9@revos.ai,Re: Clearstack Inc — RevOS Starter,We've completed internal review. Legal is looking at the contract now. Expect sign-off by July 06.,2026-06-29T00:00:00,inbound,0.21,
106,18,84,chris.shah@corelogic.in,rep_2@revos.ai,Re: Corelogic Inc — RevOS Starter,The ROI numbers you shared were compelling. I've looped in our CFO for budget approval.,2026-06-30T00:00:00,inbound,0.19,People.ai
107,18,84,rep_2@revos.ai,chris.shah@corelogic.in,Re: Corelogic Inc — RevOS Starter,Great demo yesterday! Our VP was impressed with the forecasting module. Let's discuss pricing for the enterprise tier.,2026-09-07T00:00:00,outbound,0.26,HubSpot AI
108,18,84,chris.shah@corelogic.in,rep_2@revos.ai,Re: Corelogic Inc — RevOS Starter,"Hi Rep_2, thanks for the proposal. The team reviewed it and we're keen to move forward. Can we schedule a call this week to discuss next steps?",2026-06-01T00:00:00,inbound,-0.3,
109,19,128,rep_9@revos.ai,manish.rao@signalops.in,Re: Signalops Inc — RevOS Analytics,"Hi Rep_9, we need to push the timeline. Budget freeze until next quarter. I'll keep you posted.",2026-08-24T00:00:00,outbound,-0.1,Salesforce Einstein
110,19,128,manish.rao@signalops.in,rep_9@revos.ai,Re: Signalops Inc — RevOS Analytics,"Hi Rep_9, we need to push the timeline. Budget freeze until next quarter. I'll keep you posted.",2026-08-18T00:00:00,inbound,-0.4,
111,19,128,manish.rao@signalops.in,rep_9@revos.ai,Re: Signalops Inc — RevOS Analytics,"Hi Rep_9, we need to push the timeline. Budget freeze until next quarter. I'll keep you posted.",2026-08-11T00:00:00,inbound,-0.66,Clari
112,19,128,rep_9@revos.ai,manish.rao@signalops.in,Re: Signalops Inc — RevOS Analytics,The team has concerns about integration complexity. We might need to revisit scope.,2026-09-20T00:00:00,outbound,-0.43,Clari
113,19,128,manish.rao@signalops.in,rep_9@revos.ai,Re: Signalops Inc — RevOS Analytics,Sorry for the silence — been caught up with internal reorg. Not sure about the timeline anymore.,2026-08-10T00:00:00,inbound,-0.3,
114,19,128,manish.rao@signalops.in,rep_9@revos.ai,Re: Signalops Inc — RevOS Analytics,Sorry for the silence — been caught up with internal reorg. Not sure about the timeline anymore.,2026-09-04T00:00:00,inbound,-0.42,
115,19,128,rep_9@revos.ai,manish.rao@signalops.in,Re: Signalops Inc — RevOS Analytics,We need to put this on hold. There's a hiring freeze and priorities have shifted.,2026-07-06T00:00:00,outbound,-0.75,Gong
116,19,128,rep_9@revos.ai,manish.rao@signalops.in,Re: Signalops Inc — RevOS Analytics,Our CTO left the company last week. New leadership wants to re-evaluate all vendor decisions.,2026-09-01T00:00:00,outbound,-0.75,Salesforce Einstein
117,19,128,rep_9@revos.ai,manish.rao@signalops.in,Re: Signalops Inc — RevOS Analytics,We need to put this on hold. There's a hiring freeze and priorities have shifted.,2026-09-29T00:00:00,outbound,-0.64,
118,19,128,manish.rao@signalops.in,rep_9@revos.ai,Re: Signalops Inc — RevOS Analytics,We're evaluating HubSpot AI as well. Can you share a comparison deck?,2026-09-23T00:00:00,inbound,-0.69,
119,20,39,rep_1@revos.ai,manish.reddy@omnilayer.co,Re: Omnilayer Inc — RevOS Enterprise,Thanks for the follow-up. We're still in discussion internally. Will get back to you soon.,2026-09-28T00:00:00,outbound,0.21,
120,20,39,rep_1@revos.ai,manish.reddy@omnilayer.co,Re: Omnilayer Inc — RevOS Enterprise,Quick update — we got budget approval. Let's finalize the SOW this week.,2026-09-01T00:00:00,outbound,0.77,Clari
121,20,39,manish.reddy@omnilayer.co,rep_1@revos.ai,Re: Omnilayer Inc — RevOS Enterprise,"Hi Rep_1, thanks for the proposal. The team reviewed it and we're keen to move forward. Can we schedule a call this week to discuss next steps?",2026-09-09T00:00:00,inbound,0.96,
122,21,54,ritu.singh@stratosai.co,rep_3@revos.ai,Re: Stratosai Inc — RevOS Starter,The team has concerns about integration complexity. We might need to revisit scope.,2026-09-07T00:00:00,inbound,-0.18,
123,21,54,ritu.singh@stratosai.co,rep_3@revos.ai,Re: Stratosai Inc — RevOS Starter,"Hi Rep_3, we need to push the timeline. Budget freeze until next quarter. I'll keep you posted.",2026-09-14T00:00:00,inbound,-0.82,
124,21,54,ritu.singh@stratosai.co,rep_3@revos.ai,Re: Stratosai Inc — RevOS Starter,Our CTO left the company last week. New leadership wants to re-evaluate all vendor decisions.,2026-08-26T00:00:00,inbound,-0.85,
125,21,54,rep_3@revos.ai,ritu.singh@stratosai.co,Re: Stratosai Inc — RevOS Starter,Our CTO left the company last week. New leadership wants to re-evaluate all vendor decisions.,2026-08-30T00:00:00,outbound,-0.12,
126,21,54,rep_3@revos.ai,ritu.singh@stratosai.co,Re: Stratosai Inc — RevOS Starter,Our CTO left the company last week. New leadership wants to re-evaluate all vendor decisions.,2026-09-14T00:00:00,outbound,-0.12,
127,21,54,ritu.singh@stratosai.co,rep_3@revos.ai,Re: Stratosai Inc — RevOS Starter,"Hi Rep_3, we need to push the timeline. Budget freeze until next quarter. I'll keep you posted.",2026-08-28T00:00:00,inbound,-0.2,
128,21,54,rep_3@revos.ai,ritu.singh@stratosai.co,Re: Stratosai Inc — RevOS Starter,"Hi Rep_3, we need to push the timeline. Budget freeze until next quarter. I'll keep you posted.",2026-09-04T00:00:00,outbound,-0.35,HubSpot AI
129,22,71,nisha.williams@yieldmax.in,rep_5@revos.ai,Re: Yieldmax Inc — RevOS Analytics,Great demo yesterday! Our VP was impressed with the forecasting module. Let's discuss pricing for the enterprise tier.,2026-05-08T00:00:00,inbound,0.16,
130,22,71,rep_5@revos.ai,nisha.williams@yieldmax.in,Re: Yieldmax Inc — RevOS Analytics,Great demo yesterday! Our VP was impressed with the forecasting module. Let's discuss pricing for the enterprise tier.,2026-05-20T00:00:00,outbound,0.6,People.ai
131,22,71,rep_5@revos.ai,nisha.williams@yieldmax.in,Re: Yieldmax Inc — RevOS Analytics,The ROI numbers you shared were compelling. I've looped in our CFO for budget approval.,2026-06-17T00:00:00,outbound,0.12,Clari
132,22,71,rep_5@revos.ai,nisha.williams@yieldmax.in,Re: Yieldmax Inc — RevOS Analytics,Quick update — we got budget approval. Let's finalize the SOW this week.,2026-06-01T00:00:00,outbound,0.3,
133,22,71,nisha.williams@yieldmax.in,rep_5@revos.ai,Re: Yieldmax Inc — RevOS Analytics,"Hi Rep_5, just checking in. Any updates on the custom integration we discussed?",2026-06-08T00:00:00,inbound,0.45,
134,22,71,nisha.williams@yieldmax.in,rep_5@revos.ai,Re: Yieldmax Inc — RevOS Analytics,"Hi Rep_5, thanks for the proposal. The team reviewed it and we're keen to move forward. Can we schedule a call this week to discuss next steps?",2026-08-29T00:00:00,inbound,-0.07,
135,22,71,nisha.williams@yieldmax.in,rep_5@revos.ai,Re: Yieldmax Inc — RevOS Analytics,We've completed internal review. Legal is looking at the contract now. Expect sign-off by August 18.,2026-08-11T00:00:00,inbound,0.36,
136,23,125,rep_8@revos.ai,ritu.smith@relaystack.com,Re: Relaystack Inc — RevOS Enterprise,Our CTO left the company last week. New leadership wants to re-evaluate all vendor decisions.,2026-07-25T00:00:00,outbound,-0.78,Gong
137,23,125,ritu.smith@relaystack.com,rep_8@revos.ai,Re: Relaystack Inc — RevOS Enterprise,We need to put this on hold. There's a hiring freeze and priorities have shifted.,2026-08-30T00:00:00,inbound,-0.1,
138,23,125,ritu.smith@relaystack.com,rep_8@revos.ai,Re: Relaystack Inc — RevOS Enterprise,Sorry for the silence — been caught up with internal reorg. Not sure about the timeline anymore.,2026-08-08T00:00:00,inbound,-0.14,HubSpot AI
139,23,125,rep_8@revos.ai,ritu.smith@relaystack.com,Re: Relaystack Inc — RevOS Enterprise,We need to put this on hold. There's a hiring freeze and priorities have shifted.,2026-09-23T00:00:00,outbound,-0.17,Salesforce Einstein
140,23,125,ritu.smith@relaystack.com,rep_8@revos.ai,Re: Relaystack Inc — RevOS Enterprise,Sorry for the silence — been caught up with internal reorg. Not sure about the timeline anymore.,2026-08-26T00:00:00,inbound,-0.79,
141,23,125,ritu.smith@relaystack.com,rep_8@revos.ai,Re: Relaystack Inc — RevOS Enterprise,"Hi Rep_8, we need to push the timeline. Budget freeze until next quarter. I'll keep you posted.",2026-07-14T00:00:00,inbound,-0.66,People.ai
142,23,125,ritu.smith@relaystack.com,rep_8@revos.ai,Re: Relaystack Inc — RevOS Enterprise,We're evaluating Gong as well. Can you share a comparison deck?,2026-09-18T00:00:00,inbound,-0.43,
143,23,125,ritu.smith@relaystack.com,rep_8@revos.ai,Re: Relaystack Inc — RevOS Enterprise,We need to put this on hold. There's a hiring freeze and priorities have shifted.,2026-07-16T00:00:00,inbound,-0.21,
144,23,125,rep_8@revos.ai,ritu.smith@relaystack.com,Re: Relaystack Inc — RevOS Enterprise,We need to put this on hold. There's a hiring freeze and priorities have shifted.,2026-08-07T00:00:00,outbound,-0.76,
145,24,91,siddharth.nair@edgeflux.co,rep_5@revos.ai,Re: Edgeflux Inc — RevOS Analytics,Our CTO left the company last week. New leadership wants to re-evaluate all vendor decisions.,2026-09-09T00:00:00,inbound,-0.88,
146,24,91,siddharth.nair@edgeflux.co,rep_5@revos.ai,Re: Edgeflux Inc — RevOS Analytics,Our CTO left the company last week. New leadership wants to re-evaluate all vendor decisions.,2026-08-23T00:00:00,inbound,-0.52,
147,24,91,rep_5@revos.ai,siddharth.nair@edgeflux.co,Re: Edgeflux Inc — RevOS Analytics,Our CTO left the company last week. New leadership wants to re-evaluate all vendor decisions.,2026-06-28T00:00:00,outbound,-0.51,
148,25,146,arjun.davis@xyphorai.io,rep_4@revos.ai,Re: Xyphorai Inc — RevOS Enterprise,"Hi Rep_4, we need to push the timeline. Budget freeze until next quarter. I'll keep you posted.",2026-05-30T00:00:00,inbound,-0.14,
149,25,146,rep_4@revos.ai,arjun.davis@xyphorai.io,Re: Xyphorai Inc — RevOS Enterprise,We've completed internal review. Legal is looking at the contract now. Expect sign-off by June 24.,2026-06-17T00:00:00,outbound,0.66,
150,26,48,sarah.shah@quantleap.in,rep_5@revos.ai,Re: Quantleap Inc — RevOS Pro,We've completed internal review. Legal is looking at the contract now. Expect sign-off by September 26.,2026-09-19T00:00:00,inbound,0.46,
151,26,48,sarah.shah@quantleap.in,rep_5@revos.ai,Re: Quantleap Inc — RevOS Pro,Can you send over the updated pricing sheet? We need it for our internal review.,2026-08-26T00:00:00,inbound,-0.04,
152,26,48,rep_5@revos.ai,sarah.shah@quantleap.in,Re: Quantleap Inc — RevOS Pro,Quick update — we got budget approval. Let's finalize the SOW this week.,2026-07-31T00:00:00,outbound,-0.22,
153,26,48,rep_5@revos.ai,sarah.shah@quantleap.in,Re: Quantleap Inc — RevOS Pro,The ROI numbers you shared were compelling. I've looped in our CFO for budget approval.,2026-06-06T00:00:00,outbound,0.13,
154,26,48,sarah.shah@quantleap.in,rep_5@revos.ai,Re: Quantleap Inc — RevOS Pro,Quick update — we got budget approval. Let's finalize the SOW this week.,2026-09-22T00:00:00,inbound,-0.05,
155,26,48,sarah.shah@quantleap.in,rep_5@revos.ai,Re: Quantleap Inc — RevOS Pro,Quick update — we got budget approval. Let's finalize the SOW this week.,2026-09-11T00:00:00,inbound,0.15,
156,27,16,rep_9@revos.ai,sneha.rao@finlabs.in,Re: Finlabs Inc — RevOS Enterprise,Thanks for the follow-up. We're still in discussion internally. Will get back to you soon.,2026-08-10T00:00:00,outbound,0.47,
157,27,16,rep_9@revos.ai,sneha.rao@finlabs.in,Re: Finlabs Inc — RevOS Enterprise,Thanks for the follow-up. We're still in discussion internally. Will get back to you soon.,2026-08-02T00:00:00,outbound,0.45,
158,27,16,rep_9@revos.ai,sneha.rao@finlabs.in,Re: Finlabs Inc — RevOS Enterprise,"Hi Rep_9, thanks for the proposal. The team reviewed it and we're keen to move forward. Can we schedule a call this week to discuss next steps?",2026-06-24T00:00:00,outbound,0.14,
159,27,16,rep_9@revos.ai,sneha.rao@finlabs.in,Re: Finlabs Inc — RevOS Enterprise,"Hi Rep_9, just checking in. Any updates on the custom integration we discussed?",2026-09-17T00:00:00,outbound,0.06,
160,27,16,sneha.rao@finlabs.in,rep_9@revos.ai,Re: Finlabs Inc — RevOS Enterprise,"Hi Rep_9, just checking in. Any updates on the custom integration we discussed?",2026-07-01T00:00:00,inbound,0.33,
161,27,16,rep_9@revos.ai,sneha.rao@finlabs.in,Re: Finlabs Inc — RevOS Enterprise,The ROI numbers you shared were compelling. I've looped in our CFO for budget approval.,2026-08-31T00:00:00,outbound,0.35,
162,27,16,sneha.rao@finlabs.in,rep_9@revos.ai,Re: Finlabs Inc — RevOS Enterprise,Can you send over the updated pricing sheet? We need it for our internal review.,2026-08-05T00:00:00,inbound,-0.15,
163,27,16,rep_9@revos.ai,sneha.rao@finlabs.in,Re: Finlabs Inc — RevOS Enterprise,Great demo yesterday! Our VP was impressed with the forecasting module. Let's discuss pricing for the enterprise tier.,2026-06-30T00:00:00,outbound,-0.07,
164,27,16,rep_9@revos.ai,sneha.rao@finlabs.in,Re: Finlabs Inc — RevOS Enterprise,The ROI numbers you shared were compelling. I've looped in our CFO for budget approval.,2026-07-28T00:00:00,outbound,-0.12,
165,27,16,rep_9@revos.ai,sneha.rao@finlabs.in,Re: Finlabs Inc — RevOS Enterprise,"Hi Rep_9, thanks for the proposal. The team reviewed it and we're keen to move forward. Can we schedule a call this week to discuss next steps?",2026-09-20T00:00:00,outbound,0.27,Gong
166,28,47,rep_3@revos.ai,pooja.shah@quantleap.in,Re: Quantleap Inc — RevOS Pro,We're evaluating Salesforce Einstein as well. Can you share a comparison deck?,2026-09-20T00:00:00,outbound,-0.22,Salesforce Einstein
167,28,47,pooja.shah@quantleap.in,rep_3@revos.ai,Re: Quantleap Inc — RevOS Pro,We've completed internal review. Legal is looking at the contract now. Expect sign-off by September 27.,2026-09-20T00:00:00,inbound,0.36,
168,28,47,pooja.shah@quantleap.in,rep_3@revos.ai,Re: Quantleap Inc — RevOS Pro,We need to put this on hold. There's a hiring freeze and priorities have shifted.,2026-08-19T00:00:00,inbound,-0.11,
169,28,47,rep_3@revos.ai,pooja.shah@quantleap.in,Re: Quantleap Inc — RevOS Pro,We're evaluating Gong as well. Can you share a comparison deck?,2026-08-21T00:00:00,outbound,-0.64,
170,28,47,rep_3@revos.ai,pooja.shah@quantleap.in,Re: Quantleap Inc — RevOS Pro,We need to put this on hold. There's a hiring freeze and priorities have shifted.,2026-08-06T00:00:00,outbound,-0.67,HubSpot AI
171,28,47,pooja.shah@quantleap.in,rep_3@revos.ai,Re: Quantleap Inc — RevOS Pro,The team has concerns about integration complexity. We might need to revisit scope.,2026-09-11T00:00:00,inbound,-0.67,
172,28,47,rep_3@revos.ai,pooja.shah@quantleap.in,Re: Quantleap Inc — RevOS Pro,Our CTO left the company last week. New leadership wants to re-evaluate all vendor decisions.,2026-09-09T00:00:00,outbound,-0.71,
173,28,47,rep_3@revos.ai,pooja.shah@quantleap.in,Re: Quantleap Inc — RevOS Pro,Great demo yesterday! Our VP was impressed with the forecasting module. Let's discuss pricing for the enterprise tier.,2026-09-09T00:00:00,outbound,0.51,
174,28,47,pooja.shah@quantleap.in,rep_3@revos.ai,Re: Quantleap Inc — RevOS Pro,Our CTO left the company last week. New leadership wants to re-evaluate all vendor decisions.,2026-09-12T00:00:00,inbound,-0.56,Clari
175,28,47,rep_3@revos.ai,pooja.shah@quantleap.in,Re: Quantleap Inc — RevOS Pro,"Hi Rep_3, thanks for the proposal. The team reviewed it and we're keen to move forward. Can we schedule a call this week to discuss next steps?",2026-09-13T00:00:00,outbound,0.36,
176,29,105,david.rao@junctionai.com,rep_5@revos.ai,Re: Junctionai Inc — RevOS Enterprise,The team has concerns about integration complexity. We might need to revisit scope.,2026-07-22T00:00:00,inbound,-0.59,
177,29,105,david.rao@junctionai.com,rep_5@revos.ai,Re: Junctionai Inc — RevOS Enterprise,We're evaluating Clari as well. Can you share a comparison deck?,2026-07-24T00:00:00,inbound,-0.34,
178,29,105,rep_5@revos.ai,david.rao@junctionai.com,Re: Junctionai Inc — RevOS Enterprise,We need to put this on hold. There's a hiring freeze and priorities have shifted.,2026-07-10T00:00:00,outbound,-0.24,
179,29,105,rep_5@revos.ai,david.rao@junctionai.com,Re: Junctionai Inc — RevOS Enterprise,The team has concerns about integration complexity. We might need to revisit scope.,2026-07-13T00:00:00,outbound,-0.96,
180,29,105,david.rao@junctionai.com,rep_5@revos.ai,Re: Junctionai Inc — RevOS Enterprise,We need to put this on hold. There's a hiring freeze and priorities have shifted.,2026-07-17T00:00:00,inbound,-0.28,
181,29,105,david.rao@junctionai.com,rep_5@revos.ai,Re: Junctionai Inc — RevOS Enterprise,The team has concerns about integration complexity. We might need to revisit scope.,2026-07-19T00:00:00,inbound,-0.84,
182,29,105,david.rao@junctionai.com,rep_5@revos.ai,Re: Junctionai Inc — RevOS Enterprise,Our CTO left the company last week. New leadership wants to re-evaluate all vendor decisions.,2026-08-19T00:00:00,inbound,-0.53,
183,29,105,david.rao@junctionai.com,rep_5@revos.ai,Re: Junctionai Inc — RevOS Enterprise,We need to put this on hold. There's a hiring freeze and priorities have shifted.,2026-08-23T00:00:00,inbound,-0.25,
184,30,67,rep_8@revos.ai,pooja.miller@xeronova.com,Re: Xeronova Inc — RevOS Pro,We're evaluating Gong as well. Can you share a comparison deck?,2026-08-02T00:00:00,outbound,-0.24,
185,30,67,rep_8@revos.ai,pooja.miller@xeronova.com,Re: Xeronova Inc — RevOS Pro,We're evaluating Gong as well. Can you share a comparison deck?,2026-08-22T00:00:00,outbound,-0.16,
186,31,93,jessica.shah@fusionware.com,rep_7@revos.ai,Re: Fusionware Inc — RevOS API,Our CTO left the company last week. New leadership wants to re-evaluate all vendor decisions.,2026-08-22T00:00:00,inbound,-0.54,
187,31,93,rep_7@revos.ai,jessica.shah@fusionware.com,Re: Fusionware Inc — RevOS API,The team has concerns about integration complexity. We might need to revisit scope.,2026-08-31T00:00:00,outbound,-0.22,People.ai
188,31,93,rep_7@revos.ai,jessica.shah@fusionware.com,Re: Fusionware Inc — RevOS API,We need to put this on hold. There's a hiring freeze and priorities have shifted.,2026-08-02T00:00:00,outbound,-0.75,
189,31,93,rep_7@revos.ai,jessica.shah@fusionware.com,Re: Fusionware Inc — RevOS API,The team has concerns about integration complexity. We might need to revisit scope.,2026-08-02T00:00:00,outbound,-0.29,
190,31,93,jessica.shah@fusionware.com,rep_7@revos.ai,Re: Fusionware Inc — RevOS API,We're evaluating HubSpot AI as well. Can you share a comparison deck?,2026-07-20T00:00:00,inbound,-0.73,
191,31,93,jessica.shah@fusionware.com,rep_7@revos.ai,Re: Fusionware Inc — RevOS API,Sorry for the silence — been caught up with internal reorg. Not sure about the timeline anymore.,2026-06-07T00:00:00,inbound,-0.11,
192,31,93,jessica.shah@fusionware.com,rep_7@revos.ai,Re: Fusionware Inc — RevOS API,"Hi Rep_7, we need to push the timeline. Budget freeze until next quarter. I'll keep you posted.",2026-05-14T00:00:00,inbound,-0.96,
193,31,93,jessica.shah@fusionware.com,rep_7@revos.ai,Re: Fusionware Inc — RevOS API,We need to put this on hold. There's a hiring freeze and priorities have shifted.,2026-08-11T00:00:00,inbound,-0.21,HubSpot AI
194,32,118,jennifer.das@pulsenet.io,rep_4@revos.ai,Re: Pulsenet Inc — RevOS Enterprise,We've completed internal review. Legal is looking at the contract now. Expect sign-off by May 28.,2026-05-21T00:00:00,inbound,0.35,People.ai
195,32,118,rep_4@revos.ai,jennifer.das@pulsenet.io,Re: Pulsenet Inc — RevOS Enterprise,Quick update — we got budget approval. Let's finalize the SOW this week.,2026-07-14T00:00:00,outbound,0.44,
196,32,118,jennifer.das@pulsenet.io,rep_4@revos.ai,Re: Pulsenet Inc — RevOS Enterprise,"Hi Rep_4, thanks for the proposal. The team reviewed it and we're keen to move forward. Can we schedule a call this week to discuss next steps?",2026-09-07T00:00:00,inbound,0.5,
197,32,118,rep_4@revos.ai,jennifer.das@pulsenet.io,Re: Pulsenet Inc — RevOS Enterprise,Quick update — we got budget approval. Let's finalize the SOW this week.,2026-06-29T00:00:00,outbound,0.73,
198,32,118,rep_4@revos.ai,jennifer.das@pulsenet.io,Re: Pulsenet Inc — RevOS Enterprise,Great demo yesterday! Our VP was impressed with the forecasting module. Let's discuss pricing for the enterprise tier.,2026-05-24T00:00:00,outbound,0.6,
199,33,19,rep_8@revos.ai,vikram.miller@growthloop.io,Re: Growthloop Inc — RevOS Pro,Thanks for the follow-up. We're still in discussion internally. Will get back to you soon.,2026-06-23T00:00:00,outbound,0.03,
200,33,19,rep_8@revos.ai,vikram.miller@growthloop.io,Re: Growthloop Inc — RevOS Pro,"Hi Rep_8, thanks for the proposal. The team reviewed it and we're keen to move forward. Can we schedule a call this week to discuss next steps?",2026-05-22T00:00:00,outbound,0.67,
201,33,19,vikram.miller@growthloop.io,rep_8@revos.ai,Re: Growthloop Inc — RevOS Pro,"Hi Rep_8, thanks for the proposal. The team reviewed it and we're keen to move forward. Can we schedule a call this week to discuss next steps?",2026-05-24T00:00:00,inbound,0.39,
202,33,19,vikram.miller@growthloop.io,rep_8@revos.ai,Re: Growthloop Inc — RevOS Pro,We've completed internal review. Legal is looking at the contract now. Expect sign-off by September 19.,2026-09-12T00:00:00,inbound,0.74,
203,33,19,rep_8@revos.ai,vikram.miller@growthloop.io,Re: Growthloop Inc — RevOS Pro,"Hi Rep_8, thanks for the proposal. The team reviewed it and we're keen to move forward. Can we schedule a call this week to discuss next steps?",2026-04-25T00:00:00,outbound,0.66,
204,33,19,rep_8@revos.ai,vikram.miller@growthloop.io,Re: Growthloop Inc — RevOS Pro,Quick update — we got budget approval. Let's finalize the SOW this week.,2026-07-25T00:00:00,outbound,0.62,Salesforce Einstein
205,33,19,rep_8@revos.ai,vikram.miller@growthloop.io,Re: Growthloop Inc — RevOS Pro,"Hi Rep_8, thanks for the proposal. The team reviewed it and we're keen to move forward. Can we schedule a call this week to discuss next steps?",2026-05-22T00:00:00,outbound,0.77,Salesforce Einstein
206,33,19,rep_8@revos.ai,vikram.miller@growthloop.io,Re: Growthloop Inc — RevOS Pro,We've completed internal review. Legal is looking at the contract now. Expect sign-off by June 02.,2026-05-26T00:00:00,outbound,0.82,
207,33,19,rep_8@revos.ai,vikram.miller@growthloop.io,Re: Growthloop Inc — RevOS Pro,Great demo yesterday! Our VP was impressed with the forecasting module. Let's discuss pricing for the enterprise tier.,2026-09-17T00:00:00,outbound,0.9,
208,34,111,daniel.kumar@maplesoft.co,rep_9@revos.ai,Re: Maplesoft Inc — RevOS Pro,Quick update — we got budget approval. Let's finalize the SOW this week.,2026-07-17T00:00:00,inbound,0.04,
209,34,111,daniel.kumar@maplesoft.co,rep_9@revos.ai,Re: Maplesoft Inc — RevOS Pro,"Hi Rep_9, just checking in. Any updates on the custom integration we discussed?",2026-07-29T00:00:00,inbound,0.19,Salesforce Einstein
210,34,111,daniel.kumar@maplesoft.co,rep_9@revos.ai,Re: Maplesoft Inc — RevOS Pro,Quick update — we got budget approval. Let's finalize the SOW this week.,2026-08-24T00:00:00,inbound,-0.14,
211,34,111,daniel.kumar@maplesoft.co,rep_9@revos.ai,Re: Maplesoft Inc — RevOS Pro,Quick update — we got budget approval. Let's finalize the SOW this week.,2026-08-26T00:00:00,inbound,0.41,
212,34,111,daniel.kumar@maplesoft.co,rep_9@revos.ai,Re: Maplesoft Inc — RevOS Pro,We've completed internal review. Legal is looking at the contract now. Expect sign-off by September 16.,2026-09-09T00:00:00,inbound,-0.14,Clari
213,34,111,daniel.kumar@maplesoft.co,rep_9@revos.ai,Re: Maplesoft Inc — RevOS Pro,The ROI numbers you shared were compelling. I've looped in our CFO for budget approval.,2026-09-09T00:00:00,inbound,0.49,
214,34,111,rep_9@revos.ai,daniel.kumar@maplesoft.co,Re: Maplesoft Inc — RevOS Pro,Can you send over the updated pricing sheet? We need it for our internal review.,2026-07-11T00:00:00,outbound,0.28,People.ai
215,35,60,aditya.mehta@vantagepoint.io,rep_9@revos.ai,Re: Vantagepoint Inc — RevOS Starter,The team has concerns about integration complexity. We might need to revisit scope.,2026-05-29T00:00:00,inbound,-0.41,
216,35,60,aditya.mehta@vantagepoint.io,rep_9@revos.ai,Re: Vantagepoint Inc — RevOS Starter,Our CTO left the company last week. New leadership wants to re-evaluate all vendor decisions.,2026-06-24T00:00:00,inbound,-0.15,People.ai
217,35,60,rep_9@revos.ai,aditya.mehta@vantagepoint.io,Re: Vantagepoint Inc — RevOS Starter,We need to put this on hold. There's a hiring freeze and priorities have shifted.,2026-05-24T00:00:00,outbound,-0.58,
218,35,60,aditya.mehta@vantagepoint.io,rep_9@revos.ai,Re: Vantagepoint Inc — RevOS Starter,Sorry for the silence — been caught up with internal reorg. Not sure about the timeline anymore.,2026-08-27T00:00:00,inbound,-0.74,
219,35,60,rep_9@revos.ai,aditya.mehta@vantagepoint.io,Re: Vantagepoint Inc — RevOS Starter,The team has concerns about integration complexity. We might need to revisit scope.,2026-09-16T00:00:00,outbound,-0.48,
220,35,60,aditya.mehta@vantagepoint.io,rep_9@revos.ai,Re: Vantagepoint Inc — RevOS Starter,Sorry for the silence — been caught up with internal reorg. Not sure about the timeline anymore.,2026-08-28T00:00:00,inbound,-0.46,
221,35,60,rep_9@revos.ai,aditya.mehta@vantagepoint.io,Re: Vantagepoint Inc — RevOS Starter,We're evaluating Clari as well. Can you share a comparison deck?,2026-09-19T00:00:00,outbound,-0.49,
222,35,60,aditya.mehta@vantagepoint.io,rep_9@revos.ai,Re: Vantagepoint Inc — RevOS Starter,We're evaluating People.ai as well. Can you share a comparison deck?,2026-06-03T00:00:00,inbound,-0.4,
223,35,60,rep_9@revos.ai,aditya.mehta@vantagepoint.io,Re: Vantagepoint Inc — RevOS Starter,"Hi Rep_9, we need to push the timeline. Budget freeze until next quarter. I'll keep you posted.",2026-09-04T00:00:00,outbound,-0.81,
224,35,60,aditya.mehta@vantagepoint.io,rep_9@revos.ai,Re: Vantagepoint Inc — RevOS Starter,Our CTO left the company last week. New leadership wants to re-evaluate all vendor decisions.,2026-07-15T00:00:00,inbound,-0.15,
225,36,64,meera.iyer@wavefront.co,rep_9@revos.ai,Re: Wavefront Inc — RevOS Analytics,"Hi Rep_9, we need to push the timeline. Budget freeze until next quarter. I'll keep you posted.",2026-09-20T00:00:00,inbound,-0.88,
226,36,64,rep_9@revos.ai,meera.iyer@wavefront.co,Re: Wavefront Inc — RevOS Analytics,We need to put this on hold. There's a hiring freeze and priorities have shifted.,2026-09-23T00:00:00,outbound,-0.22,
227,36,64,meera.iyer@wavefront.co,rep_9@revos.ai,Re: Wavefront Inc — RevOS Analytics,"Hi Rep_9, we need to push the timeline. Budget freeze until next quarter. I'll keep you posted.",2026-09-26T00:00:00,inbound,-0.2,Gong
228,36,64,rep_9@revos.ai,meera.iyer@wavefront.co,Re: Wavefront Inc — RevOS Analytics,We need to put this on hold. There's a hiring freeze and priorities have shifted.,2026-09-26T00:00:00,outbound,-0.2,
229,37,145,rep_5@revos.ai,rohan.patel@xyphorai.io,Re: Xyphorai Inc — RevOS API,"Hi Rep_5, thanks for the proposal. The team reviewed it and we're keen to move forward. Can we schedule a call this week to discuss next steps?",2026-10-01T00:00:00,outbound,0.32,
230,37,145,rep_5@revos.ai,rohan.patel@xyphorai.io,Re: Xyphorai Inc — RevOS API,"Hi Rep_5, thanks for the proposal. The team reviewed it and we're keen to move forward. Can we schedule a call this week to discuss next steps?",2026-09-18T00:00:00,outbound,0.27,
231,37,145,rohan.patel@xyphorai.io,rep_5@revos.ai,Re: Xyphorai Inc — RevOS API,"Hi Rep_5, just checking in. Any updates on the custom integration we discussed?",2026-08-29T00:00:00,inbound,-0.05,
232,37,145,rohan.patel@xyphorai.io,rep_5@revos.ai,Re: Xyphorai Inc — RevOS API,We've completed internal review. Legal is looking at the contract now. Expect sign-off by September 26.,2026-09-19T00:00:00,inbound,-0.2,HubSpot AI
233,37,145,rohan.patel@xyphorai.io,rep_5@revos.ai,Re: Xyphorai Inc — RevOS API,Can you send over the updated pricing sheet? We need it for our internal review.,2026-09-05T00:00:00,inbound,-0.28,
234,37,145,rohan.patel@xyphorai.io,rep_5@revos.ai,Re: Xyphorai Inc — RevOS API,We've completed internal review. Legal is looking at the contract now. Expect sign-off by September 11.,2026-09-04T00:00:00,inbound,0.3,
235,37,145,rep_5@revos.ai,rohan.patel@xyphorai.io,Re: Xyphorai Inc — RevOS API,Quick update — we got budget approval. Let's finalize the SOW this week.,2026-08-31T00:00:00,outbound,-0.05,
236,37,145,rohan.patel@xyphorai.io,rep_5@revos.ai,Re: Xyphorai Inc — RevOS API,"Hi Rep_5, thanks for the proposal. The team reviewed it and we're keen to move forward. Can we schedule a call this week to discuss next steps?",2026-09-27T00:00:00,inbound,0.52,
237,37,145,rohan.patel@xyphorai.io,rep_5@revos.ai,Re: Xyphorai Inc — RevOS API,Quick update — we got budget approval. Let's finalize the SOW this week.,2026-09-25T00:00:00,inbound,-0.22,
238,37,145,rep_5@revos.ai,rohan.patel@xyphorai.io,Re: Xyphorai Inc — RevOS API,Thanks for the follow-up. We're still in discussion internally. Will get back to you soon.,2026-09-04T00:00:00,outbound,0.36,Clari
239,38,77,rep_3@revos.ai,jessica.shah@zenithops.io,Re: Zenithops Inc — RevOS API,Great demo yesterday! Our VP was impressed with the forecasting module. Let's discuss pricing for the enterprise tier.,2026-06-19T00:00:00,outbound,0.34,
240,38,77,jessica.shah@zenithops.io,rep_3@revos.ai,Re: Zenithops Inc — RevOS API,"Hi Rep_3, thanks for the proposal. The team reviewed it and we're keen to move forward. Can we schedule a call this week to discuss next steps?",2026-06-11T00:00:00,inbound,0.39,Clari
241,38,77,jessica.shah@zenithops.io,rep_3@revos.ai,Re: Zenithops Inc — RevOS API,We've completed internal review. Legal is looking at the contract now. Expect sign-off by June 26.,2026-06-19T00:00:00,inbound,0.76,
242,38,77,jessica.shah@zenithops.io,rep_3@revos.ai,Re: Zenithops Inc — RevOS API,"Hi Rep_3, thanks for the proposal. The team reviewed it and we're keen to move forward. Can we schedule a call this week to discuss next steps?",2026-09-09T00:00:00,inbound,-0.27,
243,39,59,rep_2@revos.ai,jennifer.miller@ultradev.in,Re: Ultradev Inc — RevOS Analytics,Great demo yesterday! Our VP was impressed with the forecasting module. Let's discuss pricing for the enterprise tier.,2026-08-15T00:00:00,outbound,0.62,
244,39,59,jennifer.miller@ultradev.in,rep_2@revos.ai,Re: Ultradev Inc — RevOS Analytics,The team has concerns about integration complexity. We might need to revisit scope.,2026-07-26T00:00:00,inbound,-0.84,Gong
245,39,59,rep_2@revos.ai,jennifer.miller@ultradev.in,Re: Ultradev Inc — RevOS Analytics,We've completed internal review. Legal is looking at the contract now. Expect sign-off by May 22.,2026-05-15T00:00:00,outbound,0.9,
246,39,59,jennifer.miller@ultradev.in,rep_2@revos.ai,Re: Ultradev Inc — RevOS Analytics,The ROI numbers you shared were compelling. I've looped in our CFO for budget approval.,2026-08-01T00:00:00,inbound,0.39,
247,39,59,rep_2@revos.ai,jennifer.miller@ultradev.in,Re: Ultradev Inc — RevOS Analytics,"Hi Rep_2, we need to push the timeline. Budget freeze until next quarter. I'll keep you posted.",2026-06-28T00:00:00,outbound,-0.27,
248,39,59,jennifer.miller@ultradev.in,rep_2@revos.ai,Re: Ultradev Inc — RevOS Analytics,Our CTO left the company last week. New leadership wants to re-evaluate all vendor decisions.,2026-05-10T00:00:00,inbound,-0.69,
249,39,59,jennifer.miller@ultradev.in,rep_2@revos.ai,Re: Ultradev Inc — RevOS Analytics,The ROI numbers you shared were compelling. I've looped in our CFO for budget approval.,2026-09-14T00:00:00,inbound,0.38,Clari
250,39,59,rep_2@revos.ai,jennifer.miller@ultradev.in,Re: Ultradev Inc — RevOS Analytics,We've completed internal review. Legal is looking at the contract now. Expect sign-off by September 02.,2026-08-26T00:00:00,outbound,0.57,
251,40,38,rohan.sharma@nexatech.io,rep_2@revos.ai,Re: Nexatech Inc — RevOS Analytics,"Hi Rep_2, we need to push the timeline. Budget freeze until next quarter. I'll keep you posted.",2026-08-22T00:00:00,inbound,-0.2,
252,40,38,rohan.sharma@nexatech.io,rep_2@revos.ai,Re: Nexatech Inc — RevOS Analytics,"Hi Rep_2, we need to push the timeline. Budget freeze until next quarter. I'll keep you posted.",2026-07-29T00:00:00,inbound,-0.62,
253,40,38,rep_2@revos.ai,rohan.sharma@nexatech.io,Re: Nexatech Inc — RevOS Analytics,Our CTO left the company last week. New leadership wants to re-evaluate all vendor decisions.,2026-08-15T00:00:00,outbound,-0.55,Gong
254,40,38,rep_2@revos.ai,rohan.sharma@nexatech.io,Re: Nexatech Inc — RevOS Analytics,We need to put this on hold. There's a hiring freeze and priorities have shifted.,2026-08-02T00:00:00,outbound,-0.13,
255,41,47,pooja.shah@quantleap.in,rep_7@revos.ai,Re: Quantleap Inc — RevOS Pro,Great demo yesterday! Our VP was impressed with the forecasting module. Let's discuss pricing for the enterprise tier.,2026-09-10T00:00:00,inbound,0.9,
256,41,47,rep_7@revos.ai,pooja.shah@quantleap.in,Re: Quantleap Inc — RevOS Pro,Great demo yesterday! Our VP was impressed with the forecasting module. Let's discuss pricing for the enterprise tier.,2026-06-20T00:00:00,outbound,0.88,
257,41,47,pooja.shah@quantleap.in,rep_7@revos.ai,Re: Quantleap Inc — RevOS Pro,The team has concerns about integration complexity. We might need to revisit scope.,2026-05-25T00:00:00,inbound,-0.97,
258,41,47,pooja.shah@quantleap.in,rep_7@revos.ai,Re: Quantleap Inc — RevOS Pro,Sorry for the silence — been caught up with internal reorg. Not sure about the timeline anymore.,2026-06-08T00:00:00,inbound,-0.14,
259,41,47,rep_7@revos.ai,pooja.shah@quantleap.in,Re: Quantleap Inc — RevOS Pro,The team has concerns about integration complexity. We might need to revisit scope.,2026-09-16T00:00:00,outbound,-0.44,
260,41,47,rep_7@revos.ai,pooja.shah@quantleap.in,Re: Quantleap Inc — RevOS Pro,Great demo yesterday! Our VP was impressed with the forecasting module. Let's discuss pricing for the enterprise tier.,2026-08-21T00:00:00,outbound,0.96,People.ai
261,41,47,pooja.shah@quantleap.in,rep_7@revos.ai,Re: Quantleap Inc — RevOS Pro,"Hi Rep_7, thanks for the proposal. The team reviewed it and we're keen to move forward. Can we schedule a call this week to discuss next steps?",2026-06-20T00:00:00,inbound,0.38,
262,41,47,pooja.shah@quantleap.in,rep_7@revos.ai,Re: Quantleap Inc — RevOS Pro,The ROI numbers you shared were compelling. I've looped in our CFO for budget approval.,2026-06-23T00:00:00,inbound,0.69,Clari
263,42,104,jessica.reddy@junctionai.com,rep_7@revos.ai,Re: Junctionai Inc — RevOS Enterprise,We're evaluating Salesforce Einstein as well. Can you share a comparison deck?,2026-07-11T00:00:00,inbound,-0.62,Salesforce Einstein
264,42,104,jessica.reddy@junctionai.com,rep_7@revos.ai,Re: Junctionai Inc — RevOS Enterprise,We need to put this on hold. There's a hiring freeze and priorities have shifted.,2026-05-05T00:00:00,inbound,-0.67,
265,42,104,jessica.reddy@junctionai.com,rep_7@revos.ai,Re: Junctionai Inc — RevOS Enterprise,"Hi Rep_7, we need to push the timeline. Budget freeze until next quarter. I'll keep you posted.",2026-05-29T00:00:00,inbound,-0.22,HubSpot AI
266,42,104,jessica.reddy@junctionai.com,rep_7@revos.ai,Re: Junctionai Inc — RevOS Enterprise,"Hi Rep_7, we need to push the timeline. Budget freeze until next quarter. I'll keep you posted.",2026-07-28T00:00:00,inbound,-0.82,Salesforce Einstein
267,42,104,jessica.reddy@junctionai.com,rep_7@revos.ai,Re: Junctionai Inc — RevOS Enterprise,"Hi Rep_7, we need to push the timeline. Budget freeze until next quarter. I'll keep you posted.",2026-08-25T00:00:00,inbound,-0.58,Gong
268,42,104,jessica.reddy@junctionai.com,rep_7@revos.ai,Re: Junctionai Inc — RevOS Enterprise,The team has concerns about integration complexity. We might need to revisit scope.,2026-05-22T00:00:00,inbound,-0.13,
269,42,104,rep_7@revos.ai,jessica.reddy@junctionai.com,Re: Junctionai Inc — RevOS Enterprise,Sorry for the silence — been caught up with internal reorg. Not sure about the timeline anymore.,2026-09-04T00:00:00,outbound,-0.84,
270,42,104,jessica.reddy@junctionai.com,rep_7@revos.ai,Re: Junctionai Inc — RevOS Enterprise,Sorry for the silence — been caught up with internal reorg. Not sure about the timeline anymore.,2026-05-08T00:00:00,inbound,-0.84,
271,43,63,rep_9@revos.ai,sarah.miller@wavefront.co,Re: Wavefront Inc — RevOS Enterprise,We need to put this on hold. There's a hiring freeze and priorities have shifted.,2026-09-13T00:00:00,outbound,-0.61,Salesforce Einstein
272,43,63,sarah.miller@wavefront.co,rep_9@revos.ai,Re: Wavefront Inc — RevOS Enterprise,Our CTO left the company last week. New leadership wants to re-evaluate all vendor decisions.,2026-08-02T00:00:00,inbound,-1.0,Clari
273,43,63,rep_9@revos.ai,sarah.miller@wavefront.co,Re: Wavefront Inc — RevOS Enterprise,Sorry for the silence — been caught up with internal reorg. Not sure about the timeline anymore.,2026-08-24T00:00:00,outbound,-0.17,
274,43,63,rep_9@revos.ai,sarah.miller@wavefront.co,Re: Wavefront Inc — RevOS Enterprise,"Hi Rep_9, we need to push the timeline. Budget freeze until next quarter. I'll keep you posted.",2026-09-18T00:00:00,outbound,-0.68,Gong
275,43,63,sarah.miller@wavefront.co,rep_9@revos.ai,Re: Wavefront Inc — RevOS Enterprise,Sorry for the silence — been caught up with internal reorg. Not sure about the timeline anymore.,2026-08-29T00:00:00,inbound,-0.98,
276,43,63,rep_9@revos.ai,sarah.miller@wavefront.co,Re: Wavefront Inc — RevOS Enterprise,Sorry for the silence — been caught up with internal reorg. Not sure about the timeline anymore.,2026-08-06T00:00:00,outbound,-0.62,
277,43,63,sarah.miller@wavefront.co,rep_9@revos.ai,Re: Wavefront Inc — RevOS Enterprise,"Hi Rep_9, we need to push the timeline. Budget freeze until next quarter. I'll keep you posted.",2026-09-10T00:00:00,inbound,-0.95,
278,43,63,sarah.miller@wavefront.co,rep_9@revos.ai,Re: Wavefront Inc — RevOS Enterprise,"Hi Rep_9, we need to push the timeline. Budget freeze until next quarter. I'll keep you posted.",2026-09-27T00:00:00,inbound,-0.98,
279,43,63,sarah.miller@wavefront.co,rep_9@revos.ai,Re: Wavefront Inc — RevOS Enterprise,Our CTO left the company last week. New leadership wants to re-evaluate all vendor decisions.,2026-08-29T00:00:00,inbound,-0.32,
280,43,63,sarah.miller@wavefront.co,rep_9@revos.ai,Re: Wavefront Inc — RevOS Enterprise,We're evaluating People.ai as well. Can you share a comparison deck?,2026-09-02T00:00:00,inbound,-0.4,
281,44,106,sarah.nair@keystone.in,rep_1@revos.ai,Re: Keystone Inc — RevOS API,Quick update — we got budget approval. Let's finalize the SOW this week.,2026-06-15T00:00:00,inbound,0.73,People.ai
282,44,106,rep_1@revos.ai,sarah.nair@keystone.in,Re: Keystone Inc — RevOS API,Quick update — we got budget approval. Let's finalize the SOW this week.,2026-09-29T00:00:00,outbound,0.88,
283,44,106,rep_1@revos.ai,sarah.nair@keystone.in,Re: Keystone Inc — RevOS API,Great demo yesterday! Our VP was impressed with the forecasting module. Let's discuss pricing for the enterprise tier.,2026-08-11T00:00:00,outbound,0.75,
284,44,106,rep_1@revos.ai,sarah.nair@keystone.in,Re: Keystone Inc — RevOS API,The ROI numbers you shared were compelling. I've looped in our CFO for budget approval.,2026-06-21T00:00:00,outbound,0.78,
285,44,106,rep_1@revos.ai,sarah.nair@keystone.in,Re: Keystone Inc — RevOS API,The ROI numbers you shared were compelling. I've looped in our CFO for budget approval.,2026-08-07T00:00:00,outbound,0.94,
286,44,106,sarah.nair@keystone.in,rep_1@revos.ai,Re: Keystone Inc — RevOS API,We've completed internal review. Legal is looking at the contract now. Expect sign-off by June 16.,2026-06-09T00:00:00,inbound,0.97,
287,44,106,rep_1@revos.ai,sarah.nair@keystone.in,Re: Keystone Inc — RevOS API,Great demo yesterday! Our VP was impressed with the forecasting module. Let's discuss pricing for the enterprise tier.,2026-09-25T00:00:00,outbound,0.88,
288,45,61,aarav.williams@vantagepoint.io,rep_2@revos.ai,Re: Vantagepoint Inc — RevOS Pro,We need to put this on hold. There's a hiring freeze and priorities have shifted.,2026-08-28T00:00:00,inbound,-0.13,
289,45,61,rep_2@revos.ai,aarav.williams@vantagepoint.io,Re: Vantagepoint Inc — RevOS Pro,Our CTO left the company last week. New leadership wants to re-evaluate all vendor decisions.,2026-09-28T00:00:00,outbound,-0.18,
290,45,61,aarav.williams@vantagepoint.io,rep_2@revos.ai,Re: Vantagepoint Inc — RevOS Pro,We need to put this on hold. There's a hiring freeze and priorities have shifted.,2026-09-14T00:00:00,inbound,-0.26,Clari
291,45,61,aarav.williams@vantagepoint.io,rep_2@revos.ai,Re: Vantagepoint Inc — RevOS Pro,We're evaluating Clari as well. Can you share a comparison deck?,2026-09-13T00:00:00,inbound,-0.58,
292,45,61,aarav.williams@vantagepoint.io,rep_2@revos.ai,Re: Vantagepoint Inc — RevOS Pro,"Hi Rep_2, we need to push the timeline. Budget freeze until next quarter. I'll keep you posted.",2026-09-20T00:00:00,inbound,-0.63,
293,45,61,aarav.williams@vantagepoint.io,rep_2@revos.ai,Re: Vantagepoint Inc — RevOS Pro,We need to put this on hold. There's a hiring freeze and priorities have shifted.,2026-09-28T00:00:00,inbound,-0.44,
294,45,61,aarav.williams@vantagepoint.io,rep_2@revos.ai,Re: Vantagepoint Inc — RevOS Pro,The team has concerns about integration complexity. We might need to revisit scope.,2026-08-23T00:00:00,inbound,-0.38,
295,45,61,rep_2@revos.ai,aarav.williams@vantagepoint.io,Re: Vantagepoint Inc — RevOS Pro,"Hi Rep_2, we need to push the timeline. Budget freeze until next quarter. I'll keep you posted.",2026-09-22T00:00:00,outbound,-0.92,
296,46,89,rep_10@revos.ai,nikhil.verma@datavault.io,Re: Datavault Inc — RevOS Starter,"Hi Rep_10, thanks for the proposal. The team reviewed it and we're keen to move forward. Can we schedule a call this week to discuss next steps?",2026-09-11T00:00:00,outbound,0.98,
297,46,89,rep_10@revos.ai,nikhil.verma@datavault.io,Re: Datavault Inc — RevOS Starter,Great demo yesterday! Our VP was impressed with the forecasting module. Let's discuss pricing for the enterprise tier.,2026-08-25T00:00:00,outbound,0.83,
298,47,95,priya.jones@fusionware.com,rep_10@revos.ai,Re: Fusionware Inc — RevOS Enterprise,We've completed internal review. Legal is looking at the contract now. Expect sign-off by September 26.,2026-09-19T00:00:00,inbound,0.09,HubSpot AI
299,47,95,priya.jones@fusionware.com,rep_10@revos.ai,Re: Fusionware Inc — RevOS Enterprise,"Hi Rep_10, thanks for the proposal. The team reviewed it and we're keen to move forward. Can we schedule a call this week to discuss next steps?",2026-08-06T00:00:00,inbound,0.59,
300,47,95,priya.jones@fusionware.com,rep_10@revos.ai,Re: Fusionware Inc — RevOS Enterprise,"Hi Rep_10, thanks for the proposal. The team reviewed it and we're keen to move forward. Can we schedule a call this week to discuss next steps?",2026-07-26T00:00:00,inbound,0.51,
301,47,95,priya.jones@fusionware.com,rep_10@revos.ai,Re: Fusionware Inc — RevOS Enterprise,Great demo yesterday! Our VP was impressed with the forecasting module. Let's discuss pricing for the enterprise tier.,2026-07-25T00:00:00,inbound,0.41,
302,47,95,priya.jones@fusionware.com,rep_10@revos.ai,Re: Fusionware Inc — RevOS Enterprise,The ROI numbers you shared were compelling. I've looped in our CFO for budget approval.,2026-09-07T00:00:00,inbound,0.22,
303,47,95,priya.jones@fusionware.com,rep_10@revos.ai,Re: Fusionware Inc — RevOS Enterprise,We've completed internal review. Legal is looking at the contract now. Expect sign-off by September 21.,2026-09-14T00:00:00,inbound,0.46,People.ai
304,47,95,rep_10@revos.ai,priya.jones@fusionware.com,Re: Fusionware Inc — RevOS Enterprise,"Hi Rep_10, thanks for the proposal. The team reviewed it and we're keen to move forward. Can we schedule a call this week to discuss next steps?",2026-07-26T00:00:00,outbound,0.65,
305,48,7,rep_3@revos.ai,ritu.smith@clearstack.io,Re: Clearstack Inc — RevOS Starter,"Hi Rep_3, thanks for the proposal. The team reviewed it and we're keen to move forward. Can we schedule a call this week to discuss next steps?",2026-06-06T00:00:00,outbound,-0.0,
306,48,7,rep_3@revos.ai,ritu.smith@clearstack.io,Re: Clearstack Inc — RevOS Starter,The ROI numbers you shared were compelling. I've looped in our CFO for budget approval.,2026-05-19T00:00:00,outbound,-0.14,
307,48,7,rep_3@revos.ai,ritu.smith@clearstack.io,Re: Clearstack Inc — RevOS Starter,The ROI numbers you shared were compelling. I've looped in our CFO for budget approval.,2026-09-23T00:00:00,outbound,0.05,
308,48,7,rep_3@revos.ai,ritu.smith@clearstack.io,Re: Clearstack Inc — RevOS Starter,We've completed internal review. Legal is looking at the contract now. Expect sign-off by July 01.,2026-06-24T00:00:00,outbound,0.62,
309,48,7,rep_3@revos.ai,ritu.smith@clearstack.io,Re: Clearstack Inc — RevOS Starter,We've completed internal review. Legal is looking at the contract now. Expect sign-off by May 15.,2026-05-08T00:00:00,outbound,0.37,Clari
310,49,2,karthik.shah@acmetech.com,rep_9@revos.ai,Re: Acmetech Inc — RevOS API,Sorry for the silence — been caught up with internal reorg. Not sure about the timeline anymore.,2026-09-15T00:00:00,inbound,-0.75,
311,49,2,karthik.shah@acmetech.com,rep_9@revos.ai,Re: Acmetech Inc — RevOS API,Our CTO left the company last week. New leadership wants to re-evaluate all vendor decisions.,2026-09-12T00:00:00,inbound,-0.13,
312,49,2,karthik.shah@acmetech.com,rep_9@revos.ai,Re: Acmetech Inc — RevOS API,Our CTO left the company last week. New leadership wants to re-evaluate all vendor decisions.,2026-09-27T00:00:00,inbound,-0.64,
313,49,2,karthik.shah@acmetech.com,rep_9@revos.ai,Re: Acmetech Inc — RevOS API,We're evaluating Salesforce Einstein as well. Can you share a comparison deck?,2026-08-23T00:00:00,inbound,-0.11,
314,49,2,rep_9@revos.ai,karthik.shah@acmetech.com,Re: Acmetech Inc — RevOS API,Our CTO left the company last week. New leadership wants to re-evaluate all vendor decisions.,2026-08-18T00:00:00,outbound,-0.94,HubSpot AI
315,49,2,karthik.shah@acmetech.com,rep_9@revos.ai,Re: Acmetech Inc — RevOS API,The team has concerns about integration complexity. We might need to revisit scope.,2026-10-01T00:00:00,inbound,-0.93,
316,49,2,karthik.shah@acmetech.com,rep_9@revos.ai,Re: Acmetech Inc — RevOS API,We need to put this on hold. There's a hiring freeze and priorities have shifted.,2026-08-16T00:00:00,inbound,-0.32,
317,50,82,meera.smith@brightspark.com,rep_5@revos.ai,Re: Brightspark Inc — RevOS Analytics,Sorry for the silence — been caught up with internal reorg. Not sure about the timeline anymore.,2026-09-29T00:00:00,inbound,-0.9,
318,50,82,rep_5@revos.ai,meera.smith@brightspark.com,Re: Brightspark Inc — RevOS Analytics,Sorry for the silence — been caught up with internal reorg. Not sure about the timeline anymore.,2026-09-09T00:00:00,outbound,-0.2,
319,50,82,meera.smith@brightspark.com,rep_5@revos.ai,Re: Brightspark Inc — RevOS Analytics,"Hi Rep_5, we need to push the timeline. Budget freeze until next quarter. I'll keep you posted.",2026-09-13T00:00:00,inbound,-0.17,
320,50,82,meera.smith@brightspark.com,rep_5@revos.ai,Re: Brightspark Inc — RevOS Analytics,The team has concerns about integration complexity. We might need to revisit scope.,2026-09-19T00:00:00,inbound,-0.3,
321,51,114,rep_7@revos.ai,priya.iyer@novabridge.com,Re: Novabridge Inc — RevOS Starter,The ROI numbers you shared were compelling. I've looped in our CFO for budget approval.,2026-08-07T00:00:00,outbound,0.4,People.ai
322,51,114,rep_7@revos.ai,priya.iyer@novabridge.com,Re: Novabridge Inc — RevOS Starter,"Hi Rep_7, thanks for the proposal. The team reviewed it and we're keen to move forward. Can we schedule a call this week to discuss next steps?",2026-07-04T00:00:00,outbound,0.91,
323,51,114,priya.iyer@novabridge.com,rep_7@revos.ai,Re: Novabridge Inc — RevOS Starter,The ROI numbers you shared were compelling. I've looped in our CFO for budget approval.,2026-07-27T00:00:00,inbound,0.58,HubSpot AI
324,51,114,rep_7@revos.ai,priya.iyer@novabridge.com,Re: Novabridge Inc — RevOS Starter,"Hi Rep_7, thanks for the proposal. The team reviewed it and we're keen to move forward. Can we schedule a call this week to discuss next steps?",2026-09-26T00:00:00,outbound,0.84,
325,52,57,rep_9@revos.ai,pooja.jones@truepathsys.com,Re: Truepathsys Inc — RevOS API,Quick update — we got budget approval. Let's finalize the SOW this week.,2026-09-26T00:00:00,outbound,0.74,
326,52,57,pooja.jones@truepathsys.com,rep_9@revos.ai,Re: Truepathsys Inc — RevOS API,Quick update — we got budget approval. Let's finalize the SOW this week.,2026-09-30T00:00:00,inbound,0.4,Salesforce Einstein
327,52,57,rep_9@revos.ai,pooja.jones@truepathsys.com,Re: Truepathsys Inc — RevOS API,"Hi Rep_9, thanks for the proposal. The team reviewed it and we're keen to move forward. Can we schedule a call this week to discuss next steps?",2026-08-24T00:00:00,outbound,0.85,
328,52,57,pooja.jones@truepathsys.com,rep_9@revos.ai,Re: Truepathsys Inc — RevOS API,Great demo yesterday! Our VP was impressed with the forecasting module. Let's discuss pricing for the enterprise tier.,2026-09-16T00:00:00,inbound,0.19,
329,53,118,jennifer.das@pulsenet.io,rep_3@revos.ai,Re: Pulsenet Inc — RevOS Pro,The ROI numbers you shared were compelling. I've looped in our CFO for budget approval.,2026-09-24T00:00:00,inbound,0.33,
330,53,118,rep_3@revos.ai,jennifer.das@pulsenet.io,Re: Pulsenet Inc — RevOS Pro,The ROI numbers you shared were compelling. I've looped in our CFO for budget approval.,2026-09-20T00:00:00,outbound,0.21,
331,53,118,rep_3@revos.ai,jennifer.das@pulsenet.io,Re: Pulsenet Inc — RevOS Pro,Great demo yesterday! Our VP was impressed with the forecasting module. Let's discuss pricing for the enterprise tier.,2026-08-21T00:00:00,outbound,0.58,
332,53,118,jennifer.das@pulsenet.io,rep_3@revos.ai,Re: Pulsenet Inc — RevOS Pro,Thanks for the follow-up. We're still in discussion internally. Will get back to you soon.,2026-08-19T00:00:00,inbound,0.35,
333,53,118,rep_3@revos.ai,jennifer.das@pulsenet.io,Re: Pulsenet Inc — RevOS Pro,"Hi Rep_3, thanks for the proposal. The team reviewed it and we're keen to move forward. Can we schedule a call this week to discuss next steps?",2026-08-19T00:00:00,outbound,0.33,
334,53,118,jennifer.das@pulsenet.io,rep_3@revos.ai,Re: Pulsenet Inc — RevOS Pro,Can you send over the updated pricing sheet? We need it for our internal review.,2026-09-29T00:00:00,inbound,-0.24,People.ai
335,53,118,jennifer.das@pulsenet.io,rep_3@revos.ai,Re: Pulsenet Inc — RevOS Pro,The ROI numbers you shared were compelling. I've looped in our CFO for budget approval.,2026-09-28T00:00:00,inbound,-0.11,
336,53,118,jennifer.das@pulsenet.io,rep_3@revos.ai,Re: Pulsenet Inc — RevOS Pro,Great demo yesterday! Our VP was impressed with the forecasting module. Let's discuss pricing for the enterprise tier.,2026-09-11T00:00:00,inbound,-0.01,
337,53,118,rep_3@revos.ai,jennifer.das@pulsenet.io,Re: Pulsenet Inc — RevOS Pro,"Hi Rep_3, just checking in. Any updates on the custom integration we discussed?",2026-09-09T00:00:00,outbound,-0.28,
338,53,118,rep_3@revos.ai,jennifer.das@pulsenet.io,Re: Pulsenet Inc — RevOS Pro,Great demo yesterday! Our VP was impressed with the forecasting module. Let's discuss pricing for the enterprise tier.,2026-09-21T00:00:00,outbound,0.18,
339,54,143,rep_3@revos.ai,nikhil.verma@windrose.in,Re: Windrose Inc — RevOS Enterprise,Sorry for the silence — been caught up with internal reorg. Not sure about the timeline anymore.,2026-05-13T00:00:00,outbound,-0.39,Salesforce Einstein
340,54,143,rep_3@revos.ai,nikhil.verma@windrose.in,Re: Windrose Inc — RevOS Enterprise,Sorry for the silence — been caught up with internal reorg. Not sure about the timeline anymore.,2026-09-20T00:00:00,outbound,-0.63,
341,54,143,rep_3@revos.ai,nikhil.verma@windrose.in,Re: Windrose Inc — RevOS Enterprise,"Hi Rep_3, we need to push the timeline. Budget freeze until next quarter. I'll keep you posted.",2026-08-20T00:00:00,outbound,-0.26,
342,54,143,rep_3@revos.ai,nikhil.verma@windrose.in,Re: Windrose Inc — RevOS Enterprise,Sorry for the silence — been caught up with internal reorg. Not sure about the timeline anymore.,2026-07-20T00:00:00,outbound,-0.32,
343,55,49,rep_5@revos.ai,kavita.mehta@raptorx.io,Re: Raptorx Inc — RevOS Enterprise,The team has concerns about integration complexity. We might need to revisit scope.,2026-09-22T00:00:00,outbound,-0.13,People.ai
344,55,49,kavita.mehta@raptorx.io,rep_5@revos.ai,Re: Raptorx Inc — RevOS Enterprise,We're evaluating Salesforce Einstein as well. Can you share a comparison deck?,2026-09-20T00:00:00,inbound,-0.78,
345,56,97,rep_6@revos.ai,robert.brown@globecast.in,Re: Globecast Inc — RevOS Starter,We need to put this on hold. There's a hiring freeze and priorities have shifted.,2026-08-15T00:00:00,outbound,-0.83,
346,56,97,robert.brown@globecast.in,rep_6@revos.ai,Re: Globecast Inc — RevOS Starter,Sorry for the silence — been caught up with internal reorg. Not sure about the timeline anymore.,2026-07-17T00:00:00,inbound,-0.43,
347,56,97,robert.brown@globecast.in,rep_6@revos.ai,Re: Globecast Inc — RevOS Starter,"Hi Rep_6, we need to push the timeline. Budget freeze until next quarter. I'll keep you posted.",2026-07-31T00:00:00,inbound,-0.37,
348,56,97,robert.brown@globecast.in,rep_6@revos.ai,Re: Globecast Inc — RevOS Starter,We're evaluating Clari as well. Can you share a comparison deck?,2026-06-14T00:00:00,inbound,-0.86,Clari
349,56,97,rep_6@revos.ai,robert.brown@globecast.in,Re: Globecast Inc — RevOS Starter,We need to put this on hold. There's a hiring freeze and priorities have shifted.,2026-08-27T00:00:00,outbound,-0.41,
350,56,97,rep_6@revos.ai,robert.brown@globecast.in,Re: Globecast Inc — RevOS Starter,"Hi Rep_6, we need to push the timeline. Budget freeze until next quarter. I'll keep you posted.",2026-06-07T00:00:00,outbound,-0.65,HubSpot AI
351,57,11,lisa.patel@deltaforce.co,rep_8@revos.ai,Re: Deltaforce Inc — RevOS Analytics,We've completed internal review. Legal is looking at the contract now. Expect sign-off by August 08.,2026-08-01T00:00:00,inbound,0.52,
352,57,11,rep_8@revos.ai,lisa.patel@deltaforce.co,Re: Deltaforce Inc — RevOS Analytics,"Hi Rep_8, just checking in. Any updates on the custom integration we discussed?",2026-07-29T00:00:00,outbound,0.38,
353,57,11,lisa.patel@deltaforce.co,rep_8@revos.ai,Re: Deltaforce Inc — RevOS Analytics,The ROI numbers you shared were compelling. I've looped in our CFO for budget approval.,2026-06-28T00:00:00,inbound,0.13,
354,57,11,lisa.patel@deltaforce.co,rep_8@revos.ai,Re: Deltaforce Inc — RevOS Analytics,Can you send over the updated pricing sheet? We need it for our internal review.,2026-09-06T00:00:00,inbound,-0.14,
355,58,68,lisa.brown@xeronova.com,rep_1@revos.ai,Re: Xeronova Inc — RevOS API,The ROI numbers you shared were compelling. I've looped in our CFO for budget approval.,2026-08-10T00:00:00,inbound,0.39,
356,58,68,rep_1@revos.ai,lisa.brown@xeronova.com,Re: Xeronova Inc — RevOS API,The ROI numbers you shared were compelling. I've looped in our CFO for budget approval.,2026-09-24T00:00:00,outbound,0.35,
357,58,68,lisa.brown@xeronova.com,rep_1@revos.ai,Re: Xeronova Inc — RevOS API,Quick update — we got budget approval. Let's finalize the SOW this week.,2026-07-06T00:00:00,inbound,0.48,
358,58,68,rep_1@revos.ai,lisa.brown@xeronova.com,Re: Xeronova Inc — RevOS API,The ROI numbers you shared were compelling. I've looped in our CFO for budget approval.,2026-08-15T00:00:00,outbound,0.54,
359,58,68,lisa.brown@xeronova.com,rep_1@revos.ai,Re: Xeronova Inc — RevOS API,Quick update — we got budget approval. Let's finalize the SOW this week.,2026-08-03T00:00:00,inbound,0.55,
360,58,68,rep_1@revos.ai,lisa.brown@xeronova.com,Re: Xeronova Inc — RevOS API,Quick update — we got budget approval. Let's finalize the SOW this week.,2026-07-06T00:00:00,outbound,0.42,People.ai
361,58,68,lisa.brown@xeronova.com,rep_1@revos.ai,Re: Xeronova Inc — RevOS API,We've completed internal review. Legal is looking at the contract now. Expect sign-off by September 15.,2026-09-08T00:00:00,inbound,0.92,
362,59,72,anjali.iyer@yieldmax.in,rep_6@revos.ai,Re: Yieldmax Inc — RevOS Starter,The ROI numbers you shared were compelling. I've looped in our CFO for budget approval.,2026-04-19T00:00:00,inbound,-0.07,
363,59,72,rep_6@revos.ai,anjali.iyer@yieldmax.in,Re: Yieldmax Inc — RevOS Starter,Quick update — we got budget approval. Let's finalize the SOW this week.,2026-09-21T00:00:00,outbound,0.0,People.ai
364,59,72,anjali.iyer@yieldmax.in,rep_6@revos.ai,Re: Yieldmax Inc — RevOS Starter,Thanks for the follow-up. We're still in discussion internally. Will get back to you soon.,2026-05-27T00:00:00,inbound,0.55,Clari
365,59,72,rep_6@revos.ai,anjali.iyer@yieldmax.in,Re: Yieldmax Inc — RevOS Starter,Quick update — we got budget approval. Let's finalize the SOW this week.,2026-07-30T00:00:00,outbound,0.31,
366,59,72,rep_6@revos.ai,anjali.iyer@yieldmax.in,Re: Yieldmax Inc — RevOS Starter,The ROI numbers you shared were compelling. I've looped in our CFO for budget approval.,2026-04-28T00:00:00,outbound,0.39,Salesforce Einstein
367,59,72,anjali.iyer@yieldmax.in,rep_6@revos.ai,Re: Yieldmax Inc — RevOS Starter,Thanks for the follow-up. We're still in discussion internally. Will get back to you soon.,2026-06-21T00:00:00,inbound,-0.27,
368,60,16,rep_2@revos.ai,sneha.rao@finlabs.in,Re: Finlabs Inc — RevOS API,Thanks for the follow-up. We're still in discussion internally. Will get back to you soon.,2026-08-26T00:00:00,outbound,0.44,
369,60,16,rep_2@revos.ai,sneha.rao@finlabs.in,Re: Finlabs Inc — RevOS API,"Hi Rep_2, just checking in. Any updates on the custom integration we discussed?",2026-08-10T00:00:00,outbound,0.29,
370,60,16,sneha.rao@finlabs.in,rep_2@revos.ai,Re: Finlabs Inc — RevOS API,The ROI numbers you shared were compelling. I've looped in our CFO for budget approval.,2026-04-26T00:00:00,inbound,0.57,
371,60,16,rep_2@revos.ai,sneha.rao@finlabs.in,Re: Finlabs Inc — RevOS API,"Hi Rep_2, thanks for the proposal. The team reviewed it and we're keen to move forward. Can we schedule a call this week to discuss next steps?",2026-06-15T00:00:00,outbound,-0.27,
372,60,16,sneha.rao@finlabs.in,rep_2@revos.ai,Re: Finlabs Inc — RevOS API,Thanks for the follow-up. We're still in discussion internally. Will get back to you soon.,2026-09-13T00:00:00,inbound,-0.06,
373,60,16,sneha.rao@finlabs.in,rep_2@revos.ai,Re: Finlabs Inc — RevOS API,"Hi Rep_2, just checking in. Any updates on the custom integration we discussed?",2026-07-04T00:00:00,inbound,-0.27,
374,60,16,sneha.rao@finlabs.in,rep_2@revos.ai,Re: Finlabs Inc — RevOS API,Can you send over the updated pricing sheet? We need it for our internal review.,2026-09-20T00:00:00,inbound,0.34,
375,60,16,rep_2@revos.ai,sneha.rao@finlabs.in,Re: Finlabs Inc — RevOS API,Can you send over the updated pricing sheet? We need it for our internal review.,2026-08-10T00:00:00,outbound,0.46,
376,60,16,rep_2@revos.ai,sneha.rao@finlabs.in,Re: Finlabs Inc — RevOS API,Great demo yesterday! Our VP was impressed with the forecasting module. Let's discuss pricing for the enterprise tier.,2026-05-25T00:00:00,outbound,0.53,
377,60,16,rep_2@revos.ai,sneha.rao@finlabs.in,Re: Finlabs Inc — RevOS API,"Hi Rep_2, just checking in. Any updates on the custom integration we discussed?",2026-06-16T00:00:00,outbound,0.44,Salesforce Einstein
378,61,68,lisa.brown@xeronova.com,rep_3@revos.ai,Re: Xeronova Inc — RevOS Starter,Our CTO left the company last week. New leadership wants to re-evaluate all vendor decisions.,2026-09-14T00:00:00,inbound,-0.44,
379,61,68,lisa.brown@xeronova.com,rep_3@revos.ai,Re: Xeronova Inc — RevOS Starter,We need to put this on hold. There's a hiring freeze and priorities have shifted.,2026-08-12T00:00:00,inbound,-0.41,
380,61,68,lisa.brown@xeronova.com,rep_3@revos.ai,Re: Xeronova Inc — RevOS Starter,Our CTO left the company last week. New leadership wants to re-evaluate all vendor decisions.,2026-09-09T00:00:00,inbound,-0.89,
381,61,68,rep_3@revos.ai,lisa.brown@xeronova.com,Re: Xeronova Inc — RevOS Starter,We need to put this on hold. There's a hiring freeze and priorities have shifted.,2026-09-26T00:00:00,outbound,-0.65,
382,61,68,lisa.brown@xeronova.com,rep_3@revos.ai,Re: Xeronova Inc — RevOS Starter,Our CTO left the company last week. New leadership wants to re-evaluate all vendor decisions.,2026-09-22T00:00:00,inbound,-0.95,
383,61,68,rep_3@revos.ai,lisa.brown@xeronova.com,Re: Xeronova Inc — RevOS Starter,We need to put this on hold. There's a hiring freeze and priorities have shifted.,2026-09-08T00:00:00,outbound,-0.88,
384,61,68,rep_3@revos.ai,lisa.brown@xeronova.com,Re: Xeronova Inc — RevOS Starter,We're evaluating a competitor as well. Can you share a comparison deck?,2026-09-03T00:00:00,outbound,-0.77,
385,61,68,lisa.brown@xeronova.com,rep_3@revos.ai,Re: Xeronova Inc — RevOS Starter,We need to put this on hold. There's a hiring freeze and priorities have shifted.,2026-08-28T00:00:00,inbound,-0.11,
386,61,68,rep_3@revos.ai,lisa.brown@xeronova.com,Re: Xeronova Inc — RevOS Starter,The team has concerns about integration complexity. We might need to revisit scope.,2026-09-16T00:00:00,outbound,-0.88,Gong
387,61,68,rep_3@revos.ai,lisa.brown@xeronova.com,Re: Xeronova Inc — RevOS Starter,Our CTO left the company last week. New leadership wants to re-evaluate all vendor decisions.,2026-08-27T00:00:00,outbound,-0.79,
388,62,18,sneha.williams@growthloop.io,rep_3@revos.ai,Re: Growthloop Inc — RevOS API,We need to put this on hold. There's a hiring freeze and priorities have shifted.,2026-05-25T00:00:00,inbound,-0.51,
389,62,18,rep_3@revos.ai,sneha.williams@growthloop.io,Re: Growthloop Inc — RevOS API,Our CTO left the company last week. New leadership wants to re-evaluate all vendor decisions.,2026-04-24T00:00:00,outbound,-0.81,Gong
390,62,18,sneha.williams@growthloop.io,rep_3@revos.ai,Re: Growthloop Inc — RevOS API,Our CTO left the company last week. New leadership wants to re-evaluate all vendor decisions.,2026-08-26T00:00:00,inbound,-0.5,
391,63,44,rohan.das@prismdata.com,rep_4@revos.ai,Re: Prismdata Inc — RevOS Analytics,"Hi Rep_4, just checking in. Any updates on the custom integration we discussed?",2026-06-21T00:00:00,inbound,0.43,Clari
392,63,44,rohan.das@prismdata.com,rep_4@revos.ai,Re: Prismdata Inc — RevOS Analytics,"Hi Rep_4, just checking in. Any updates on the custom integration we discussed?",2026-06-29T00:00:00,inbound,-0.24,
393,63,44,rep_4@revos.ai,rohan.das@prismdata.com,Re: Prismdata Inc — RevOS Analytics,Can you send over the updated pricing sheet? We need it for our internal review.,2026-07-29T00:00:00,outbound,-0.26,Salesforce Einstein
394,63,44,rep_4@revos.ai,rohan.das@prismdata.com,Re: Prismdata Inc — RevOS Analytics,The ROI numbers you shared were compelling. I've looped in our CFO for budget approval.,2026-09-15T00:00:00,outbound,-0.19,
395,63,44,rohan.das@prismdata.com,rep_4@revos.ai,Re: Prismdata Inc — RevOS Analytics,"Hi Rep_4, thanks for the proposal. The team reviewed it and we're keen to move forward. Can we schedule a call this week to discuss next steps?",2026-08-09T00:00:00,inbound,0.04,
396,64,54,ritu.singh@stratosai.co,rep_1@revos.ai,Re: Stratosai Inc — RevOS Enterprise,Great demo yesterday! Our VP was impressed with the forecasting module. Let's discuss pricing for the enterprise tier.,2026-06-14T00:00:00,inbound,0.54,
397,64,54,ritu.singh@stratosai.co,rep_1@revos.ai,Re: Stratosai Inc — RevOS Enterprise,"Hi Rep_1, just checking in. Any updates on the custom integration we discussed?",2026-08-28T00:00:00,inbound,0.41,HubSpot AI
398,64,54,ritu.singh@stratosai.co,rep_1@revos.ai,Re: Stratosai Inc — RevOS Enterprise,We've completed internal review. Legal is looking at the contract now. Expect sign-off by September 22.,2026-09-15T00:00:00,inbound,-0.02,
399,64,54,rep_1@revos.ai,ritu.singh@stratosai.co,Re: Stratosai Inc — RevOS Enterprise,Can you send over the updated pricing sheet? We need it for our internal review.,2026-08-21T00:00:00,outbound,-0.27,
400,64,54,ritu.singh@stratosai.co,rep_1@revos.ai,Re: Stratosai Inc — RevOS Enterprise,The ROI numbers you shared were compelling. I've looped in our CFO for budget approval.,2026-07-02T00:00:00,inbound,0.52,Salesforce Einstein
401,64,54,rep_1@revos.ai,ritu.singh@stratosai.co,Re: Stratosai Inc — RevOS Enterprise,The ROI numbers you shared were compelling. I've looped in our CFO for budget approval.,2026-09-19T00:00:00,outbound,0.09,People.ai
402,65,18,sneha.williams@growthloop.io,rep_2@revos.ai,Re: Growthloop Inc — RevOS Analytics,Sorry for the silence — been caught up with internal reorg. Not sure about the timeline anymore.,2026-09-25T00:00:00,inbound,-0.12,
403,65,18,rep_2@revos.ai,sneha.williams@growthloop.io,Re: Growthloop Inc — RevOS Analytics,"Hi Rep_2, we need to push the timeline. Budget freeze until next quarter. I'll keep you posted.",2026-09-08T00:00:00,outbound,-0.99,
404,66,4,karthik.patel@betaworks.in,rep_4@revos.ai,Re: Betaworks Inc — RevOS Enterprise,Can you send over the updated pricing sheet? We need it for our internal review.,2026-08-01T00:00:00,inbound,0.33,
405,66,4,rep_4@revos.ai,karthik.patel@betaworks.in,Re: Betaworks Inc — RevOS Enterprise,Quick update — we got budget approval. Let's finalize the SOW this week.,2026-07-13T00:00:00,outbound,0.19,Clari
406,66,4,rep_4@revos.ai,karthik.patel@betaworks.in,Re: Betaworks Inc — RevOS Enterprise,"Hi Rep_4, just checking in. Any updates on the custom integration we discussed?",2026-07-24T00:00:00,outbound,0.03,
407,66,4,rep_4@revos.ai,karthik.patel@betaworks.in,Re: Betaworks Inc — RevOS Enterprise,"Hi Rep_4, thanks for the proposal. The team reviewed it and we're keen to move forward. Can we schedule a call this week to discuss next steps?",2026-07-05T00:00:00,outbound,-0.04,Salesforce Einstein
408,66,4,rep_4@revos.ai,karthik.patel@betaworks.in,Re: Betaworks Inc — RevOS Enterprise,The ROI numbers you shared were compelling. I've looped in our CFO for budget approval.,2026-09-30T00:00:00,outbound,0.25,
409,66,4,karthik.patel@betaworks.in,rep_4@revos.ai,Re: Betaworks Inc — RevOS Enterprise,The ROI numbers you shared were compelling. I've looped in our CFO for budget approval.,2026-09-29T00:00:00,inbound,0.2,
410,66,4,rep_4@revos.ai,karthik.patel@betaworks.in,Re: Betaworks Inc — RevOS Enterprise,Quick update — we got budget approval. Let's finalize the SOW this week.,2026-06-16T00:00:00,outbound,0.4,HubSpot AI
411,67,131,rep_8@revos.ai,ashley.brown@terraflow.io,Re: Terraflow Inc — RevOS Starter,The team has concerns about integration complexity. We might need to revisit scope.,2026-09-10T00:00:00,outbound,-0.59,Gong
412,67,131,rep_8@revos.ai,ashley.brown@terraflow.io,Re: Terraflow Inc — RevOS Starter,We need to put this on hold. There's a hiring freeze and priorities have shifted.,2026-09-16T00:00:00,outbound,-0.46,Clari
413,68,28,rep_4@revos.ai,chris.mehta@jetscale.in,Re: Jetscale Inc — RevOS Enterprise,The team has concerns about integration complexity. We might need to revisit scope.,2026-05-23T00:00:00,outbound,-0.59,
414,68,28,chris.mehta@jetscale.in,rep_4@revos.ai,Re: Jetscale Inc — RevOS Enterprise,"Hi Rep_4, thanks for the proposal. The team reviewed it and we're keen to move forward. Can we schedule a call this week to discuss next steps?",2026-09-28T00:00:00,inbound,0.69,Salesforce Einstein
415,68,28,rep_4@revos.ai,chris.mehta@jetscale.in,Re: Jetscale Inc — RevOS Enterprise,Sorry for the silence — been caught up with internal reorg. Not sure about the timeline anymore.,2026-09-13T00:00:00,outbound,-0.67,
416,69,114,rep_3@revos.ai,priya.iyer@novabridge.com,Re: Novabridge Inc — RevOS Starter,"Hi Rep_3, thanks for the proposal. The team reviewed it and we're keen to move forward. Can we schedule a call this week to discuss next steps?",2026-09-12T00:00:00,outbound,0.77,Salesforce Einstein
417,69,114,rep_3@revos.ai,priya.iyer@novabridge.com,Re: Novabridge Inc — RevOS Starter,"Hi Rep_3, thanks for the proposal. The team reviewed it and we're keen to move forward. Can we schedule a call this week to discuss next steps?",2026-08-01T00:00:00,outbound,0.37,
418,69,114,rep_3@revos.ai,priya.iyer@novabridge.com,Re: Novabridge Inc — RevOS Starter,The ROI numbers you shared were compelling. I've looped in our CFO for budget approval.,2026-06-24T00:00:00,outbound,0.55,
419,70,107,manish.singh@keystone.in,rep_9@revos.ai,Re: Keystone Inc — RevOS API,Sorry for the silence — been caught up with internal reorg. Not sure about the timeline anymore.,2026-09-06T00:00:00,inbound,-0.7,
420,70,107,manish.singh@keystone.in,rep_9@revos.ai,Re: Keystone Inc — RevOS API,The team has concerns about integration complexity. We might need to revisit scope.,2026-09-15T00:00:00,inbound,-0.35,
421,70,107,rep_9@revos.ai,manish.singh@keystone.in,Re: Keystone Inc — RevOS API,"Hi Rep_9, we need to push the timeline. Budget freeze until next quarter. I'll keep you posted.",2026-09-12T00:00:00,outbound,-0.26,
422,70,107,rep_9@revos.ai,manish.singh@keystone.in,Re: Keystone Inc — RevOS API,"Hi Rep_9, we need to push the timeline. Budget freeze until next quarter. I'll keep you posted.",2026-09-10T00:00:00,outbound,-0.71,
423,71,9,aarav.singh@clearstack.io,rep_4@revos.ai,Re: Clearstack Inc — RevOS Enterprise,The team has concerns about integration complexity. We might need to revisit scope.,2026-07-20T00:00:00,inbound,-0.55,Gong
424,71,9,aarav.singh@clearstack.io,rep_4@revos.ai,Re: Clearstack Inc — RevOS Enterprise,The ROI numbers you shared were compelling. I've looped in our CFO for budget approval.,2026-10-01T00:00:00,inbound,0.45,
425,71,9,rep_4@revos.ai,aarav.singh@clearstack.io,Re: Clearstack Inc — RevOS Enterprise,Sorry for the silence — been caught up with internal reorg. Not sure about the timeline anymore.,2026-09-01T00:00:00,outbound,-0.85,
426,71,9,rep_4@revos.ai,aarav.singh@clearstack.io,Re: Clearstack Inc — RevOS Enterprise,Quick update — we got budget approval. Let's finalize the SOW this week.,2026-08-24T00:00:00,outbound,0.73,
427,72,60,aditya.mehta@vantagepoint.io,rep_8@revos.ai,Re: Vantagepoint Inc — RevOS Analytics,Quick update — we got budget approval. Let's finalize the SOW this week.,2026-05-07T00:00:00,inbound,0.17,
428,72,60,aditya.mehta@vantagepoint.io,rep_8@revos.ai,Re: Vantagepoint Inc — RevOS Analytics,Great demo yesterday! Our VP was impressed with the forecasting module. Let's discuss pricing for the enterprise tier.,2026-09-15T00:00:00,inbound,0.35,Gong
429,72,60,rep_8@revos.ai,aditya.mehta@vantagepoint.io,Re: Vantagepoint Inc — RevOS Analytics,The ROI numbers you shared were compelling. I've looped in our CFO for budget approval.,2026-06-09T00:00:00,outbound,0.55,
430,72,60,aditya.mehta@vantagepoint.io,rep_8@revos.ai,Re: Vantagepoint Inc — RevOS Analytics,Can you send over the updated pricing sheet? We need it for our internal review.,2026-08-09T00:00:00,inbound,-0.25,
431,72,60,aditya.mehta@vantagepoint.io,rep_8@revos.ai,Re: Vantagepoint Inc — RevOS Analytics,Can you send over the updated pricing sheet? We need it for our internal review.,2026-09-26T00:00:00,inbound,0.22,
432,72,60,rep_8@revos.ai,aditya.mehta@vantagepoint.io,Re: Vantagepoint Inc — RevOS Analytics,Can you send over the updated pricing sheet? We need it for our internal review.,2026-06-20T00:00:00,outbound,-0.02,
433,73,87,ritu.williams@datavault.io,rep_7@revos.ai,Re: Datavault Inc — RevOS API,Quick update — we got budget approval. Let's finalize the SOW this week.,2026-09-22T00:00:00,inbound,0.4,Salesforce Einstein
434,73,87,ritu.williams@datavault.io,rep_7@revos.ai,Re: Datavault Inc — RevOS API,"Hi Rep_7, thanks for the proposal. The team reviewed it and we're keen to move forward. Can we schedule a call this week to discuss next steps?",2026-09-25T00:00:00,inbound,0.3,
435,74,36,rep_7@revos.ai,manish.williams@metaverse.in,Re: Metaverse Inc — RevOS Enterprise,We need to put this on hold. There's a hiring freeze and priorities have shifted.,2026-09-26T00:00:00,outbound,-0.71,HubSpot AI
436,74,36,manish.williams@metaverse.in,rep_7@revos.ai,Re: Metaverse Inc — RevOS Enterprise,Our CTO left the company last week. New leadership wants to re-evaluate all vendor decisions.,2026-09-30T00:00:00,inbound,-0.58,
437,74,36,manish.williams@metaverse.in,rep_7@revos.ai,Re: Metaverse Inc — RevOS Enterprise,The team has concerns about integration complexity. We might need to revisit scope.,2026-09-28T00:00:00,inbound,-0.88,Salesforce Einstein
438,75,72,rep_5@revos.ai,anjali.iyer@yieldmax.in,Re: Yieldmax Inc — RevOS API,Quick update — we got budget approval. Let's finalize the SOW this week.,2026-06-16T00:00:00,outbound,0.86,
439,75,72,anjali.iyer@yieldmax.in,rep_5@revos.ai,Re: Yieldmax Inc — RevOS API,We've completed internal review. Legal is looking at the contract now. Expect sign-off by October 03.,2026-09-26T00:00:00,inbound,0.87,Salesforce Einstein
440,75,72,anjali.iyer@yieldmax.in,rep_5@revos.ai,Re: Yieldmax Inc — RevOS API,Great demo yesterday! Our VP was impressed with the forecasting module. Let's discuss pricing for the enterprise tier.,2026-06-05T00:00:00,inbound,0.55,
441,75,72,anjali.iyer@yieldmax.in,rep_5@revos.ai,Re: Yieldmax Inc — RevOS API,The ROI numbers you shared were compelling. I've looped in our CFO for budget approval.,2026-08-29T00:00:00,inbound,0.92,
442,75,72,rep_5@revos.ai,anjali.iyer@yieldmax.in,Re: Yieldmax Inc — RevOS API,Great demo yesterday! Our VP was impressed with the forecasting module. Let's discuss pricing for the enterprise tier.,2026-07-11T00:00:00,outbound,0.54,
443,75,72,anjali.iyer@yieldmax.in,rep_5@revos.ai,Re: Yieldmax Inc — RevOS API,Our CTO left the company last week. New leadership wants to re-evaluate all vendor decisions.,2026-09-02T00:00:00,inbound,-0.61,
444,75,72,anjali.iyer@yieldmax.in,rep_5@revos.ai,Re: Yieldmax Inc — RevOS API,We've completed internal review. Legal is looking at the contract now. Expect sign-off by September 16.,2026-09-09T00:00:00,inbound,0.92,
445,75,72,anjali.iyer@yieldmax.in,rep_5@revos.ai,Re: Yieldmax Inc — RevOS API,Great demo yesterday! Our VP was impressed with the forecasting module. Let's discuss pricing for the enterprise tier.,2026-09-23T00:00:00,inbound,0.52,HubSpot AI
446,75,72,rep_5@revos.ai,anjali.iyer@yieldmax.in,Re: Yieldmax Inc — RevOS API,We've completed internal review. Legal is looking at the contract now. Expect sign-off by August 09.,2026-08-02T00:00:00,outbound,0.53,
447,76,33,rep_3@revos.ai,manish.kumar@logicworks.co,Re: Logicworks Inc — RevOS Analytics,"Hi Rep_3, we need to push the timeline. Budget freeze until next quarter. I'll keep you posted.",2026-10-01T00:00:00,outbound,-0.65,
448,76,33,rep_3@revos.ai,manish.kumar@logicworks.co,Re: Logicworks Inc — RevOS Analytics,"Hi Rep_3, we need to push the timeline. Budget freeze until next quarter. I'll keep you posted.",2026-09-16T00:00:00,outbound,-0.67,
449,76,33,manish.kumar@logicworks.co,rep_3@revos.ai,Re: Logicworks Inc — RevOS Analytics,"Hi Rep_3, we need to push the timeline. Budget freeze until next quarter. I'll keep you posted.",2026-09-08T00:00:00,inbound,-0.47,
450,76,33,rep_3@revos.ai,manish.kumar@logicworks.co,Re: Logicworks Inc — RevOS Analytics,"Hi Rep_3, we need to push the timeline. Budget freeze until next quarter. I'll keep you posted.",2026-09-19T00:00:00,outbound,-0.96,
451,76,33,manish.kumar@logicworks.co,rep_3@revos.ai,Re: Logicworks Inc — RevOS Analytics,Our CTO left the company last week. New leadership wants to re-evaluate all vendor decisions.,2026-09-11T00:00:00,inbound,-0.91,
452,76,33,manish.kumar@logicworks.co,rep_3@revos.ai,Re: Logicworks Inc — RevOS Analytics,"Hi Rep_3, we need to push the timeline. Budget freeze until next quarter. I'll keep you posted.",2026-09-09T00:00:00,inbound,-0.58,
453,76,33,manish.kumar@logicworks.co,rep_3@revos.ai,Re: Logicworks Inc — RevOS Analytics,We need to put this on hold. There's a hiring freeze and priorities have shifted.,2026-09-14T00:00:00,inbound,-0.98,
454,76,33,rep_3@revos.ai,manish.kumar@logicworks.co,Re: Logicworks Inc — RevOS Analytics,Sorry for the silence — been caught up with internal reorg. Not sure about the timeline anymore.,2026-09-11T00:00:00,outbound,-0.95,
455,76,33,manish.kumar@logicworks.co,rep_3@revos.ai,Re: Logicworks Inc — RevOS Analytics,We need to put this on hold. There's a hiring freeze and priorities have shifted.,2026-09-24T00:00:00,inbound,-0.98,
456,77,134,siddharth.nair@uplinkai.co,rep_6@revos.ai,Re: Uplinkai Inc — RevOS Analytics,Great demo yesterday! Our VP was impressed with the forecasting module. Let's discuss pricing for the enterprise tier.,2026-09-28T00:00:00,inbound,0.33,People.ai
457,77,134,siddharth.nair@uplinkai.co,rep_6@revos.ai,Re: Uplinkai Inc — RevOS Analytics,Thanks for the follow-up. We're still in discussion internally. Will get back to you soon.,2026-06-25T00:00:00,inbound,0.09,
458,77,134,rep_6@revos.ai,siddharth.nair@uplinkai.co,Re: Uplinkai Inc — RevOS Analytics,The ROI numbers you shared were compelling. I've looped in our CFO for budget approval.,2026-09-12T00:00:00,outbound,0.83,
459,77,134,siddharth.nair@uplinkai.co,rep_6@revos.ai,Re: Uplinkai Inc — RevOS Analytics,Great demo yesterday! Our VP was impressed with the forecasting module. Let's discuss pricing for the enterprise tier.,2026-06-09T00:00:00,inbound,0.9,
460,77,134,rep_6@revos.ai,siddharth.nair@uplinkai.co,Re: Uplinkai Inc — RevOS Analytics,Great demo yesterday! Our VP was impressed with the forecasting module. Let's discuss pricing for the enterprise tier.,2026-09-27T00:00:00,outbound,0.1,
461,77,134,rep_6@revos.ai,siddharth.nair@uplinkai.co,Re: Uplinkai Inc — RevOS Analytics,"Hi Rep_6, thanks for the proposal. The team reviewed it and we're keen to move forward. Can we schedule a call this week to discuss next steps?",2026-09-24T00:00:00,outbound,0.97,
462,77,134,rep_6@revos.ai,siddharth.nair@uplinkai.co,Re: Uplinkai Inc — RevOS Analytics,Great demo yesterday! Our VP was impressed with the forecasting module. Let's discuss pricing for the enterprise tier.,2026-09-08T00:00:00,outbound,0.62,
463,78,112,rep_1@revos.ai,jessica.mehta@maplesoft.co,Re: Maplesoft Inc — RevOS API,We need to put this on hold. There's a hiring freeze and priorities have shifted.,2026-09-06T00:00:00,outbound,-0.47,
464,78,112,jessica.mehta@maplesoft.co,rep_1@revos.ai,Re: Maplesoft Inc — RevOS API,We need to put this on hold. There's a hiring freeze and priorities have shifted.,2026-09-16T00:00:00,inbound,-0.32,Gong
465,78,112,rep_1@revos.ai,jessica.mehta@maplesoft.co,Re: Maplesoft Inc — RevOS API,We need to put this on hold. There's a hiring freeze and priorities have shifted.,2026-09-05T00:00:00,outbound,-0.44,
466,78,112,jessica.mehta@maplesoft.co,rep_1@revos.ai,Re: Maplesoft Inc — RevOS API,We need to put this on hold. There's a hiring freeze and priorities have shifted.,2026-09-29T00:00:00,inbound,-0.19,Gong
467,78,112,rep_1@revos.ai,jessica.mehta@maplesoft.co,Re: Maplesoft Inc — RevOS API,"Hi Rep_1, we need to push the timeline. Budget freeze until next quarter. I'll keep you posted.",2026-09-13T00:00:00,outbound,-0.21,
468,78,112,rep_1@revos.ai,jessica.mehta@maplesoft.co,Re: Maplesoft Inc — RevOS API,"Hi Rep_1, we need to push the timeline. Budget freeze until next quarter. I'll keep you posted.",2026-09-21T00:00:00,outbound,-0.51,
469,78,112,jessica.mehta@maplesoft.co,rep_1@revos.ai,Re: Maplesoft Inc — RevOS API,The team has concerns about integration complexity. We might need to revisit scope.,2026-09-08T00:00:00,inbound,-0.21,
470,78,112,jessica.mehta@maplesoft.co,rep_1@revos.ai,Re: Maplesoft Inc — RevOS API,The team has concerns about integration complexity. We might need to revisit scope.,2026-09-24T00:00:00,inbound,-0.69,
471,78,112,rep_1@revos.ai,jessica.mehta@maplesoft.co,Re: Maplesoft Inc — RevOS API,"Hi Rep_1, we need to push the timeline. Budget freeze until next quarter. I'll keep you posted.",2026-09-16T00:00:00,outbound,-0.67,Gong
472,78,112,rep_1@revos.ai,jessica.mehta@maplesoft.co,Re: Maplesoft Inc — RevOS API,Our CTO left the company last week. New leadership wants to re-evaluate all vendor decisions.,2026-09-06T00:00:00,outbound,-0.15,Salesforce Einstein
473,79,68,rep_5@revos.ai,lisa.brown@xeronova.com,Re: Xeronova Inc — RevOS Enterprise,"Hi Rep_5, just checking in. Any updates on the custom integration we discussed?",2026-09-15T00:00:00,outbound,-0.23,
474,79,68,rep_5@revos.ai,lisa.brown@xeronova.com,Re: Xeronova Inc — RevOS Enterprise,"Hi Rep_5, just checking in. Any updates on the custom integration we discussed?",2026-09-17T00:00:00,outbound,0.4,
475,80,101,rep_4@revos.ai,jessica.gupta@hexacore.io,Re: Hexacore Inc — RevOS Analytics,Great demo yesterday! Our VP was impressed with the forecasting module. Let's discuss pricing for the enterprise tier.,2026-09-24T00:00:00,outbound,0.8,
476,80,101,jessica.gupta@hexacore.io,rep_4@revos.ai,Re: Hexacore Inc — RevOS Analytics,We've completed internal review. Legal is looking at the contract now. Expect sign-off by September 12.,2026-09-05T00:00:00,inbound,0.51,
477,80,101,jessica.gupta@hexacore.io,rep_4@revos.ai,Re: Hexacore Inc — RevOS Analytics,"Hi Rep_4, thanks for the proposal. The team reviewed it and we're keen to move forward. Can we schedule a call this week to discuss next steps?",2026-09-15T00:00:00,inbound,0.57,
478,80,101,rep_4@revos.ai,jessica.gupta@hexacore.io,Re: Hexacore Inc — RevOS Analytics,"Hi Rep_4, thanks for the proposal. The team reviewed it and we're keen to move forward. Can we schedule a call this week to discuss next steps?",2026-09-02T00:00:00,outbound,0.45,
479,80,101,jessica.gupta@hexacore.io,rep_4@revos.ai,Re: Hexacore Inc — RevOS Analytics,Great demo yesterday! Our VP was impressed with the forecasting module. Let's discuss pricing for the enterprise tier.,2026-08-23T00:00:00,inbound,0.99,
480,80,101,rep_4@revos.ai,jessica.gupta@hexacore.io,Re: Hexacore Inc — RevOS Analytics,We've completed internal review. Legal is looking at the contract now. Expect sign-off by September 07.,2026-08-31T00:00:00,outbound,0.37,
481,80,101,jessica.gupta@hexacore.io,rep_4@revos.ai,Re: Hexacore Inc — RevOS Analytics,Great demo yesterday! Our VP was impressed with the forecasting module. Let's discuss pricing for the enterprise tier.,2026-09-03T00:00:00,inbound,0.76,
482,80,101,jessica.gupta@hexacore.io,rep_4@revos.ai,Re: Hexacore Inc — RevOS Analytics,Great demo yesterday! Our VP was impressed with the forecasting module. Let's discuss pricing for the enterprise tier.,2026-09-28T00:00:00,inbound,0.52,
483,80,101,jessica.gupta@hexacore.io,rep_4@revos.ai,Re: Hexacore Inc — RevOS Analytics,"Hi Rep_4, thanks for the proposal. The team reviewed it and we're keen to move forward. Can we schedule a call this week to discuss next steps?",2026-08-27T00:00:00,inbound,0.7,
484,81,35,sarah.joshi@metaverse.in,rep_6@revos.ai,Re: Metaverse Inc — RevOS Pro,"Hi Rep_6, thanks for the proposal. The team reviewed it and we're keen to move forward. Can we schedule a call this week to discuss next steps?",2026-09-30T00:00:00,inbound,-0.29,
485,81,35,rep_6@revos.ai,sarah.joshi@metaverse.in,Re: Metaverse Inc — RevOS Pro,Great demo yesterday! Our VP was impressed with the forecasting module. Let's discuss pricing for the enterprise tier.,2026-09-21T00:00:00,outbound,-0.08,HubSpot AI
486,81,35,sarah.joshi@metaverse.in,rep_6@revos.ai,Re: Metaverse Inc — RevOS Pro,The ROI numbers you shared were compelling. I've looped in our CFO for budget approval.,2026-09-07T00:00:00,inbound,0.1,
487,81,35,sarah.joshi@metaverse.in,rep_6@revos.ai,Re: Metaverse Inc — RevOS Pro,We've completed internal review. Legal is looking at the contract now. Expect sign-off by September 30.,2026-09-23T00:00:00,inbound,0.56,
488,81,35,rep_6@revos.ai,sarah.joshi@metaverse.in,Re: Metaverse Inc — RevOS Pro,Quick update — we got budget approval. Let's finalize the SOW this week.,2026-09-18T00:00:00,outbound,-0.01,
489,81,35,sarah.joshi@metaverse.in,rep_6@revos.ai,Re: Metaverse Inc — RevOS Pro,The ROI numbers you shared were compelling. I've looped in our CFO for budget approval.,2026-09-09T00:00:00,inbound,-0.02,
490,81,35,sarah.joshi@metaverse.in,rep_6@revos.ai,Re: Metaverse Inc — RevOS Pro,Thanks for the follow-up. We're still in discussion internally. Will get back to you soon.,2026-09-11T00:00:00,inbound,0.42,
491,81,35,rep_6@revos.ai,sarah.joshi@metaverse.in,Re: Metaverse Inc — RevOS Pro,We've completed internal review. Legal is looking at the contract now. Expect sign-off by September 15.,2026-09-08T00:00:00,outbound,0.17,People.ai
492,82,54,ritu.singh@stratosai.co,rep_2@revos.ai,Re: Stratosai Inc — RevOS Starter,Quick update — we got budget approval. Let's finalize the SOW this week.,2026-08-08T00:00:00,inbound,0.39,
493,82,54,ritu.singh@stratosai.co,rep_2@revos.ai,Re: Stratosai Inc — RevOS Starter,We've completed internal review. Legal is looking at the contract now. Expect sign-off by August 10.,2026-08-03T00:00:00,inbound,0.89,Clari
494,82,54,ritu.singh@stratosai.co,rep_2@revos.ai,Re: Stratosai Inc — RevOS Starter,Great demo yesterday! Our VP was impressed with the forecasting module. Let's discuss pricing for the enterprise tier.,2026-08-30T00:00:00,inbound,0.6,
495,82,54,ritu.singh@stratosai.co,rep_2@revos.ai,Re: Stratosai Inc — RevOS Starter,We've completed internal review. Legal is looking at the contract now. Expect sign-off by May 14.,2026-05-07T00:00:00,inbound,0.93,
496,82,54,rep_2@revos.ai,ritu.singh@stratosai.co,Re: Stratosai Inc — RevOS Starter,"Hi Rep_2, thanks for the proposal. The team reviewed it and we're keen to move forward. Can we schedule a call this week to discuss next steps?",2026-05-13T00:00:00,outbound,0.78,
497,82,54,ritu.singh@stratosai.co,rep_2@revos.ai,Re: Stratosai Inc — RevOS Starter,"Hi Rep_2, thanks for the proposal. The team reviewed it and we're keen to move forward. Can we schedule a call this week to discuss next steps?",2026-09-03T00:00:00,inbound,0.84,
498,82,54,rep_2@revos.ai,ritu.singh@stratosai.co,Re: Stratosai Inc — RevOS Starter,Quick update — we got budget approval. Let's finalize the SOW this week.,2026-06-05T00:00:00,outbound,0.69,
499,82,54,rep_2@revos.ai,ritu.singh@stratosai.co,Re: Stratosai Inc — RevOS Starter,The ROI numbers you shared were compelling. I've looped in our CFO for budget approval.,2026-07-01T00:00:00,outbound,0.42,
500,82,54,rep_2@revos.ai,ritu.singh@stratosai.co,Re: Stratosai Inc — RevOS Starter,Quick update — we got budget approval. Let's finalize the SOW this week.,2026-05-06T00:00:00,outbound,0.33,HubSpot AI
501,83,107,rep_9@revos.ai,manish.singh@keystone.in,Re: Keystone Inc — RevOS Analytics,"Hi Rep_9, thanks for the proposal. The team reviewed it and we're keen to move forward. Can we schedule a call this week to discuss next steps?",2026-07-03T00:00:00,outbound,-0.24,
502,83,107,rep_9@revos.ai,manish.singh@keystone.in,Re: Keystone Inc — RevOS Analytics,Great demo yesterday! Our VP was impressed with the forecasting module. Let's discuss pricing for the enterprise tier.,2026-06-12T00:00:00,outbound,-0.0,
503,83,107,manish.singh@keystone.in,rep_9@revos.ai,Re: Keystone Inc — RevOS Analytics,The ROI numbers you shared were compelling. I've looped in our CFO for budget approval.,2026-05-17T00:00:00,inbound,0.41,HubSpot AI
504,83,107,manish.singh@keystone.in,rep_9@revos.ai,Re: Keystone Inc — RevOS Analytics,Great demo yesterday! Our VP was impressed with the forecasting module. Let's discuss pricing for the enterprise tier.,2026-09-22T00:00:00,inbound,0.74,
505,83,107,manish.singh@keystone.in,rep_9@revos.ai,Re: Keystone Inc — RevOS Analytics,"Hi Rep_9, just checking in. Any updates on the custom integration we discussed?",2026-07-01T00:00:00,inbound,-0.07,
506,83,107,rep_9@revos.ai,manish.singh@keystone.in,Re: Keystone Inc — RevOS Analytics,"Hi Rep_9, thanks for the proposal. The team reviewed it and we're keen to move forward. Can we schedule a call this week to discuss next steps?",2026-07-14T00:00:00,outbound,0.36,
507,83,107,manish.singh@keystone.in,rep_9@revos.ai,Re: Keystone Inc — RevOS Analytics,We've completed internal review. Legal is looking at the contract now. Expect sign-off by September 22.,2026-09-15T00:00:00,inbound,0.7,
508,84,12,david.mehta@ecomsprint.com,rep_6@revos.ai,Re: Ecomsprint Inc — RevOS API,"Hi Rep_6, we need to push the timeline. Budget freeze until next quarter. I'll keep you posted.",2026-09-30T00:00:00,inbound,-0.89,
509,84,12,david.mehta@ecomsprint.com,rep_6@revos.ai,Re: Ecomsprint Inc — RevOS API,Great demo yesterday! Our VP was impressed with the forecasting module. Let's discuss pricing for the enterprise tier.,2026-09-20T00:00:00,inbound,0.45,Clari
510,85,32,rep_4@revos.ai,swati.kumar@logicworks.co,Re: Logicworks Inc — RevOS Enterprise,Can you send over the updated pricing sheet? We need it for our internal review.,2026-09-23T00:00:00,outbound,-0.08,
511,85,32,swati.kumar@logicworks.co,rep_4@revos.ai,Re: Logicworks Inc — RevOS Enterprise,Can you send over the updated pricing sheet? We need it for our internal review.,2026-09-09T00:00:00,inbound,0.08,
512,85,32,rep_4@revos.ai,swati.kumar@logicworks.co,Re: Logicworks Inc — RevOS Enterprise,"Hi Rep_4, thanks for the proposal. The team reviewed it and we're keen to move forward. Can we schedule a call this week to discuss next steps?",2026-09-21T00:00:00,outbound,-0.3,
513,85,32,rep_4@revos.ai,swati.kumar@logicworks.co,Re: Logicworks Inc — RevOS Enterprise,"Hi Rep_4, thanks for the proposal. The team reviewed it and we're keen to move forward. Can we schedule a call this week to discuss next steps?",2026-09-09T00:00:00,outbound,0.54,
514,85,32,rep_4@revos.ai,swati.kumar@logicworks.co,Re: Logicworks Inc — RevOS Enterprise,We've completed internal review. Legal is looking at the contract now. Expect sign-off by September 29.,2026-09-22T00:00:00,outbound,0.06,
515,85,32,swati.kumar@logicworks.co,rep_4@revos.ai,Re: Logicworks Inc — RevOS Enterprise,Can you send over the updated pricing sheet? We need it for our internal review.,2026-09-27T00:00:00,inbound,0.32,
516,85,32,swati.kumar@logicworks.co,rep_4@revos.ai,Re: Logicworks Inc — RevOS Enterprise,Can you send over the updated pricing sheet? We need it for our internal review.,2026-09-27T00:00:00,inbound,0.12,
517,85,32,swati.kumar@logicworks.co,rep_4@revos.ai,Re: Logicworks Inc — RevOS Enterprise,"Hi Rep_4, thanks for the proposal. The team reviewed it and we're keen to move forward. Can we schedule a call this week to discuss next steps?",2026-09-27T00:00:00,inbound,-0.19,
518,85,32,swati.kumar@logicworks.co,rep_4@revos.ai,Re: Logicworks Inc — RevOS Enterprise,Great demo yesterday! Our VP was impressed with the forecasting module. Let's discuss pricing for the enterprise tier.,2026-09-16T00:00:00,inbound,-0.24,
519,86,16,sneha.rao@finlabs.in,rep_2@revos.ai,Re: Finlabs Inc — RevOS API,Can you send over the updated pricing sheet? We need it for our internal review.,2026-08-12T00:00:00,inbound,0.42,Gong
520,86,16,rep_2@revos.ai,sneha.rao@finlabs.in,Re: Finlabs Inc — RevOS API,"Hi Rep_2, just checking in. Any updates on the custom integration we discussed?",2026-06-03T00:00:00,outbound,0.15,
521,86,16,rep_2@revos.ai,sneha.rao@finlabs.in,Re: Finlabs Inc — RevOS API,The ROI numbers you shared were compelling. I've looped in our CFO for budget approval.,2026-09-23T00:00:00,outbound,0.11,
522,86,16,rep_2@revos.ai,sneha.rao@finlabs.in,Re: Finlabs Inc — RevOS API,The ROI numbers you shared were compelling. I've looped in our CFO for budget approval.,2026-05-14T00:00:00,outbound,0.54,Gong
523,86,16,rep_2@revos.ai,sneha.rao@finlabs.in,Re: Finlabs Inc — RevOS API,We've completed internal review. Legal is looking at the contract now. Expect sign-off by September 19.,2026-09-12T00:00:00,outbound,-0.25,
524,86,16,rep_2@revos.ai,sneha.rao@finlabs.in,Re: Finlabs Inc — RevOS API,"Hi Rep_2, just checking in. Any updates on the custom integration we discussed?",2026-07-08T00:00:00,outbound,0.1,
525,86,16,rep_2@revos.ai,sneha.rao@finlabs.in,Re: Finlabs Inc — RevOS API,Great demo yesterday! Our VP was impressed with the forecasting module. Let's discuss pricing for the enterprise tier.,2026-08-22T00:00:00,outbound,0.24,Gong
526,86,16,rep_2@revos.ai,sneha.rao@finlabs.in,Re: Finlabs Inc — RevOS API,"Hi Rep_2, just checking in. Any updates on the custom integration we discussed?",2026-06-30T00:00:00,outbound,-0.03,
527,87,109,rohan.sharma@luminance.io,rep_1@revos.ai,Re: Luminance Inc — RevOS Pro,We're evaluating Gong as well. Can you share a comparison deck?,2026-08-10T00:00:00,inbound,-0.65,
528,87,109,rohan.sharma@luminance.io,rep_1@revos.ai,Re: Luminance Inc — RevOS Pro,We're evaluating People.ai as well. Can you share a comparison deck?,2026-05-16T00:00:00,inbound,-0.77,
529,87,109,rep_1@revos.ai,rohan.sharma@luminance.io,Re: Luminance Inc — RevOS Pro,Our CTO left the company last week. New leadership wants to re-evaluate all vendor decisions.,2026-05-21T00:00:00,outbound,-0.37,
530,87,109,rohan.sharma@luminance.io,rep_1@revos.ai,Re: Luminance Inc — RevOS Pro,We need to put this on hold. There's a hiring freeze and priorities have shifted.,2026-06-23T00:00:00,inbound,-0.54,
531,88,146,rep_9@revos.ai,arjun.davis@xyphorai.io,Re: Xyphorai Inc — RevOS Analytics,We need to put this on hold. There's a hiring freeze and priorities have shifted.,2026-09-03T00:00:00,outbound,-0.44,
532,88,146,rep_9@revos.ai,arjun.davis@xyphorai.io,Re: Xyphorai Inc — RevOS Analytics,We need to put this on hold. There's a hiring freeze and priorities have shifted.,2026-09-28T00:00:00,outbound,-0.78,
533,89,126,rep_8@revos.ai,david.rao@relaystack.com,Re: Relaystack Inc — RevOS Analytics,Quick update — we got budget approval. Let's finalize the SOW this week.,2026-09-25T00:00:00,outbound,0.54,People.ai
534,89,126,rep_8@revos.ai,david.rao@relaystack.com,Re: Relaystack Inc — RevOS Analytics,Thanks for the follow-up. We're still in discussion internally. Will get back to you soon.,2026-09-08T00:00:00,outbound,0.5,
535,89,126,david.rao@relaystack.com,rep_8@revos.ai,Re: Relaystack Inc — RevOS Analytics,Great demo yesterday! Our VP was impressed with the forecasting module. Let's discuss pricing for the enterprise tier.,2026-09-15T00:00:00,inbound,0.96,Gong
536,90,59,jennifer.miller@ultradev.in,rep_2@revos.ai,Re: Ultradev Inc — RevOS API,We've completed internal review. Legal is looking at the contract now. Expect sign-off by July 12.,2026-07-05T00:00:00,inbound,0.46,
537,90,59,rep_2@revos.ai,jennifer.miller@ultradev.in,Re: Ultradev Inc — RevOS API,"Hi Rep_2, just checking in. Any updates on the custom integration we discussed?",2026-09-01T00:00:00,outbound,0.04,
538,90,59,rep_2@revos.ai,jennifer.miller@ultradev.in,Re: Ultradev Inc — RevOS API,The ROI numbers you shared were compelling. I've looped in our CFO for budget approval.,2026-08-12T00:00:00,outbound,0.52,
539,90,59,rep_2@revos.ai,jennifer.miller@ultradev.in,Re: Ultradev Inc — RevOS API,We've completed internal review. Legal is looking at the contract now. Expect sign-off by September 13.,2026-09-06T00:00:00,outbound,0.42,
540,90,59,rep_2@revos.ai,jennifer.miller@ultradev.in,Re: Ultradev Inc — RevOS API,We've completed internal review. Legal is looking at the contract now. Expect sign-off by October 02.,2026-09-25T00:00:00,outbound,0.55,
541,91,43,rep_6@revos.ai,arjun.patel@prismdata.com,Re: Prismdata Inc — RevOS Starter,Our CTO left the company last week. New leadership wants to re-evaluate all vendor decisions.,2026-08-09T00:00:00,outbound,-0.58,
542,91,43,rep_6@revos.ai,arjun.patel@prismdata.com,Re: Prismdata Inc — RevOS Starter,Our CTO left the company last week. New leadership wants to re-evaluate all vendor decisions.,2026-08-29T00:00:00,outbound,-0.3,
543,91,43,arjun.patel@prismdata.com,rep_6@revos.ai,Re: Prismdata Inc — RevOS Starter,We're evaluating Salesforce Einstein as well. Can you share a comparison deck?,2026-08-27T00:00:00,inbound,-0.18,Salesforce Einstein
544,91,43,rep_6@revos.ai,arjun.patel@prismdata.com,Re: Prismdata Inc — RevOS Starter,The team has concerns about integration complexity. We might need to revisit scope.,2026-08-01T00:00:00,outbound,-0.98,
545,91,43,rep_6@revos.ai,arjun.patel@prismdata.com,Re: Prismdata Inc — RevOS Starter,The team has concerns about integration complexity. We might need to revisit scope.,2026-07-11T00:00:00,outbound,-0.54,
546,91,43,rep_6@revos.ai,arjun.patel@prismdata.com,Re: Prismdata Inc — RevOS Starter,We're evaluating HubSpot AI as well. Can you share a comparison deck?,2026-08-02T00:00:00,outbound,-0.71,
547,91,43,rep_6@revos.ai,arjun.patel@prismdata.com,Re: Prismdata Inc — RevOS Starter,The team has concerns about integration complexity. We might need to revisit scope.,2026-09-21T00:00:00,outbound,-0.24,Salesforce Einstein
548,92,97,rep_8@revos.ai,robert.brown@globecast.in,Re: Globecast Inc — RevOS API,We've completed internal review. Legal is looking at the contract now. Expect sign-off by July 14.,2026-07-07T00:00:00,outbound,0.84,
549,92,97,rep_8@revos.ai,robert.brown@globecast.in,Re: Globecast Inc — RevOS API,We've completed internal review. Legal is looking at the contract now. Expect sign-off by July 28.,2026-07-21T00:00:00,outbound,0.34,
550,92,97,robert.brown@globecast.in,rep_8@revos.ai,Re: Globecast Inc — RevOS API,Thanks for the follow-up. We're still in discussion internally. Will get back to you soon.,2026-08-08T00:00:00,inbound,0.55,
551,92,97,rep_8@revos.ai,robert.brown@globecast.in,Re: Globecast Inc — RevOS API,"Hi Rep_8, thanks for the proposal. The team reviewed it and we're keen to move forward. Can we schedule a call this week to discuss next steps?",2026-08-13T00:00:00,outbound,0.62,
552,92,97,rep_8@revos.ai,robert.brown@globecast.in,Re: Globecast Inc — RevOS API,"Hi Rep_8, thanks for the proposal. The team reviewed it and we're keen to move forward. Can we schedule a call this week to discuss next steps?",2026-09-28T00:00:00,outbound,0.32,
553,93,10,rep_7@revos.ai,robert.johnson@deltaforce.co,Re: Deltaforce Inc — RevOS Pro,We're evaluating Gong as well. Can you share a comparison deck?,2026-08-27T00:00:00,outbound,-0.16,Gong
554,93,10,rep_7@revos.ai,robert.johnson@deltaforce.co,Re: Deltaforce Inc — RevOS Pro,Our CTO left the company last week. New leadership wants to re-evaluate all vendor decisions.,2026-09-10T00:00:00,outbound,-0.75,Clari
555,93,10,rep_7@revos.ai,robert.johnson@deltaforce.co,Re: Deltaforce Inc — RevOS Pro,We're evaluating a competitor as well. Can you share a comparison deck?,2026-07-24T00:00:00,outbound,-0.61,
556,94,143,rep_7@revos.ai,nikhil.verma@windrose.in,Re: Windrose Inc — RevOS Pro,Great demo yesterday! Our VP was impressed with the forecasting module. Let's discuss pricing for the enterprise tier.,2026-09-22T00:00:00,outbound,0.46,
557,94,143,rep_7@revos.ai,nikhil.verma@windrose.in,Re: Windrose Inc — RevOS Pro,Can you send over the updated pricing sheet? We need it for our internal review.,2026-09-06T00:00:00,outbound,0.15,
558,94,143,nikhil.verma@windrose.in,rep_7@revos.ai,Re: Windrose Inc — RevOS Pro,The ROI numbers you shared were compelling. I've looped in our CFO for budget approval.,2026-07-02T00:00:00,inbound,0.42,
559,94,143,nikhil.verma@windrose.in,rep_7@revos.ai,Re: Windrose Inc — RevOS Pro,Quick update — we got budget approval. Let's finalize the SOW this week.,2026-09-14T00:00:00,inbound,0.12,Gong
560,94,143,rep_7@revos.ai,nikhil.verma@windrose.in,Re: Windrose Inc — RevOS Pro,We've completed internal review. Legal is looking at the contract now. Expect sign-off by August 13.,2026-08-06T00:00:00,outbound,0.07,
561,94,143,rep_7@revos.ai,nikhil.verma@windrose.in,Re: Windrose Inc — RevOS Pro,Can you send over the updated pricing sheet? We need it for our internal review.,2026-07-06T00:00:00,outbound,-0.05,Clari
562,94,143,nikhil.verma@windrose.in,rep_7@revos.ai,Re: Windrose Inc — RevOS Pro,We've completed internal review. Legal is looking at the contract now. Expect sign-off by October 02.,2026-09-25T00:00:00,inbound,0.43,
563,94,143,rep_7@revos.ai,nikhil.verma@windrose.in,Re: Windrose Inc — RevOS Pro,Can you send over the updated pricing sheet? We need it for our internal review.,2026-09-24T00:00:00,outbound,-0.28,
564,94,143,nikhil.verma@windrose.in,rep_7@revos.ai,Re: Windrose Inc — RevOS Pro,"Hi Rep_7, just checking in. Any updates on the custom integration we discussed?",2026-07-23T00:00:00,inbound,0.53,
565,94,143,nikhil.verma@windrose.in,rep_7@revos.ai,Re: Windrose Inc — RevOS Pro,Thanks for the follow-up. We're still in discussion internally. Will get back to you soon.,2026-09-07T00:00:00,inbound,-0.24,
566,95,49,rep_6@revos.ai,kavita.mehta@raptorx.io,Re: Raptorx Inc — RevOS API,We're evaluating a competitor as well. Can you share a comparison deck?,2026-09-18T00:00:00,outbound,-0.89,
567,95,49,rep_6@revos.ai,kavita.mehta@raptorx.io,Re: Raptorx Inc — RevOS API,Our CTO left the company last week. New leadership wants to re-evaluate all vendor decisions.,2026-08-30T00:00:00,outbound,-0.38,Gong
568,95,49,rep_6@revos.ai,kavita.mehta@raptorx.io,Re: Raptorx Inc — RevOS API,We need to put this on hold. There's a hiring freeze and priorities have shifted.,2026-09-11T00:00:00,outbound,-0.38,
569,95,49,kavita.mehta@raptorx.io,rep_6@revos.ai,Re: Raptorx Inc — RevOS API,"Hi Rep_6, we need to push the timeline. Budget freeze until next quarter. I'll keep you posted.",2026-09-08T00:00:00,inbound,-0.82,
570,96,74,rep_9@revos.ai,swati.verma@zenithops.io,Re: Zenithops Inc — RevOS API,We need to put this on hold. There's a hiring freeze and priorities have shifted.,2026-08-27T00:00:00,outbound,-0.98,
571,96,74,rep_9@revos.ai,swati.verma@zenithops.io,Re: Zenithops Inc — RevOS API,The team has concerns about integration complexity. We might need to revisit scope.,2026-09-23T00:00:00,outbound,-0.88,
572,96,74,rep_9@revos.ai,swati.verma@zenithops.io,Re: Zenithops Inc — RevOS API,We need to put this on hold. There's a hiring freeze and priorities have shifted.,2026-09-26T00:00:00,outbound,-0.81,
573,96,74,swati.verma@zenithops.io,rep_9@revos.ai,Re: Zenithops Inc — RevOS API,We're evaluating Gong as well. Can you share a comparison deck?,2026-09-02T00:00:00,inbound,-0.42,
574,96,74,swati.verma@zenithops.io,rep_9@revos.ai,Re: Zenithops Inc — RevOS API,Our CTO left the company last week. New leadership wants to re-evaluate all vendor decisions.,2026-09-15T00:00:00,inbound,-0.83,
575,96,74,swati.verma@zenithops.io,rep_9@revos.ai,Re: Zenithops Inc — RevOS API,The team has concerns about integration complexity. We might need to revisit scope.,2026-09-20T00:00:00,inbound,-0.67,
576,96,74,swati.verma@zenithops.io,rep_9@revos.ai,Re: Zenithops Inc — RevOS API,We're evaluating People.ai as well. Can you share a comparison deck?,2026-10-01T00:00:00,inbound,-0.88,
577,97,58,rep_8@revos.ai,jennifer.das@ultradev.in,Re: Ultradev Inc — RevOS API,Sorry for the silence — been caught up with internal reorg. Not sure about the timeline anymore.,2026-08-25T00:00:00,outbound,-0.64,
578,97,58,rep_8@revos.ai,jennifer.das@ultradev.in,Re: Ultradev Inc — RevOS API,Our CTO left the company last week. New leadership wants to re-evaluate all vendor decisions.,2026-09-06T00:00:00,outbound,-0.83,
579,97,58,jennifer.das@ultradev.in,rep_8@revos.ai,Re: Ultradev Inc — RevOS API,Sorry for the silence — been caught up with internal reorg. Not sure about the timeline anymore.,2026-05-18T00:00:00,inbound,-0.97,Gong
580,98,4,rep_10@revos.ai,karthik.patel@betaworks.in,Re: Betaworks Inc — RevOS Pro,The team has concerns about integration complexity. We might need to revisit scope.,2026-09-03T00:00:00,outbound,-0.42,
581,98,4,karthik.patel@betaworks.in,rep_10@revos.ai,Re: Betaworks Inc — RevOS Pro,We need to put this on hold. There's a hiring freeze and priorities have shifted.,2026-09-29T00:00:00,inbound,-0.5,
582,98,4,rep_10@revos.ai,karthik.patel@betaworks.in,Re: Betaworks Inc — RevOS Pro,We need to put this on hold. There's a hiring freeze and priorities have shifted.,2026-08-30T00:00:00,outbound,-0.61,
583,99,146,rep_7@revos.ai,arjun.davis@xyphorai.io,Re: Xyphorai Inc — RevOS API,Sorry for the silence — been caught up with internal reorg. Not sure about the timeline anymore.,2026-09-26T00:00:00,outbound,-0.82,
584,99,146,arjun.davis@xyphorai.io,rep_7@revos.ai,Re: Xyphorai Inc — RevOS API,We're evaluating Gong as well. Can you share a comparison deck?,2026-09-17T00:00:00,inbound,-0.12,
585,99,146,arjun.davis@xyphorai.io,rep_7@revos.ai,Re: Xyphorai Inc — RevOS API,We're evaluating Gong as well. Can you share a comparison deck?,2026-10-01T00:00:00,inbound,-0.17,
586,99,146,arjun.davis@xyphorai.io,rep_7@revos.ai,Re: Xyphorai Inc — RevOS API,The team has concerns about integration complexity. We might need to revisit scope.,2026-09-29T00:00:00,inbound,-0.77,HubSpot AI
587,99,146,arjun.davis@xyphorai.io,rep_7@revos.ai,Re: Xyphorai Inc — RevOS API,We need to put this on hold. There's a hiring freeze and priorities have shifted.,2026-09-26T00:00:00,inbound,-0.11,
588,99,146,arjun.davis@xyphorai.io,rep_7@revos.ai,Re: Xyphorai Inc — RevOS API,We need to put this on hold. There's a hiring freeze and priorities have shifted.,2026-09-29T00:00:00,inbound,-0.14,
589,100,20,rep_9@revos.ai,lisa.kumar@hyperion.co,Re: Hyperion Inc — RevOS Analytics,We've completed internal review. Legal is looking at the contract now. Expect sign-off by August 03.,2026-07-27T00:00:00,outbound,0.29,
590,100,20,rep_9@revos.ai,lisa.kumar@hyperion.co,Re: Hyperion Inc — RevOS Analytics,Can you send over the updated pricing sheet? We need it for our internal review.,2026-08-04T00:00:00,outbound,0.47,Gong
591,100,20,rep_9@revos.ai,lisa.kumar@hyperion.co,Re: Hyperion Inc — RevOS Analytics,Quick update — we got budget approval. Let's finalize the SOW this week.,2026-07-11T00:00:00,outbound,-0.05,
592,100,20,rep_9@revos.ai,lisa.kumar@hyperion.co,Re: Hyperion Inc — RevOS Analytics,We've completed internal review. Legal is looking at the contract now. Expect sign-off by July 11.,2026-07-04T00:00:00,outbound,-0.09,
593,100,20,rep_9@revos.ai,lisa.kumar@hyperion.co,Re: Hyperion Inc — RevOS Analytics,We've completed internal review. Legal is looking at the contract now. Expect sign-off by September 20.,2026-09-13T00:00:00,outbound,-0.17,
594,100,20,lisa.kumar@hyperion.co,rep_9@revos.ai,Re: Hyperion Inc — RevOS Analytics,Thanks for the follow-up. We're still in discussion internally. Will get back to you soon.,2026-07-13T00:00:00,inbound,0.06,Salesforce Einstein
595,100,20,rep_9@revos.ai,lisa.kumar@hyperion.co,Re: Hyperion Inc — RevOS Analytics,Quick update — we got budget approval. Let's finalize the SOW this week.,2026-08-09T00:00:00,outbound,0.29,
596,100,20,rep_9@revos.ai,lisa.kumar@hyperion.co,Re: Hyperion Inc — RevOS Analytics,"Hi Rep_9, just checking in. Any updates on the custom integration we discussed?",2026-08-13T00:00:00,outbound,0.03,Salesforce Einstein
597,101,136,amanda.das@vertexsys.com,rep_6@revos.ai,Re: Vertexsys Inc — RevOS Analytics,"Hi Rep_6, we need to push the timeline. Budget freeze until next quarter. I'll keep you posted.",2026-06-26T00:00:00,inbound,-0.61,
598,101,136,amanda.das@vertexsys.com,rep_6@revos.ai,Re: Vertexsys Inc — RevOS Analytics,We need to put this on hold. There's a hiring freeze and priorities have shifted.,2026-05-31T00:00:00,inbound,-0.69,
599,101,136,amanda.das@vertexsys.com,rep_6@revos.ai,Re: Vertexsys Inc — RevOS Analytics,We need to put this on hold. There's a hiring freeze and priorities have shifted.,2026-05-17T00:00:00,inbound,-0.66,
600,102,65,rep_5@revos.ai,robert.rao@wavefront.co,Re: Wavefront Inc — RevOS Enterprise,We're evaluating People.ai as well. Can you share a comparison deck?,2026-09-01T00:00:00,outbound,-0.95,
601,102,65,robert.rao@wavefront.co,rep_5@revos.ai,Re: Wavefront Inc — RevOS Enterprise,The team has concerns about integration complexity. We might need to revisit scope.,2026-09-24T00:00:00,inbound,-0.85,
602,102,65,robert.rao@wavefront.co,rep_5@revos.ai,Re: Wavefront Inc — RevOS Enterprise,Our CTO left the company last week. New leadership wants to re-evaluate all vendor decisions.,2026-09-15T00:00:00,inbound,-0.22,
603,102,65,robert.rao@wavefront.co,rep_5@revos.ai,Re: Wavefront Inc — RevOS Enterprise,The team has concerns about integration complexity. We might need to revisit scope.,2026-08-12T00:00:00,inbound,-0.93,Gong
604,102,65,rep_5@revos.ai,robert.rao@wavefront.co,Re: Wavefront Inc — RevOS Enterprise,Sorry for the silence — been caught up with internal reorg. Not sure about the timeline anymore.,2026-08-19T00:00:00,outbound,-0.58,
605,102,65,rep_5@revos.ai,robert.rao@wavefront.co,Re: Wavefront Inc — RevOS Enterprise,Our CTO left the company last week. New leadership wants to re-evaluate all vendor decisions.,2026-09-02T00:00:00,outbound,-0.14,
606,102,65,robert.rao@wavefront.co,rep_5@revos.ai,Re: Wavefront Inc — RevOS Enterprise,Sorry for the silence — been caught up with internal reorg. Not sure about the timeline anymore.,2026-08-08T00:00:00,inbound,-0.2,Salesforce Einstein
607,103,134,rep_3@revos.ai,siddharth.nair@uplinkai.co,Re: Uplinkai Inc — RevOS Enterprise,Sorry for the silence — been caught up with internal reorg. Not sure about the timeline anymore.,2026-06-01T00:00:00,outbound,-0.39,
608,103,134,rep_3@revos.ai,siddharth.nair@uplinkai.co,Re: Uplinkai Inc — RevOS Enterprise,We need to put this on hold. There's a hiring freeze and priorities have shifted.,2026-05-06T00:00:00,outbound,-0.48,
609,103,134,rep_3@revos.ai,siddharth.nair@uplinkai.co,Re: Uplinkai Inc — RevOS Enterprise,We're evaluating People.ai as well. Can you share a comparison deck?,2026-08-28T00:00:00,outbound,-0.24,
610,103,134,rep_3@revos.ai,siddharth.nair@uplinkai.co,Re: Uplinkai Inc — RevOS Enterprise,"Hi Rep_3, we need to push the timeline. Budget freeze until next quarter. I'll keep you posted.",2026-09-22T00:00:00,outbound,-0.46,
611,104,66,rep_5@revos.ai,arjun.joshi@wavefront.co,Re: Wavefront Inc — RevOS API,"Hi Rep_5, just checking in. Any updates on the custom integration we discussed?",2026-08-15T00:00:00,outbound,0.56,
612,104,66,arjun.joshi@wavefront.co,rep_5@revos.ai,Re: Wavefront Inc — RevOS API,Can you send over the updated pricing sheet? We need it for our internal review.,2026-08-16T00:00:00,inbound,-0.17,Gong
613,104,66,rep_5@revos.ai,arjun.joshi@wavefront.co,Re: Wavefront Inc — RevOS API,We've completed internal review. Legal is looking at the contract now. Expect sign-off by June 16.,2026-06-09T00:00:00,outbound,0.14,
614,104,66,rep_5@revos.ai,arjun.joshi@wavefront.co,Re: Wavefront Inc — RevOS API,Quick update — we got budget approval. Let's finalize the SOW this week.,2026-08-03T00:00:00,outbound,-0.29,People.ai
615,104,66,rep_5@revos.ai,arjun.joshi@wavefront.co,Re: Wavefront Inc — RevOS API,Quick update — we got budget approval. Let's finalize the SOW this week.,2026-06-27T00:00:00,outbound,0.06,
616,104,66,rep_5@revos.ai,arjun.joshi@wavefront.co,Re: Wavefront Inc — RevOS API,Great demo yesterday! Our VP was impressed with the forecasting module. Let's discuss pricing for the enterprise tier.,2026-09-11T00:00:00,outbound,0.22,
617,104,66,arjun.joshi@wavefront.co,rep_5@revos.ai,Re: Wavefront Inc — RevOS API,"Hi Rep_5, thanks for the proposal. The team reviewed it and we're keen to move forward. Can we schedule a call this week to discuss next steps?",2026-08-10T00:00:00,inbound,0.05,
618,104,66,rep_5@revos.ai,arjun.joshi@wavefront.co,Re: Wavefront Inc — RevOS API,"Hi Rep_5, just checking in. Any updates on the custom integration we discussed?",2026-05-31T00:00:00,outbound,-0.28,People.ai
619,105,43,rep_8@revos.ai,arjun.patel@prismdata.com,Re: Prismdata Inc — RevOS Enterprise,"Hi Rep_8, just checking in. Any updates on the custom integration we discussed?",2026-07-05T00:00:00,outbound,0.23,
620,105,43,rep_8@revos.ai,arjun.patel@prismdata.com,Re: Prismdata Inc — RevOS Enterprise,Thanks for the follow-up. We're still in discussion internally. Will get back to you soon.,2026-07-18T00:00:00,outbound,0.57,
621,105,43,rep_8@revos.ai,arjun.patel@prismdata.com,Re: Prismdata Inc — RevOS Enterprise,The ROI numbers you shared were compelling. I've looped in our CFO for budget approval.,2026-06-07T00:00:00,outbound,-0.1,Gong
622,105,43,rep_8@revos.ai,arjun.patel@prismdata.com,Re: Prismdata Inc — RevOS Enterprise,"Hi Rep_8, just checking in. Any updates on the custom integration we discussed?",2026-08-12T00:00:00,outbound,-0.14,
623,105,43,arjun.patel@prismdata.com,rep_8@revos.ai,Re: Prismdata Inc — RevOS Enterprise,Thanks for the follow-up. We're still in discussion internally. Will get back to you soon.,2026-08-07T00:00:00,inbound,0.12,
624,105,43,rep_8@revos.ai,arjun.patel@prismdata.com,Re: Prismdata Inc — RevOS Enterprise,Can you send over the updated pricing sheet? We need it for our internal review.,2026-08-27T00:00:00,outbound,0.47,
625,105,43,rep_8@revos.ai,arjun.patel@prismdata.com,Re: Prismdata Inc — RevOS Enterprise,The ROI numbers you shared were compelling. I've looped in our CFO for budget approval.,2026-09-21T00:00:00,outbound,0.01,HubSpot AI
626,106,81,rep_10@revos.ai,amanda.smith@alphacloud.co,Re: Alphacloud Inc — RevOS Pro,The team has concerns about integration complexity. We might need to revisit scope.,2026-08-17T00:00:00,outbound,-0.21,
627,106,81,amanda.smith@alphacloud.co,rep_10@revos.ai,Re: Alphacloud Inc — RevOS Pro,We need to put this on hold. There's a hiring freeze and priorities have shifted.,2026-08-20T00:00:00,inbound,-0.77,People.ai
628,106,81,rep_10@revos.ai,amanda.smith@alphacloud.co,Re: Alphacloud Inc — RevOS Pro,"Hi Rep_10, we need to push the timeline. Budget freeze until next quarter. I'll keep you posted.",2026-09-28T00:00:00,outbound,-0.64,
629,106,81,amanda.smith@alphacloud.co,rep_10@revos.ai,Re: Alphacloud Inc — RevOS Pro,We're evaluating HubSpot AI as well. Can you share a comparison deck?,2026-09-08T00:00:00,inbound,-0.25,
630,106,81,rep_10@revos.ai,amanda.smith@alphacloud.co,Re: Alphacloud Inc — RevOS Pro,Sorry for the silence — been caught up with internal reorg. Not sure about the timeline anymore.,2026-08-18T00:00:00,outbound,-0.74,
631,106,81,rep_10@revos.ai,amanda.smith@alphacloud.co,Re: Alphacloud Inc — RevOS Pro,"Hi Rep_10, we need to push the timeline. Budget freeze until next quarter. I'll keep you posted.",2026-08-19T00:00:00,outbound,-0.53,
632,106,81,amanda.smith@alphacloud.co,rep_10@revos.ai,Re: Alphacloud Inc — RevOS Pro,We're evaluating Gong as well. Can you share a comparison deck?,2026-09-13T00:00:00,inbound,-0.96,
633,106,81,amanda.smith@alphacloud.co,rep_10@revos.ai,Re: Alphacloud Inc — RevOS Pro,We need to put this on hold. There's a hiring freeze and priorities have shifted.,2026-08-28T00:00:00,inbound,-0.57,
634,107,7,rep_1@revos.ai,ritu.smith@clearstack.io,Re: Clearstack Inc — RevOS Enterprise,We're evaluating Clari as well. Can you share a comparison deck?,2026-09-18T00:00:00,outbound,-0.86,
635,107,7,rep_1@revos.ai,ritu.smith@clearstack.io,Re: Clearstack Inc — RevOS Enterprise,"Hi Rep_1, we need to push the timeline. Budget freeze until next quarter. I'll keep you posted.",2026-09-25T00:00:00,outbound,-0.38,Gong
636,107,7,ritu.smith@clearstack.io,rep_1@revos.ai,Re: Clearstack Inc — RevOS Enterprise,The team has concerns about integration complexity. We might need to revisit scope.,2026-09-07T00:00:00,inbound,-0.73,
637,107,7,ritu.smith@clearstack.io,rep_1@revos.ai,Re: Clearstack Inc — RevOS Enterprise,We need to put this on hold. There's a hiring freeze and priorities have shifted.,2026-08-30T00:00:00,inbound,-0.36,
638,107,7,rep_1@revos.ai,ritu.smith@clearstack.io,Re: Clearstack Inc — RevOS Enterprise,We're evaluating HubSpot AI as well. Can you share a comparison deck?,2026-08-29T00:00:00,outbound,-0.23,HubSpot AI
639,107,7,ritu.smith@clearstack.io,rep_1@revos.ai,Re: Clearstack Inc — RevOS Enterprise,The team has concerns about integration complexity. We might need to revisit scope.,2026-08-23T00:00:00,inbound,-0.75,
640,107,7,rep_1@revos.ai,ritu.smith@clearstack.io,Re: Clearstack Inc — RevOS Enterprise,We're evaluating Clari as well. Can you share a comparison deck?,2026-08-27T00:00:00,outbound,-0.35,Clari
641,107,7,ritu.smith@clearstack.io,rep_1@revos.ai,Re: Clearstack Inc — RevOS Enterprise,We need to put this on hold. There's a hiring freeze and priorities have shifted.,2026-08-11T00:00:00,inbound,-0.21,Gong
642,107,7,ritu.smith@clearstack.io,rep_1@revos.ai,Re: Clearstack Inc — RevOS Enterprise,We need to put this on hold. There's a hiring freeze and priorities have shifted.,2026-09-26T00:00:00,inbound,-0.22,
643,107,7,rep_1@revos.ai,ritu.smith@clearstack.io,Re: Clearstack Inc — RevOS Enterprise,We need to put this on hold. There's a hiring freeze and priorities have shifted.,2026-09-02T00:00:00,outbound,-0.46,HubSpot AI
644,108,19,rep_8@revos.ai,vikram.miller@growthloop.io,Re: Growthloop Inc — RevOS API,Our CTO left the company last week. New leadership wants to re-evaluate all vendor decisions.,2026-09-18T00:00:00,outbound,-0.15,
645,108,19,vikram.miller@growthloop.io,rep_8@revos.ai,Re: Growthloop Inc — RevOS API,The team has concerns about integration complexity. We might need to revisit scope.,2026-05-01T00:00:00,inbound,-0.36,
646,108,19,rep_8@revos.ai,vikram.miller@growthloop.io,Re: Growthloop Inc — RevOS API,The team has concerns about integration complexity. We might need to revisit scope.,2026-05-29T00:00:00,outbound,-0.64,
647,108,19,vikram.miller@growthloop.io,rep_8@revos.ai,Re: Growthloop Inc — RevOS API,We're evaluating Clari as well. Can you share a comparison deck?,2026-06-06T00:00:00,inbound,-0.16,
648,108,19,vikram.miller@growthloop.io,rep_8@revos.ai,Re: Growthloop Inc — RevOS API,We're evaluating People.ai as well. Can you share a comparison deck?,2026-04-23T00:00:00,inbound,-0.83,
649,108,19,vikram.miller@growthloop.io,rep_8@revos.ai,Re: Growthloop Inc — RevOS API,We're evaluating Clari as well. Can you share a comparison deck?,2026-09-29T00:00:00,inbound,-0.82,
650,108,19,rep_8@revos.ai,vikram.miller@growthloop.io,Re: Growthloop Inc — RevOS API,We're evaluating Salesforce Einstein as well. Can you share a comparison deck?,2026-05-27T00:00:00,outbound,-0.41,Salesforce Einstein
651,109,60,rep_10@revos.ai,aditya.mehta@vantagepoint.io,Re: Vantagepoint Inc — RevOS Enterprise,The ROI numbers you shared were compelling. I've looped in our CFO for budget approval.,2026-09-26T00:00:00,outbound,0.15,
652,109,60,rep_10@revos.ai,aditya.mehta@vantagepoint.io,Re: Vantagepoint Inc — RevOS Enterprise,"Hi Rep_10, just checking in. Any updates on the custom integration we discussed?",2026-09-29T00:00:00,outbound,-0.27,
653,109,60,rep_10@revos.ai,aditya.mehta@vantagepoint.io,Re: Vantagepoint Inc — RevOS Enterprise,Thanks for the follow-up. We're still in discussion internally. Will get back to you soon.,2026-09-23T00:00:00,outbound,0.21,
654,109,60,rep_10@revos.ai,aditya.mehta@vantagepoint.io,Re: Vantagepoint Inc — RevOS Enterprise,"Hi Rep_10, just checking in. Any updates on the custom integration we discussed?",2026-06-20T00:00:00,outbound,-0.16,
655,109,60,rep_10@revos.ai,aditya.mehta@vantagepoint.io,Re: Vantagepoint Inc — RevOS Enterprise,Great demo yesterday! Our VP was impressed with the forecasting module. Let's discuss pricing for the enterprise tier.,2026-05-02T00:00:00,outbound,-0.24,Salesforce Einstein
656,110,77,jessica.shah@zenithops.io,rep_6@revos.ai,Re: Zenithops Inc — RevOS Analytics,Great demo yesterday! Our VP was impressed with the forecasting module. Let's discuss pricing for the enterprise tier.,2026-09-19T00:00:00,inbound,0.68,
657,110,77,jessica.shah@zenithops.io,rep_6@revos.ai,Re: Zenithops Inc — RevOS Analytics,Quick update — we got budget approval. Let's finalize the SOW this week.,2026-09-23T00:00:00,inbound,0.73,Gong
658,111,142,nikhil.kumar@windrose.in,rep_6@revos.ai,Re: Windrose Inc — RevOS Enterprise,We need to put this on hold. There's a hiring freeze and priorities have shifted.,2026-08-19T00:00:00,inbound,-0.22,
659,111,142,nikhil.kumar@windrose.in,rep_6@revos.ai,Re: Windrose Inc — RevOS Enterprise,Great demo yesterday! Our VP was impressed with the forecasting module. Let's discuss pricing for the enterprise tier.,2026-07-27T00:00:00,inbound,0.74,Gong
660,111,142,nikhil.kumar@windrose.in,rep_6@revos.ai,Re: Windrose Inc — RevOS Enterprise,Quick update — we got budget approval. Let's finalize the SOW this week.,2026-07-24T00:00:00,inbound,0.99,Gong
661,111,142,nikhil.kumar@windrose.in,rep_6@revos.ai,Re: Windrose Inc — RevOS Enterprise,We've completed internal review. Legal is looking at the contract now. Expect sign-off by July 15.,2026-07-08T00:00:00,inbound,0.59,
662,111,142,rep_6@revos.ai,nikhil.kumar@windrose.in,Re: Windrose Inc — RevOS Enterprise,"Hi Rep_6, thanks for the proposal. The team reviewed it and we're keen to move forward. Can we schedule a call this week to discuss next steps?",2026-07-22T00:00:00,outbound,0.61,
663,111,142,rep_6@revos.ai,nikhil.kumar@windrose.in,Re: Windrose Inc — RevOS Enterprise,"Hi Rep_6, thanks for the proposal. The team reviewed it and we're keen to move forward. Can we schedule a call this week to discuss next steps?",2026-09-06T00:00:00,outbound,0.42,
664,111,142,nikhil.kumar@windrose.in,rep_6@revos.ai,Re: Windrose Inc — RevOS Enterprise,We're evaluating Clari as well. Can you share a comparison deck?,2026-08-02T00:00:00,inbound,-0.18,
665,111,142,rep_6@revos.ai,nikhil.kumar@windrose.in,Re: Windrose Inc — RevOS Enterprise,"Hi Rep_6, thanks for the proposal. The team reviewed it and we're keen to move forward. Can we schedule a call this week to discuss next steps?",2026-09-16T00:00:00,outbound,0.45,
666,112,89,nikhil.verma@datavault.io,rep_6@revos.ai,Re: Datavault Inc — RevOS Enterprise,The team has concerns about integration complexity. We might need to revisit scope.,2026-05-28T00:00:00,inbound,-0.59,
667,112,89,nikhil.verma@datavault.io,rep_6@revos.ai,Re: Datavault Inc — RevOS Enterprise,We need to put this on hold. There's a hiring freeze and priorities have shifted.,2026-05-21T00:00:00,inbound,-0.85,Salesforce Einstein
668,112,89,rep_6@revos.ai,nikhil.verma@datavault.io,Re: Datavault Inc — RevOS Enterprise,The team has concerns about integration complexity. We might need to revisit scope.,2026-06-19T00:00:00,outbound,-0.95,
669,112,89,rep_6@revos.ai,nikhil.verma@datavault.io,Re: Datavault Inc — RevOS Enterprise,Our CTO left the company last week. New leadership wants to re-evaluate all vendor decisions.,2026-08-30T00:00:00,outbound,-0.58,
670,113,27,rep_9@revos.ai,karthik.singh@jetscale.in,Re: Jetscale Inc — RevOS Analytics,The team has concerns about integration complexity. We might need to revisit scope.,2026-08-19T00:00:00,outbound,-0.63,
671,113,27,karthik.singh@jetscale.in,rep_9@revos.ai,Re: Jetscale Inc — RevOS Analytics,"Hi Rep_9, we need to push the timeline. Budget freeze until next quarter. I'll keep you posted.",2026-09-20T00:00:00,inbound,-0.65,
672,113,27,rep_9@revos.ai,karthik.singh@jetscale.in,Re: Jetscale Inc — RevOS Analytics,We need to put this on hold. There's a hiring freeze and priorities have shifted.,2026-06-17T00:00:00,outbound,-0.58,Gong
673,114,17,daniel.williams@finlabs.in,rep_4@revos.ai,Re: Finlabs Inc — RevOS API,"Hi Rep_4, thanks for the proposal. The team reviewed it and we're keen to move forward. Can we schedule a call this week to discuss next steps?",2026-06-30T00:00:00,inbound,0.86,
674,114,17,rep_4@revos.ai,daniel.williams@finlabs.in,Re: Finlabs Inc — RevOS API,Quick update — we got budget approval. Let's finalize the SOW this week.,2026-09-18T00:00:00,outbound,0.5,Salesforce Einstein
675,114,17,daniel.williams@finlabs.in,rep_4@revos.ai,Re: Finlabs Inc — RevOS API,Great demo yesterday! Our VP was impressed with the forecasting module. Let's discuss pricing for the enterprise tier.,2026-08-25T00:00:00,inbound,0.62,
676,114,17,daniel.williams@finlabs.in,rep_4@revos.ai,Re: Finlabs Inc — RevOS API,"Hi Rep_4, thanks for the proposal. The team reviewed it and we're keen to move forward. Can we schedule a call this week to discuss next steps?",2026-07-01T00:00:00,inbound,0.99,Clari
677,114,17,daniel.williams@finlabs.in,rep_4@revos.ai,Re: Finlabs Inc — RevOS API,The ROI numbers you shared were compelling. I've looped in our CFO for budget approval.,2026-08-19T00:00:00,inbound,0.43,
678,114,17,daniel.williams@finlabs.in,rep_4@revos.ai,Re: Finlabs Inc — RevOS API,Quick update — we got budget approval. Let's finalize the SOW this week.,2026-06-28T00:00:00,inbound,-0.04,Salesforce Einstein
679,114,17,daniel.williams@finlabs.in,rep_4@revos.ai,Re: Finlabs Inc — RevOS API,"Hi Rep_4, thanks for the proposal. The team reviewed it and we're keen to move forward. Can we schedule a call this week to discuss next steps?",2026-09-10T00:00:00,inbound,0.71,
680,114,17,rep_4@revos.ai,daniel.williams@finlabs.in,Re: Finlabs Inc — RevOS API,"Hi Rep_4, thanks for the proposal. The team reviewed it and we're keen to move forward. Can we schedule a call this week to discuss next steps?",2026-07-24T00:00:00,outbound,0.65,Gong
681,114,17,rep_4@revos.ai,daniel.williams@finlabs.in,Re: Finlabs Inc — RevOS API,"Hi Rep_4, thanks for the proposal. The team reviewed it and we're keen to move forward. Can we schedule a call this week to discuss next steps?",2026-07-10T00:00:00,outbound,-0.1,
682,114,17,daniel.williams@finlabs.in,rep_4@revos.ai,Re: Finlabs Inc — RevOS API,Thanks for the follow-up. We're still in discussion internally. Will get back to you soon.,2026-07-12T00:00:00,inbound,-0.17,
683,115,101,rep_1@revos.ai,jessica.gupta@hexacore.io,Re: Hexacore Inc — RevOS Analytics,The team has concerns about integration complexity. We might need to revisit scope.,2026-09-13T00:00:00,outbound,-0.47,
684,115,101,rep_1@revos.ai,jessica.gupta@hexacore.io,Re: Hexacore Inc — RevOS Analytics,We're evaluating Gong as well. Can you share a comparison deck?,2026-09-11T00:00:00,outbound,-0.33,Gong
685,115,101,jessica.gupta@hexacore.io,rep_1@revos.ai,Re: Hexacore Inc — RevOS Analytics,The team has concerns about integration complexity. We might need to revisit scope.,2026-09-04T00:00:00,inbound,-0.74,
686,115,101,jessica.gupta@hexacore.io,rep_1@revos.ai,Re: Hexacore Inc — RevOS Analytics,Our CTO left the company last week. New leadership wants to re-evaluate all vendor decisions.,2026-09-27T00:00:00,inbound,-0.24,
687,115,101,rep_1@revos.ai,jessica.gupta@hexacore.io,Re: Hexacore Inc — RevOS Analytics,The team has concerns about integration complexity. We might need to revisit scope.,2026-09-08T00:00:00,outbound,-0.58,
688,115,101,rep_1@revos.ai,jessica.gupta@hexacore.io,Re: Hexacore Inc — RevOS Analytics,We need to put this on hold. There's a hiring freeze and priorities have shifted.,2026-08-01T00:00:00,outbound,-0.66,
689,115,101,jessica.gupta@hexacore.io,rep_1@revos.ai,Re: Hexacore Inc — RevOS Analytics,The team has concerns about integration complexity. We might need to revisit scope.,2026-08-23T00:00:00,inbound,-0.83,
690,115,101,rep_1@revos.ai,jessica.gupta@hexacore.io,Re: Hexacore Inc — RevOS Analytics,We need to put this on hold. There's a hiring freeze and priorities have shifted.,2026-09-01T00:00:00,outbound,-0.19,
691,116,87,rep_10@revos.ai,ritu.williams@datavault.io,Re: Datavault Inc — RevOS Starter,We're evaluating Salesforce Einstein as well. Can you share a comparison deck?,2026-07-26T00:00:00,outbound,-0.76,
692,116,87,rep_10@revos.ai,ritu.williams@datavault.io,Re: Datavault Inc — RevOS Starter,We're evaluating People.ai as well. Can you share a comparison deck?,2026-09-07T00:00:00,outbound,-0.86,
693,116,87,ritu.williams@datavault.io,rep_10@revos.ai,Re: Datavault Inc — RevOS Starter,"Hi Rep_10, we need to push the timeline. Budget freeze until next quarter. I'll keep you posted.",2026-07-25T00:00:00,inbound,-0.2,
694,116,87,ritu.williams@datavault.io,rep_10@revos.ai,Re: Datavault Inc — RevOS Starter,We're evaluating HubSpot AI as well. Can you share a comparison deck?,2026-07-16T00:00:00,inbound,-0.98,
695,116,87,ritu.williams@datavault.io,rep_10@revos.ai,Re: Datavault Inc — RevOS Starter,The team has concerns about integration complexity. We might need to revisit scope.,2026-07-26T00:00:00,inbound,-0.89,
696,117,127,pooja.johnson@signalops.in,rep_3@revos.ai,Re: Signalops Inc — RevOS Starter,Our CTO left the company last week. New leadership wants to re-evaluate all vendor decisions.,2026-09-13T00:00:00,inbound,-0.71,
697,117,127,rep_3@revos.ai,pooja.johnson@signalops.in,Re: Signalops Inc — RevOS Starter,Sorry for the silence — been caught up with internal reorg. Not sure about the timeline anymore.,2026-09-29T00:00:00,outbound,-0.78,
698,117,127,rep_3@revos.ai,pooja.johnson@signalops.in,Re: Signalops Inc — RevOS Starter,Our CTO left the company last week. New leadership wants to re-evaluate all vendor decisions.,2026-09-11T00:00:00,outbound,-0.35,
699,117,127,pooja.johnson@signalops.in,rep_3@revos.ai,Re: Signalops Inc — RevOS Starter,Sorry for the silence — been caught up with internal reorg. Not sure about the timeline anymore.,2026-09-12T00:00:00,inbound,-0.93,
700,117,127,pooja.johnson@signalops.in,rep_3@revos.ai,Re: Signalops Inc — RevOS Starter,We need to put this on hold. There's a hiring freeze and priorities have shifted.,2026-09-26T00:00:00,inbound,-0.5,
701,117,127,pooja.johnson@signalops.in,rep_3@revos.ai,Re: Signalops Inc — RevOS Starter,We need to put this on hold. There's a hiring freeze and priorities have shifted.,2026-09-10T00:00:00,inbound,-0.9,
702,117,127,pooja.johnson@signalops.in,rep_3@revos.ai,Re: Signalops Inc — RevOS Starter,The team has concerns about integration complexity. We might need to revisit scope.,2026-10-01T00:00:00,inbound,-0.48,
703,117,127,pooja.johnson@signalops.in,rep_3@revos.ai,Re: Signalops Inc — RevOS Starter,We need to put this on hold. There's a hiring freeze and priorities have shifted.,2026-09-14T00:00:00,inbound,-0.92,
704,118,73,sarah.singh@yieldmax.in,rep_3@revos.ai,Re: Yieldmax Inc — RevOS API,We've completed internal review. Legal is looking at the contract now. Expect sign-off by July 17.,2026-07-10T00:00:00,inbound,0.66,
705,118,73,rep_3@revos.ai,sarah.singh@yieldmax.in,Re: Yieldmax Inc — RevOS API,Great demo yesterday! Our VP was impressed with the forecasting module. Let's discuss pricing for the enterprise tier.,2026-07-02T00:00:00,outbound,0.91,
706,118,73,rep_3@revos.ai,sarah.singh@yieldmax.in,Re: Yieldmax Inc — RevOS API,We've completed internal review. Legal is looking at the contract now. Expect sign-off by September 01.,2026-08-25T00:00:00,outbound,0.93,Salesforce Einstein
707,119,133,rep_7@revos.ai,william.sharma@uplinkai.co,Re: Uplinkai Inc — RevOS API,Quick update — we got budget approval. Let's finalize the SOW this week.,2026-09-25T00:00:00,outbound,0.68,
708,119,133,william.sharma@uplinkai.co,rep_7@revos.ai,Re: Uplinkai Inc — RevOS API,"Hi Rep_7, thanks for the proposal. The team reviewed it and we're keen to move forward. Can we schedule a call this week to discuss next steps?",2026-09-21T00:00:00,inbound,0.33,
709,119,133,william.sharma@uplinkai.co,rep_7@revos.ai,Re: Uplinkai Inc — RevOS API,Quick update — we got budget approval. Let's finalize the SOW this week.,2026-09-23T00:00:00,inbound,0.94,
710,120,64,meera.iyer@wavefront.co,rep_4@revos.ai,Re: Wavefront Inc — RevOS Pro,Our CTO left the company last week. New leadership wants to re-evaluate all vendor decisions.,2026-09-24T00:00:00,inbound,-0.71,
711,120,64,rep_4@revos.ai,meera.iyer@wavefront.co,Re: Wavefront Inc — RevOS Pro,Sorry for the silence — been caught up with internal reorg. Not sure about the timeline anymore.,2026-09-18T00:00:00,outbound,-0.33,
712,120,64,rep_4@revos.ai,meera.iyer@wavefront.co,Re: Wavefront Inc — RevOS Pro,We're evaluating a competitor as well. Can you share a comparison deck?,2026-09-01T00:00:00,outbound,-0.8,
713,120,64,meera.iyer@wavefront.co,rep_4@revos.ai,Re: Wavefront Inc — RevOS Pro,We're evaluating HubSpot AI as well. Can you share a comparison deck?,2026-09-05T00:00:00,inbound,-0.36,
714,120,64,meera.iyer@wavefront.co,rep_4@revos.ai,Re: Wavefront Inc — RevOS Pro,We're evaluating Clari as well. Can you share a comparison deck?,2026-09-03T00:00:00,inbound,-0.84,
715,120,64,meera.iyer@wavefront.co,rep_4@revos.ai,Re: Wavefront Inc — RevOS Pro,We're evaluating People.ai as well. Can you share a comparison deck?,2026-08-29T00:00:00,inbound,-0.45,
716,120,64,rep_4@revos.ai,meera.iyer@wavefront.co,Re: Wavefront Inc — RevOS Pro,Sorry for the silence — been caught up with internal reorg. Not sure about the timeline anymore.,2026-09-01T00:00:00,outbound,-0.16,
717,120,64,meera.iyer@wavefront.co,rep_4@revos.ai,Re: Wavefront Inc — RevOS Pro,Sorry for the silence — been caught up with internal reorg. Not sure about the timeline anymore.,2026-09-30T00:00:00,inbound,-0.22,
718,120,64,rep_4@revos.ai,meera.iyer@wavefront.co,Re: Wavefront Inc — RevOS Pro,We need to put this on hold. There's a hiring freeze and priorities have shifted.,2026-09-20T00:00:00,outbound,-0.53,
719,120,64,meera.iyer@wavefront.co,rep_4@revos.ai,Re: Wavefront Inc — RevOS Pro,We need to put this on hold. There's a hiring freeze and priorities have shifted.,2026-09-26T00:00:00,inbound,-0.51,Clari
720,121,111,rep_3@revos.ai,daniel.kumar@maplesoft.co,Re: Maplesoft Inc — RevOS Pro,We need to put this on hold. There's a hiring freeze and priorities have shifted.,2026-09-24T00:00:00,outbound,-0.38,Clari
721,121,111,daniel.kumar@maplesoft.co,rep_3@revos.ai,Re: Maplesoft Inc — RevOS Pro,The team has concerns about integration complexity. We might need to revisit scope.,2026-09-11T00:00:00,inbound,-0.16,
722,121,111,rep_3@revos.ai,daniel.kumar@maplesoft.co,Re: Maplesoft Inc — RevOS Pro,Our CTO left the company last week. New leadership wants to re-evaluate all vendor decisions.,2026-09-28T00:00:00,outbound,-0.64,
723,121,111,rep_3@revos.ai,daniel.kumar@maplesoft.co,Re: Maplesoft Inc — RevOS Pro,"Hi Rep_3, we need to push the timeline. Budget freeze until next quarter. I'll keep you posted.",2026-09-11T00:00:00,outbound,-0.71,
724,121,111,rep_3@revos.ai,daniel.kumar@maplesoft.co,Re: Maplesoft Inc — RevOS Pro,Our CTO left the company last week. New leadership wants to re-evaluate all vendor decisions.,2026-09-16T00:00:00,outbound,-0.19,
725,121,111,rep_3@revos.ai,daniel.kumar@maplesoft.co,Re: Maplesoft Inc — RevOS Pro,We need to put this on hold. There's a hiring freeze and priorities have shifted.,2026-09-11T00:00:00,outbound,-0.85,
726,121,111,daniel.kumar@maplesoft.co,rep_3@revos.ai,Re: Maplesoft Inc — RevOS Pro,Our CTO left the company last week. New leadership wants to re-evaluate all vendor decisions.,2026-09-30T00:00:00,inbound,-0.31,
727,121,111,daniel.kumar@maplesoft.co,rep_3@revos.ai,Re: Maplesoft Inc — RevOS Pro,Sorry for the silence — been caught up with internal reorg. Not sure about the timeline anymore.,2026-09-12T00:00:00,inbound,-0.52,
728,122,107,manish.singh@keystone.in,rep_4@revos.ai,Re: Keystone Inc — RevOS API,We're evaluating Gong as well. Can you share a comparison deck?,2026-08-26T00:00:00,inbound,-0.24,
729,122,107,rep_4@revos.ai,manish.singh@keystone.in,Re: Keystone Inc — RevOS API,We're evaluating a competitor as well. Can you share a comparison deck?,2026-07-28T00:00:00,outbound,-0.81,
730,122,107,rep_4@revos.ai,manish.singh@keystone.in,Re: Keystone Inc — RevOS API,"Hi Rep_4, we need to push the timeline. Budget freeze until next quarter. I'll keep you posted.",2026-09-01T00:00:00,outbound,-0.54,
731,122,107,manish.singh@keystone.in,rep_4@revos.ai,Re: Keystone Inc — RevOS API,Our CTO left the company last week. New leadership wants to re-evaluate all vendor decisions.,2026-09-21T00:00:00,inbound,-0.18,
732,122,107,manish.singh@keystone.in,rep_4@revos.ai,Re: Keystone Inc — RevOS API,Sorry for the silence — been caught up with internal reorg. Not sure about the timeline anymore.,2026-08-22T00:00:00,inbound,-0.91,
733,122,107,manish.singh@keystone.in,rep_4@revos.ai,Re: Keystone Inc — RevOS API,"Hi Rep_4, we need to push the timeline. Budget freeze until next quarter. I'll keep you posted.",2026-08-10T00:00:00,inbound,-0.83,
734,122,107,manish.singh@keystone.in,rep_4@revos.ai,Re: Keystone Inc — RevOS API,We need to put this on hold. There's a hiring freeze and priorities have shifted.,2026-07-22T00:00:00,inbound,-0.45,Gong
735,122,107,manish.singh@keystone.in,rep_4@revos.ai,Re: Keystone Inc — RevOS API,We're evaluating People.ai as well. Can you share a comparison deck?,2026-09-09T00:00:00,inbound,-0.59,
736,122,107,rep_4@revos.ai,manish.singh@keystone.in,Re: Keystone Inc — RevOS API,We need to put this on hold. There's a hiring freeze and priorities have shifted.,2026-07-10T00:00:00,outbound,-0.16,
737,123,109,rep_9@revos.ai,rohan.sharma@luminance.io,Re: Luminance Inc — RevOS Analytics,Sorry for the silence — been caught up with internal reorg. Not sure about the timeline anymore.,2026-07-26T00:00:00,outbound,-0.91,Salesforce Einstein
738,123,109,rep_9@revos.ai,rohan.sharma@luminance.io,Re: Luminance Inc — RevOS Analytics,We're evaluating HubSpot AI as well. Can you share a comparison deck?,2026-09-09T00:00:00,outbound,-0.99,
739,124,34,divya.mehta@logicworks.co,rep_9@revos.ai,Re: Logicworks Inc — RevOS Pro,Great demo yesterday! Our VP was impressed with the forecasting module. Let's discuss pricing for the enterprise tier.,2026-10-01T00:00:00,inbound,-0.08,
740,124,34,divya.mehta@logicworks.co,rep_9@revos.ai,Re: Logicworks Inc — RevOS Pro,Quick update — we got budget approval. Let's finalize the SOW this week.,2026-08-05T00:00:00,inbound,0.56,Salesforce Einstein
741,124,34,divya.mehta@logicworks.co,rep_9@revos.ai,Re: Logicworks Inc — RevOS Pro,The ROI numbers you shared were compelling. I've looped in our CFO for budget approval.,2026-09-29T00:00:00,inbound,0.22,
742,124,34,rep_9@revos.ai,divya.mehta@logicworks.co,Re: Logicworks Inc — RevOS Pro,Quick update — we got budget approval. Let's finalize the SOW this week.,2026-08-27T00:00:00,outbound,-0.14,
743,124,34,rep_9@revos.ai,divya.mehta@logicworks.co,Re: Logicworks Inc — RevOS Pro,We've completed internal review. Legal is looking at the contract now. Expect sign-off by August 22.,2026-08-15T00:00:00,outbound,0.33,
744,124,34,divya.mehta@logicworks.co,rep_9@revos.ai,Re: Logicworks Inc — RevOS Pro,We've completed internal review. Legal is looking at the contract now. Expect sign-off by September 21.,2026-09-14T00:00:00,inbound,0.22,HubSpot AI
745,124,34,rep_9@revos.ai,divya.mehta@logicworks.co,Re: Logicworks Inc — RevOS Pro,Great demo yesterday! Our VP was impressed with the forecasting module. Let's discuss pricing for the enterprise tier.,2026-09-06T00:00:00,outbound,0.26,
746,124,34,rep_9@revos.ai,divya.mehta@logicworks.co,Re: Logicworks Inc — RevOS Pro,"Hi Rep_9, thanks for the proposal. The team reviewed it and we're keen to move forward. Can we schedule a call this week to discuss next steps?",2026-08-16T00:00:00,outbound,0.24,
747,124,34,rep_9@revos.ai,divya.mehta@logicworks.co,Re: Logicworks Inc — RevOS Pro,Great demo yesterday! Our VP was impressed with the forecasting module. Let's discuss pricing for the enterprise tier.,2026-07-28T00:00:00,outbound,0.5,
748,124,34,rep_9@revos.ai,divya.mehta@logicworks.co,Re: Logicworks Inc — RevOS Pro,Quick update — we got budget approval. Let's finalize the SOW this week.,2026-07-29T00:00:00,outbound,-0.17,
749,125,25,rep_2@revos.ai,arjun.davis@infoedge.com,Re: Infoedge Inc — RevOS Enterprise,The ROI numbers you shared were compelling. I've looped in our CFO for budget approval.,2026-09-07T00:00:00,outbound,0.14,
750,125,25,rep_2@revos.ai,arjun.davis@infoedge.com,Re: Infoedge Inc — RevOS Enterprise,Quick update — we got budget approval. Let's finalize the SOW this week.,2026-09-05T00:00:00,outbound,-0.07,
751,125,25,rep_2@revos.ai,arjun.davis@infoedge.com,Re: Infoedge Inc — RevOS Enterprise,Quick update — we got budget approval. Let's finalize the SOW this week.,2026-09-09T00:00:00,outbound,0.44,
752,125,25,rep_2@revos.ai,arjun.davis@infoedge.com,Re: Infoedge Inc — RevOS Enterprise,Great demo yesterday! Our VP was impressed with the forecasting module. Let's discuss pricing for the enterprise tier.,2026-09-02T00:00:00,outbound,0.5,
753,125,25,rep_2@revos.ai,arjun.davis@infoedge.com,Re: Infoedge Inc — RevOS Enterprise,Quick update — we got budget approval. Let's finalize the SOW this week.,2026-09-30T00:00:00,outbound,0.68,
754,125,25,rep_2@revos.ai,arjun.davis@infoedge.com,Re: Infoedge Inc — RevOS Enterprise,We've completed internal review. Legal is looking at the contract now. Expect sign-off by September 01.,2026-08-25T00:00:00,outbound,0.5,HubSpot AI
755,125,25,arjun.davis@infoedge.com,rep_2@revos.ai,Re: Infoedge Inc — RevOS Enterprise,The ROI numbers you shared were compelling. I've looped in our CFO for budget approval.,2026-09-08T00:00:00,inbound,0.49,
756,125,25,arjun.davis@infoedge.com,rep_2@revos.ai,Re: Infoedge Inc — RevOS Enterprise,"Hi Rep_2, just checking in. Any updates on the custom integration we discussed?",2026-08-21T00:00:00,inbound,-0.15,Clari
757,126,111,rep_8@revos.ai,daniel.kumar@maplesoft.co,Re: Maplesoft Inc — RevOS Starter,We've completed internal review. Legal is looking at the contract now. Expect sign-off by August 14.,2026-08-07T00:00:00,outbound,0.69,
758,126,111,daniel.kumar@maplesoft.co,rep_8@revos.ai,Re: Maplesoft Inc — RevOS Starter,Quick update — we got budget approval. Let's finalize the SOW this week.,2026-08-06T00:00:00,inbound,0.88,
759,126,111,daniel.kumar@maplesoft.co,rep_8@revos.ai,Re: Maplesoft Inc — RevOS Starter,Quick update — we got budget approval. Let's finalize the SOW this week.,2026-08-11T00:00:00,inbound,0.91,
760,126,111,daniel.kumar@maplesoft.co,rep_8@revos.ai,Re: Maplesoft Inc — RevOS Starter,The ROI numbers you shared were compelling. I've looped in our CFO for budget approval.,2026-08-17T00:00:00,inbound,0.51,
761,126,111,daniel.kumar@maplesoft.co,rep_8@revos.ai,Re: Maplesoft Inc — RevOS Starter,Quick update — we got budget approval. Let's finalize the SOW this week.,2026-09-09T00:00:00,inbound,0.82,HubSpot AI
762,126,111,daniel.kumar@maplesoft.co,rep_8@revos.ai,Re: Maplesoft Inc — RevOS Starter,We've completed internal review. Legal is looking at the contract now. Expect sign-off by October 05.,2026-09-28T00:00:00,inbound,0.59,
763,126,111,daniel.kumar@maplesoft.co,rep_8@revos.ai,Re: Maplesoft Inc — RevOS Starter,We've completed internal review. Legal is looking at the contract now. Expect sign-off by August 12.,2026-08-05T00:00:00,inbound,0.94,Salesforce Einstein
764,126,111,daniel.kumar@maplesoft.co,rep_8@revos.ai,Re: Maplesoft Inc — RevOS Starter,We've completed internal review. Legal is looking at the contract now. Expect sign-off by August 25.,2026-08-18T00:00:00,inbound,0.8,
765,126,111,rep_8@revos.ai,daniel.kumar@maplesoft.co,Re: Maplesoft Inc — RevOS Starter,Quick update — we got budget approval. Let's finalize the SOW this week.,2026-09-22T00:00:00,outbound,0.92,
766,127,37,anjali.davis@nexatech.io,rep_4@revos.ai,Re: Nexatech Inc — RevOS API,"Hi Rep_4, thanks for the proposal. The team reviewed it and we're keen to move forward. Can we schedule a call this week to discuss next steps?",2026-09-05T00:00:00,inbound,0.69,
767,127,37,rep_4@revos.ai,anjali.davis@nexatech.io,Re: Nexatech Inc — RevOS API,The team has concerns about integration complexity. We might need to revisit scope.,2026-09-04T00:00:00,outbound,-0.61,
768,127,37,rep_4@revos.ai,anjali.davis@nexatech.io,Re: Nexatech Inc — RevOS API,We need to put this on hold. There's a hiring freeze and priorities have shifted.,2026-09-24T00:00:00,outbound,-0.89,
769,127,37,anjali.davis@nexatech.io,rep_4@revos.ai,Re: Nexatech Inc — RevOS API,"Hi Rep_4, we need to push the timeline. Budget freeze until next quarter. I'll keep you posted.",2026-09-22T00:00:00,inbound,-0.97,
770,127,37,rep_4@revos.ai,anjali.davis@nexatech.io,Re: Nexatech Inc — RevOS API,"Hi Rep_4, we need to push the timeline. Budget freeze until next quarter. I'll keep you posted.",2026-09-05T00:00:00,outbound,-0.96,People.ai
771,127,37,rep_4@revos.ai,anjali.davis@nexatech.io,Re: Nexatech Inc — RevOS API,Quick update — we got budget approval. Let's finalize the SOW this week.,2026-09-10T00:00:00,outbound,0.96,
772,127,37,rep_4@revos.ai,anjali.davis@nexatech.io,Re: Nexatech Inc — RevOS API,The ROI numbers you shared were compelling. I've looped in our CFO for budget approval.,2026-09-09T00:00:00,outbound,0.87,
773,128,145,rep_8@revos.ai,rohan.patel@xyphorai.io,Re: Xyphorai Inc — RevOS API,We're evaluating Gong as well. Can you share a comparison deck?,2026-05-18T00:00:00,outbound,-0.89,
774,128,145,rep_8@revos.ai,rohan.patel@xyphorai.io,Re: Xyphorai Inc — RevOS API,The team has concerns about integration complexity. We might need to revisit scope.,2026-08-28T00:00:00,outbound,-0.16,
775,128,145,rohan.patel@xyphorai.io,rep_8@revos.ai,Re: Xyphorai Inc — RevOS API,Our CTO left the company last week. New leadership wants to re-evaluate all vendor decisions.,2026-06-25T00:00:00,inbound,-0.99,Clari
776,128,145,rep_8@revos.ai,rohan.patel@xyphorai.io,Re: Xyphorai Inc — RevOS API,The team has concerns about integration complexity. We might need to revisit scope.,2026-07-23T00:00:00,outbound,-0.55,
777,128,145,rep_8@revos.ai,rohan.patel@xyphorai.io,Re: Xyphorai Inc — RevOS API,The team has concerns about integration complexity. We might need to revisit scope.,2026-08-16T00:00:00,outbound,-0.38,
778,128,145,rep_8@revos.ai,rohan.patel@xyphorai.io,Re: Xyphorai Inc — RevOS API,We're evaluating People.ai as well. Can you share a comparison deck?,2026-07-05T00:00:00,outbound,-0.91,
779,129,135,swati.jones@uplinkai.co,rep_4@revos.ai,Re: Uplinkai Inc — RevOS API,"Hi Rep_4, we need to push the timeline. Budget freeze until next quarter. I'll keep you posted.",2026-09-09T00:00:00,inbound,-0.56,People.ai
780,129,135,rep_4@revos.ai,swati.jones@uplinkai.co,Re: Uplinkai Inc — RevOS API,We need to put this on hold. There's a hiring freeze and priorities have shifted.,2026-07-20T00:00:00,outbound,-0.69,People.ai
781,129,135,swati.jones@uplinkai.co,rep_4@revos.ai,Re: Uplinkai Inc — RevOS API,We need to put this on hold. There's a hiring freeze and priorities have shifted.,2026-09-30T00:00:00,inbound,-0.78,Clari
782,129,135,swati.jones@uplinkai.co,rep_4@revos.ai,Re: Uplinkai Inc — RevOS API,We need to put this on hold. There's a hiring freeze and priorities have shifted.,2026-07-26T00:00:00,inbound,-0.3,Clari
783,129,135,swati.jones@uplinkai.co,rep_4@revos.ai,Re: Uplinkai Inc — RevOS API,Sorry for the silence — been caught up with internal reorg. Not sure about the timeline anymore.,2026-09-22T00:00:00,inbound,-0.55,
784,130,80,karthik.shah@alphacloud.co,rep_9@revos.ai,Re: Alphacloud Inc — RevOS Analytics,The team has concerns about integration complexity. We might need to revisit scope.,2026-08-03T00:00:00,inbound,-0.5,
785,130,80,rep_9@revos.ai,karthik.shah@alphacloud.co,Re: Alphacloud Inc — RevOS Analytics,We're evaluating Gong as well. Can you share a comparison deck?,2026-08-10T00:00:00,outbound,-0.47,
786,130,80,rep_9@revos.ai,karthik.shah@alphacloud.co,Re: Alphacloud Inc — RevOS Analytics,We need to put this on hold. There's a hiring freeze and priorities have shifted.,2026-09-25T00:00:00,outbound,-0.23,Gong
787,130,80,rep_9@revos.ai,karthik.shah@alphacloud.co,Re: Alphacloud Inc — RevOS Analytics,The team has concerns about integration complexity. We might need to revisit scope.,2026-07-14T00:00:00,outbound,-0.45,
788,130,80,rep_9@revos.ai,karthik.shah@alphacloud.co,Re: Alphacloud Inc — RevOS Analytics,Our CTO left the company last week. New leadership wants to re-evaluate all vendor decisions.,2026-07-07T00:00:00,outbound,-0.23,Clari
789,130,80,karthik.shah@alphacloud.co,rep_9@revos.ai,Re: Alphacloud Inc — RevOS Analytics,Sorry for the silence — been caught up with internal reorg. Not sure about the timeline anymore.,2026-08-08T00:00:00,inbound,-0.59,People.ai
790,130,80,rep_9@revos.ai,karthik.shah@alphacloud.co,Re: Alphacloud Inc — RevOS Analytics,We're evaluating a competitor as well. Can you share a comparison deck?,2026-07-29T00:00:00,outbound,-0.68,
791,130,80,rep_9@revos.ai,karthik.shah@alphacloud.co,Re: Alphacloud Inc — RevOS Analytics,Our CTO left the company last week. New leadership wants to re-evaluate all vendor decisions.,2026-07-18T00:00:00,outbound,-0.34,
792,131,95,rep_3@revos.ai,priya.jones@fusionware.com,Re: Fusionware Inc — RevOS Starter,We've completed internal review. Legal is looking at the contract now. Expect sign-off by June 24.,2026-06-17T00:00:00,outbound,0.22,
793,131,95,priya.jones@fusionware.com,rep_3@revos.ai,Re: Fusionware Inc — RevOS Starter,Great demo yesterday! Our VP was impressed with the forecasting module. Let's discuss pricing for the enterprise tier.,2026-09-14T00:00:00,inbound,0.46,
794,131,95,rep_3@revos.ai,priya.jones@fusionware.com,Re: Fusionware Inc — RevOS Starter,Quick update — we got budget approval. Let's finalize the SOW this week.,2026-05-29T00:00:00,outbound,0.16,Gong
795,131,95,priya.jones@fusionware.com,rep_3@revos.ai,Re: Fusionware Inc — RevOS Starter,"Hi Rep_3, thanks for the proposal. The team reviewed it and we're keen to move forward. Can we schedule a call this week to discuss next steps?",2026-07-08T00:00:00,inbound,0.08,
796,131,95,priya.jones@fusionware.com,rep_3@revos.ai,Re: Fusionware Inc — RevOS Starter,Thanks for the follow-up. We're still in discussion internally. Will get back to you soon.,2026-06-06T00:00:00,inbound,0.08,Gong
797,131,95,priya.jones@fusionware.com,rep_3@revos.ai,Re: Fusionware Inc — RevOS Starter,Can you send over the updated pricing sheet? We need it for our internal review.,2026-09-18T00:00:00,inbound,0.02,HubSpot AI
798,132,10,robert.johnson@deltaforce.co,rep_3@revos.ai,Re: Deltaforce Inc — RevOS Analytics,We've completed internal review. Legal is looking at the contract now. Expect sign-off by September 25.,2026-09-18T00:00:00,inbound,0.88,
799,132,10,robert.johnson@deltaforce.co,rep_3@revos.ai,Re: Deltaforce Inc — RevOS Analytics,Great demo yesterday! Our VP was impressed with the forecasting module. Let's discuss pricing for the enterprise tier.,2026-09-13T00:00:00,inbound,0.39,
800,132,10,rep_3@revos.ai,robert.johnson@deltaforce.co,Re: Deltaforce Inc — RevOS Analytics,Great demo yesterday! Our VP was impressed with the forecasting module. Let's discuss pricing for the enterprise tier.,2026-09-16T00:00:00,outbound,0.95,
801,132,10,robert.johnson@deltaforce.co,rep_3@revos.ai,Re: Deltaforce Inc — RevOS Analytics,Quick update — we got budget approval. Let's finalize the SOW this week.,2026-09-26T00:00:00,inbound,0.34,
802,132,10,robert.johnson@deltaforce.co,rep_3@revos.ai,Re: Deltaforce Inc — RevOS Analytics,The ROI numbers you shared were compelling. I've looped in our CFO for budget approval.,2026-09-30T00:00:00,inbound,0.78,People.ai
803,132,10,rep_3@revos.ai,robert.johnson@deltaforce.co,Re: Deltaforce Inc — RevOS Analytics,"Hi Rep_3, thanks for the proposal. The team reviewed it and we're keen to move forward. Can we schedule a call this week to discuss next steps?",2026-09-11T00:00:00,outbound,0.81,
804,132,10,robert.johnson@deltaforce.co,rep_3@revos.ai,Re: Deltaforce Inc — RevOS Analytics,The ROI numbers you shared were compelling. I've looped in our CFO for budget approval.,2026-09-15T00:00:00,inbound,0.71,HubSpot AI
805,132,10,robert.johnson@deltaforce.co,rep_3@revos.ai,Re: Deltaforce Inc — RevOS Analytics,The ROI numbers you shared were compelling. I've looped in our CFO for budget approval.,2026-09-12T00:00:00,inbound,0.4,
806,132,10,rep_3@revos.ai,robert.johnson@deltaforce.co,Re: Deltaforce Inc — RevOS Analytics,The ROI numbers you shared were compelling. I've looped in our CFO for budget approval.,2026-09-11T00:00:00,outbound,0.48,
807,132,10,rep_3@revos.ai,robert.johnson@deltaforce.co,Re: Deltaforce Inc — RevOS Analytics,Quick update — we got budget approval. Let's finalize the SOW this week.,2026-10-01T00:00:00,outbound,0.71,
808,133,97,robert.brown@globecast.in,rep_9@revos.ai,Re: Globecast Inc — RevOS Pro,Our CTO left the company last week. New leadership wants to re-evaluate all vendor decisions.,2026-04-26T00:00:00,inbound,-0.46,
809,133,97,robert.brown@globecast.in,rep_9@revos.ai,Re: Globecast Inc — RevOS Pro,We're evaluating HubSpot AI as well. Can you share a comparison deck?,2026-06-14T00:00:00,inbound,-0.25,
810,134,51,siddharth.joshi@raptorx.io,rep_4@revos.ai,Re: Raptorx Inc — RevOS Starter,Quick update — we got budget approval. Let's finalize the SOW this week.,2026-06-24T00:00:00,inbound,0.59,
811,134,51,rep_4@revos.ai,siddharth.joshi@raptorx.io,Re: Raptorx Inc — RevOS Starter,We've completed internal review. Legal is looking at the contract now. Expect sign-off by August 16.,2026-08-09T00:00:00,outbound,0.57,
812,134,51,rep_4@revos.ai,siddharth.joshi@raptorx.io,Re: Raptorx Inc — RevOS Starter,Quick update — we got budget approval. Let's finalize the SOW this week.,2026-08-08T00:00:00,outbound,0.22,
813,134,51,rep_4@revos.ai,siddharth.joshi@raptorx.io,Re: Raptorx Inc — RevOS Starter,Quick update — we got budget approval. Let's finalize the SOW this week.,2026-08-14T00:00:00,outbound,0.54,
814,134,51,siddharth.joshi@raptorx.io,rep_4@revos.ai,Re: Raptorx Inc — RevOS Starter,Great demo yesterday! Our VP was impressed with the forecasting module. Let's discuss pricing for the enterprise tier.,2026-08-09T00:00:00,inbound,0.35,
815,134,51,siddharth.joshi@raptorx.io,rep_4@revos.ai,Re: Raptorx Inc — RevOS Starter,Quick update — we got budget approval. Let's finalize the SOW this week.,2026-08-02T00:00:00,inbound,0.43,
816,134,51,rep_4@revos.ai,siddharth.joshi@raptorx.io,Re: Raptorx Inc — RevOS Starter,We've completed internal review. Legal is looking at the contract now. Expect sign-off by September 29.,2026-09-22T00:00:00,outbound,0.83,
817,135,65,rep_5@revos.ai,robert.rao@wavefront.co,Re: Wavefront Inc — RevOS Starter,The team has concerns about integration complexity. We might need to revisit scope.,2026-10-01T00:00:00,outbound,-0.28,Clari
818,135,65,robert.rao@wavefront.co,rep_5@revos.ai,Re: Wavefront Inc — RevOS Starter,Sorry for the silence — been caught up with internal reorg. Not sure about the timeline anymore.,2026-09-17T00:00:00,inbound,-0.12,HubSpot AI
819,135,65,robert.rao@wavefront.co,rep_5@revos.ai,Re: Wavefront Inc — RevOS Starter,"Hi Rep_5, we need to push the timeline. Budget freeze until next quarter. I'll keep you posted.",2026-09-07T00:00:00,inbound,-0.81,
820,135,65,rep_5@revos.ai,robert.rao@wavefront.co,Re: Wavefront Inc — RevOS Starter,Our CTO left the company last week. New leadership wants to re-evaluate all vendor decisions.,2026-09-18T00:00:00,outbound,-0.9,Salesforce Einstein
821,135,65,rep_5@revos.ai,robert.rao@wavefront.co,Re: Wavefront Inc — RevOS Starter,"Hi Rep_5, we need to push the timeline. Budget freeze until next quarter. I'll keep you posted.",2026-09-09T00:00:00,outbound,-0.75,
822,135,65,robert.rao@wavefront.co,rep_5@revos.ai,Re: Wavefront Inc — RevOS Starter,We need to put this on hold. There's a hiring freeze and priorities have shifted.,2026-09-20T00:00:00,inbound,-0.28,
823,136,10,robert.johnson@deltaforce.co,rep_2@revos.ai,Re: Deltaforce Inc — RevOS API,Sorry for the silence — been caught up with internal reorg. Not sure about the timeline anymore.,2026-09-27T00:00:00,inbound,-0.48,
824,136,10,rep_2@revos.ai,robert.johnson@deltaforce.co,Re: Deltaforce Inc — RevOS API,Our CTO left the company last week. New leadership wants to re-evaluate all vendor decisions.,2026-09-05T00:00:00,outbound,-0.81,
825,136,10,robert.johnson@deltaforce.co,rep_2@revos.ai,Re: Deltaforce Inc — RevOS API,We need to put this on hold. There's a hiring freeze and priorities have shifted.,2026-09-12T00:00:00,inbound,-0.72,
826,136,10,robert.johnson@deltaforce.co,rep_2@revos.ai,Re: Deltaforce Inc — RevOS API,Sorry for the silence — been caught up with internal reorg. Not sure about the timeline anymore.,2026-09-17T00:00:00,inbound,-0.13,
827,137,107,rep_3@revos.ai,manish.singh@keystone.in,Re: Keystone Inc — RevOS Pro,We're evaluating Gong as well. Can you share a comparison deck?,2026-09-27T00:00:00,outbound,-0.39,Gong
828,137,107,manish.singh@keystone.in,rep_3@revos.ai,Re: Keystone Inc — RevOS Pro,Our CTO left the company last week. New leadership wants to re-evaluate all vendor decisions.,2026-09-26T00:00:00,inbound,-0.78,
829,138,109,rohan.sharma@luminance.io,rep_7@revos.ai,Re: Luminance Inc — RevOS API,Sorry for the silence — been caught up with internal reorg. Not sure about the timeline anymore.,2026-07-14T00:00:00,inbound,-0.72,
830,138,109,rep_7@revos.ai,rohan.sharma@luminance.io,Re: Luminance Inc — RevOS API,We're evaluating Clari as well. Can you share a comparison deck?,2026-07-23T00:00:00,outbound,-0.35,Clari
831,139,129,rep_6@revos.ai,ritu.brown@signalops.in,Re: Signalops Inc — RevOS Pro,Can you send over the updated pricing sheet? We need it for our internal review.,2026-09-22T00:00:00,outbound,-0.26,
832,139,129,rep_6@revos.ai,ritu.brown@signalops.in,Re: Signalops Inc — RevOS Pro,"Hi Rep_6, thanks for the proposal. The team reviewed it and we're keen to move forward. Can we schedule a call this week to discuss next steps?",2026-07-13T00:00:00,outbound,0.06,
833,140,76,daniel.miller@zenithops.io,rep_7@revos.ai,Re: Zenithops Inc — RevOS Analytics,Sorry for the silence — been caught up with internal reorg. Not sure about the timeline anymore.,2026-09-16T00:00:00,inbound,-0.87,
834,140,76,rep_7@revos.ai,daniel.miller@zenithops.io,Re: Zenithops Inc — RevOS Analytics,We need to put this on hold. There's a hiring freeze and priorities have shifted.,2026-08-11T00:00:00,outbound,-0.46,
835,140,76,rep_7@revos.ai,daniel.miller@zenithops.io,Re: Zenithops Inc — RevOS Analytics,Our CTO left the company last week. New leadership wants to re-evaluate all vendor decisions.,2026-08-10T00:00:00,outbound,-0.95,Gong
836,140,76,rep_7@revos.ai,daniel.miller@zenithops.io,Re: Zenithops Inc — RevOS Analytics,"Hi Rep_7, we need to push the timeline. Budget freeze until next quarter. I'll keep you posted.",2026-08-26T00:00:00,outbound,-0.67,
837,140,76,daniel.miller@zenithops.io,rep_7@revos.ai,Re: Zenithops Inc — RevOS Analytics,We need to put this on hold. There's a hiring freeze and priorities have shifted.,2026-09-10T00:00:00,inbound,-0.7,
838,140,76,daniel.miller@zenithops.io,rep_7@revos.ai,Re: Zenithops Inc — RevOS Analytics,Sorry for the silence — been caught up with internal reorg. Not sure about the timeline anymore.,2026-09-01T00:00:00,inbound,-0.49,
839,140,76,daniel.miller@zenithops.io,rep_7@revos.ai,Re: Zenithops Inc — RevOS Analytics,The team has concerns about integration complexity. We might need to revisit scope.,2026-07-29T00:00:00,inbound,-0.78,
840,140,76,daniel.miller@zenithops.io,rep_7@revos.ai,Re: Zenithops Inc — RevOS Analytics,We're evaluating a competitor as well. Can you share a comparison deck?,2026-10-01T00:00:00,inbound,-0.25,
841,140,76,rep_7@revos.ai,daniel.miller@zenithops.io,Re: Zenithops Inc — RevOS Analytics,We're evaluating Salesforce Einstein as well. Can you share a comparison deck?,2026-08-14T00:00:00,outbound,-0.59,
842,140,76,rep_7@revos.ai,daniel.miller@zenithops.io,Re: Zenithops Inc — RevOS Analytics,Sorry for the silence — been caught up with internal reorg. Not sure about the timeline anymore.,2026-09-22T00:00:00,outbound,-0.63,
843,141,16,rep_7@revos.ai,sneha.rao@finlabs.in,Re: Finlabs Inc — RevOS Starter,Our CTO left the company last week. New leadership wants to re-evaluate all vendor decisions.,2026-09-11T00:00:00,outbound,-0.93,
844,141,16,sneha.rao@finlabs.in,rep_7@revos.ai,Re: Finlabs Inc — RevOS Starter,We need to put this on hold. There's a hiring freeze and priorities have shifted.,2026-09-12T00:00:00,inbound,-0.63,
845,141,16,sneha.rao@finlabs.in,rep_7@revos.ai,Re: Finlabs Inc — RevOS Starter,We need to put this on hold. There's a hiring freeze and priorities have shifted.,2026-09-05T00:00:00,inbound,-0.58,
846,141,16,sneha.rao@finlabs.in,rep_7@revos.ai,Re: Finlabs Inc — RevOS Starter,Our CTO left the company last week. New leadership wants to re-evaluate all vendor decisions.,2026-09-24T00:00:00,inbound,-0.22,
847,141,16,rep_7@revos.ai,sneha.rao@finlabs.in,Re: Finlabs Inc — RevOS Starter,"Hi Rep_7, we need to push the timeline. Budget freeze until next quarter. I'll keep you posted.",2026-09-13T00:00:00,outbound,-0.12,
848,141,16,sneha.rao@finlabs.in,rep_7@revos.ai,Re: Finlabs Inc — RevOS Starter,Our CTO left the company last week. New leadership wants to re-evaluate all vendor decisions.,2026-09-05T00:00:00,inbound,-0.51,
849,141,16,rep_7@revos.ai,sneha.rao@finlabs.in,Re: Finlabs Inc — RevOS Starter,"Hi Rep_7, we need to push the timeline. Budget freeze until next quarter. I'll keep you posted.",2026-09-08T00:00:00,outbound,-0.76,
850,142,68,lisa.brown@xeronova.com,rep_7@revos.ai,Re: Xeronova Inc — RevOS API,"Hi Rep_7, we need to push the timeline. Budget freeze until next quarter. I'll keep you posted.",2026-09-27T00:00:00,inbound,-0.76,HubSpot AI
851,142,68,rep_7@revos.ai,lisa.brown@xeronova.com,Re: Xeronova Inc — RevOS API,Our CTO left the company last week. New leadership wants to re-evaluate all vendor decisions.,2026-09-17T00:00:00,outbound,-0.32,Clari
852,142,68,lisa.brown@xeronova.com,rep_7@revos.ai,Re: Xeronova Inc — RevOS API,Our CTO left the company last week. New leadership wants to re-evaluate all vendor decisions.,2026-09-20T00:00:00,inbound,-0.63,
853,142,68,rep_7@revos.ai,lisa.brown@xeronova.com,Re: Xeronova Inc — RevOS API,The team has concerns about integration complexity. We might need to revisit scope.,2026-09-26T00:00:00,outbound,-0.37,
854,142,68,lisa.brown@xeronova.com,rep_7@revos.ai,Re: Xeronova Inc — RevOS API,Our CTO left the company last week. New leadership wants to re-evaluate all vendor decisions.,2026-08-31T00:00:00,inbound,-0.52,
855,143,112,rep_9@revos.ai,jessica.mehta@maplesoft.co,Re: Maplesoft Inc — RevOS Pro,We've completed internal review. Legal is looking at the contract now. Expect sign-off by October 03.,2026-09-26T00:00:00,outbound,0.38,
856,143,112,rep_9@revos.ai,jessica.mehta@maplesoft.co,Re: Maplesoft Inc — RevOS Pro,The ROI numbers you shared were compelling. I've looped in our CFO for budget approval.,2026-10-01T00:00:00,outbound,0.4,
857,143,112,rep_9@revos.ai,jessica.mehta@maplesoft.co,Re: Maplesoft Inc — RevOS Pro,"Hi Rep_9, thanks for the proposal. The team reviewed it and we're keen to move forward. Can we schedule a call this week to discuss next steps?",2026-09-26T00:00:00,outbound,0.75,
858,143,112,jessica.mehta@maplesoft.co,rep_9@revos.ai,Re: Maplesoft Inc — RevOS Pro,The ROI numbers you shared were compelling. I've looped in our CFO for budget approval.,2026-09-27T00:00:00,inbound,0.89,
859,143,112,jessica.mehta@maplesoft.co,rep_9@revos.ai,Re: Maplesoft Inc — RevOS Pro,We've completed internal review. Legal is looking at the contract now. Expect sign-off by October 08.,2026-10-01T00:00:00,inbound,0.96,
860,143,112,jessica.mehta@maplesoft.co,rep_9@revos.ai,Re: Maplesoft Inc — RevOS Pro,The ROI numbers you shared were compelling. I've looped in our CFO for budget approval.,2026-10-01T00:00:00,inbound,0.44,
861,143,112,rep_9@revos.ai,jessica.mehta@maplesoft.co,Re: Maplesoft Inc — RevOS Pro,Great demo yesterday! Our VP was impressed with the forecasting module. Let's discuss pricing for the enterprise tier.,2026-09-29T00:00:00,outbound,0.81,HubSpot AI
862,143,112,rep_9@revos.ai,jessica.mehta@maplesoft.co,Re: Maplesoft Inc — RevOS Pro,"Hi Rep_9, thanks for the proposal. The team reviewed it and we're keen to move forward. Can we schedule a call this week to discuss next steps?",2026-09-23T00:00:00,outbound,0.88,Salesforce Einstein
863,143,112,jessica.mehta@maplesoft.co,rep_9@revos.ai,Re: Maplesoft Inc — RevOS Pro,"Hi Rep_9, thanks for the proposal. The team reviewed it and we're keen to move forward. Can we schedule a call this week to discuss next steps?",2026-09-30T00:00:00,inbound,0.74,HubSpot AI
864,143,112,jessica.mehta@maplesoft.co,rep_9@revos.ai,Re: Maplesoft Inc — RevOS Pro,The ROI numbers you shared were compelling. I've looped in our CFO for budget approval.,2026-09-24T00:00:00,inbound,0.98,HubSpot AI
865,144,29,kavita.das@kinetiq.io,rep_7@revos.ai,Re: Kinetiq Inc — RevOS Enterprise,Great demo yesterday! Our VP was impressed with the forecasting module. Let's discuss pricing for the enterprise tier.,2026-09-04T00:00:00,inbound,0.41,
866,144,29,kavita.das@kinetiq.io,rep_7@revos.ai,Re: Kinetiq Inc — RevOS Enterprise,Thanks for the follow-up. We're still in discussion internally. Will get back to you soon.,2026-08-18T00:00:00,inbound,0.48,
867,144,29,kavita.das@kinetiq.io,rep_7@revos.ai,Re: Kinetiq Inc — RevOS Enterprise,"Hi Rep_7, just checking in. Any updates on the custom integration we discussed?",2026-08-14T00:00:00,inbound,0.35,
868,144,29,kavita.das@kinetiq.io,rep_7@revos.ai,Re: Kinetiq Inc — RevOS Enterprise,Great demo yesterday! Our VP was impressed with the forecasting module. Let's discuss pricing for the enterprise tier.,2026-09-13T00:00:00,inbound,0.38,Clari
869,145,68,rep_2@revos.ai,lisa.brown@xeronova.com,Re: Xeronova Inc — RevOS Analytics,Great demo yesterday! Our VP was impressed with the forecasting module. Let's discuss pricing for the enterprise tier.,2026-08-19T00:00:00,outbound,0.49,
870,145,68,lisa.brown@xeronova.com,rep_2@revos.ai,Re: Xeronova Inc — RevOS Analytics,We need to put this on hold. There's a hiring freeze and priorities have shifted.,2026-06-15T00:00:00,inbound,-0.45,Clari
871,146,114,rep_3@revos.ai,priya.iyer@novabridge.com,Re: Novabridge Inc — RevOS API,The ROI numbers you shared were compelling. I've looped in our CFO for budget approval.,2026-07-18T00:00:00,outbound,0.32,
872,146,114,rep_3@revos.ai,priya.iyer@novabridge.com,Re: Novabridge Inc — RevOS API,The ROI numbers you shared were compelling. I've looped in our CFO for budget approval.,2026-09-09T00:00:00,outbound,0.99,
873,146,114,rep_3@revos.ai,priya.iyer@novabridge.com,Re: Novabridge Inc — RevOS API,Great demo yesterday! Our VP was impressed with the forecasting module. Let's discuss pricing for the enterprise tier.,2026-09-11T00:00:00,outbound,0.42,Gong
874,146,114,rep_3@revos.ai,priya.iyer@novabridge.com,Re: Novabridge Inc — RevOS API,Great demo yesterday! Our VP was impressed with the forecasting module. Let's discuss pricing for the enterprise tier.,2026-09-01T00:00:00,outbound,0.5,Gong
875,147,92,rep_10@revos.ai,nisha.singh@edgeflux.co,Re: Edgeflux Inc — RevOS Analytics,"Hi Rep_10, we need to push the timeline. Budget freeze until next quarter. I'll keep you posted.",2026-07-05T00:00:00,outbound,-0.52,
876,147,92,nisha.singh@edgeflux.co,rep_10@revos.ai,Re: Edgeflux Inc — RevOS Analytics,Sorry for the silence — been caught up with internal reorg. Not sure about the timeline anymore.,2026-06-17T00:00:00,inbound,-0.53,People.ai
877,147,92,nisha.singh@edgeflux.co,rep_10@revos.ai,Re: Edgeflux Inc — RevOS Analytics,Sorry for the silence — been caught up with internal reorg. Not sure about the timeline anymore.,2026-07-31T00:00:00,inbound,-0.99,
878,147,92,nisha.singh@edgeflux.co,rep_10@revos.ai,Re: Edgeflux Inc — RevOS Analytics,We're evaluating Clari as well. Can you share a comparison deck?,2026-08-09T00:00:00,inbound,-0.3,Clari
879,147,92,nisha.singh@edgeflux.co,rep_10@revos.ai,Re: Edgeflux Inc — RevOS Analytics,Sorry for the silence — been caught up with internal reorg. Not sure about the timeline anymore.,2026-07-25T00:00:00,inbound,-0.35,Salesforce Einstein
880,148,76,rep_8@revos.ai,daniel.miller@zenithops.io,Re: Zenithops Inc — RevOS Pro,"Hi Rep_8, just checking in. Any updates on the custom integration we discussed?",2026-06-20T00:00:00,outbound,-0.29,
881,148,76,daniel.miller@zenithops.io,rep_8@revos.ai,Re: Zenithops Inc — RevOS Pro,Can you send over the updated pricing sheet? We need it for our internal review.,2026-07-20T00:00:00,inbound,0.15,Clari
882,148,76,daniel.miller@zenithops.io,rep_8@revos.ai,Re: Zenithops Inc — RevOS Pro,Quick update — we got budget approval. Let's finalize the SOW this week.,2026-09-22T00:00:00,inbound,-0.11,
883,148,76,daniel.miller@zenithops.io,rep_8@revos.ai,Re: Zenithops Inc — RevOS Pro,Quick update — we got budget approval. Let's finalize the SOW this week.,2026-06-18T00:00:00,inbound,-0.15,
884,148,76,daniel.miller@zenithops.io,rep_8@revos.ai,Re: Zenithops Inc — RevOS Pro,The ROI numbers you shared were compelling. I've looped in our CFO for budget approval.,2026-05-24T00:00:00,inbound,0.21,
885,148,76,daniel.miller@zenithops.io,rep_8@revos.ai,Re: Zenithops Inc — RevOS Pro,The ROI numbers you shared were compelling. I've looped in our CFO for budget approval.,2026-08-29T00:00:00,inbound,0.15,
886,148,76,daniel.miller@zenithops.io,rep_8@revos.ai,Re: Zenithops Inc — RevOS Pro,Great demo yesterday! Our VP was impressed with the forecasting module. Let's discuss pricing for the enterprise tier.,2026-06-17T00:00:00,inbound,-0.02,
887,149,127,rep_4@revos.ai,pooja.johnson@signalops.in,Re: Signalops Inc — RevOS Enterprise,The ROI numbers you shared were compelling. I've looped in our CFO for budget approval.,2026-09-13T00:00:00,outbound,0.38,Clari
888,149,127,pooja.johnson@signalops.in,rep_4@revos.ai,Re: Signalops Inc — RevOS Enterprise,"Hi Rep_4, thanks for the proposal. The team reviewed it and we're keen to move forward. Can we schedule a call this week to discuss next steps?",2026-09-21T00:00:00,inbound,0.62,
889,149,127,pooja.johnson@signalops.in,rep_4@revos.ai,Re: Signalops Inc — RevOS Enterprise,Great demo yesterday! Our VP was impressed with the forecasting module. Let's discuss pricing for the enterprise tier.,2026-08-01T00:00:00,inbound,0.83,Gong
890,149,127,pooja.johnson@signalops.in,rep_4@revos.ai,Re: Signalops Inc — RevOS Enterprise,We've completed internal review. Legal is looking at the contract now. Expect sign-off by September 25.,2026-09-18T00:00:00,inbound,0.4,
891,149,127,pooja.johnson@signalops.in,rep_4@revos.ai,Re: Signalops Inc — RevOS Enterprise,Great demo yesterday! Our VP was impressed with the forecasting module. Let's discuss pricing for the enterprise tier.,2026-06-11T00:00:00,inbound,0.45,
892,149,127,pooja.johnson@signalops.in,rep_4@revos.ai,Re: Signalops Inc — RevOS Enterprise,"Hi Rep_4, thanks for the proposal. The team reviewed it and we're keen to move forward. Can we schedule a call this week to discuss next steps?",2026-09-14T00:00:00,inbound,0.71,
893,150,13,nikhil.shah@ecomsprint.com,rep_9@revos.ai,Re: Ecomsprint Inc — RevOS Analytics,We're evaluating Salesforce Einstein as well. Can you share a comparison deck?,2026-09-21T00:00:00,inbound,-0.39,
894,150,13,rep_9@revos.ai,nikhil.shah@ecomsprint.com,Re: Ecomsprint Inc — RevOS Analytics,Great demo yesterday! Our VP was impressed with the forecasting module. Let's discuss pricing for the enterprise tier.,2026-08-21T00:00:00,outbound,0.63,Clari
895,150,13,rep_9@revos.ai,nikhil.shah@ecomsprint.com,Re: Ecomsprint Inc — RevOS Analytics,Great demo yesterday! Our VP was impressed with the forecasting module. Let's discuss pricing for the enterprise tier.,2026-09-19T00:00:00,outbound,0.49,
896,150,13,rep_9@revos.ai,nikhil.shah@ecomsprint.com,Re: Ecomsprint Inc — RevOS Analytics,"Hi Rep_9, thanks for the proposal. The team reviewed it and we're keen to move forward. Can we schedule a call this week to discuss next steps?",2026-08-19T00:00:00,outbound,0.57,HubSpot AI
897,150,13,nikhil.shah@ecomsprint.com,rep_9@revos.ai,Re: Ecomsprint Inc — RevOS Analytics,Our CTO left the company last week. New leadership wants to re-evaluate all vendor decisions.,2026-06-19T00:00:00,inbound,-0.48,
898,150,13,rep_9@revos.ai,nikhil.shah@ecomsprint.com,Re: Ecomsprint Inc — RevOS Analytics,We need to put this on hold. There's a hiring freeze and priorities have shifted.,2026-07-05T00:00:00,outbound,-0.74,
899,150,13,rep_9@revos.ai,nikhil.shah@ecomsprint.com,Re: Ecomsprint Inc — RevOS Analytics,Quick update — we got budget approval. Let's finalize the SOW this week.,2026-09-05T00:00:00,outbound,0.77,Salesforce Einstein
900,150,13,rep_9@revos.ai,nikhil.shah@ecomsprint.com,Re: Ecomsprint Inc — RevOS Analytics,Our CTO left the company last week. New leadership wants to re-evaluate all vendor decisions.,2026-09-18T00:00:00,outbound,-0.53,
901,150,13,nikhil.shah@ecomsprint.com,rep_9@revos.ai,Re: Ecomsprint Inc — RevOS Analytics,Sorry for the silence — been caught up with internal reorg. Not sure about the timeline anymore.,2026-07-28T00:00:00,inbound,-0.26,
902,151,102,lisa.jones@innov8.co,rep_10@revos.ai,Re: Innov8 Inc — RevOS Pro,"Hi Rep_10, we need to push the timeline. Budget freeze until next quarter. I'll keep you posted.",2026-10-01T00:00:00,inbound,-0.56,
903,151,102,lisa.jones@innov8.co,rep_10@revos.ai,Re: Innov8 Inc — RevOS Pro,Sorry for the silence — been caught up with internal reorg. Not sure about the timeline anymore.,2026-10-01T00:00:00,inbound,-0.73,Clari
904,151,102,lisa.jones@innov8.co,rep_10@revos.ai,Re: Innov8 Inc — RevOS Pro,Our CTO left the company last week. New leadership wants to re-evaluate all vendor decisions.,2026-09-26T00:00:00,inbound,-0.13,
905,152,82,meera.smith@brightspark.com,rep_10@revos.ai,Re: Brightspark Inc — RevOS Analytics,Great demo yesterday! Our VP was impressed with the forecasting module. Let's discuss pricing for the enterprise tier.,2026-08-28T00:00:00,inbound,0.16,People.ai
906,152,82,meera.smith@brightspark.com,rep_10@revos.ai,Re: Brightspark Inc — RevOS Analytics,"Hi Rep_10, thanks for the proposal. The team reviewed it and we're keen to move forward. Can we schedule a call this week to discuss next steps?",2026-07-23T00:00:00,inbound,0.22,
907,152,82,rep_10@revos.ai,meera.smith@brightspark.com,Re: Brightspark Inc — RevOS Analytics,Thanks for the follow-up. We're still in discussion internally. Will get back to you soon.,2026-08-27T00:00:00,outbound,-0.17,
908,152,82,meera.smith@brightspark.com,rep_10@revos.ai,Re: Brightspark Inc — RevOS Analytics,"Hi Rep_10, thanks for the proposal. The team reviewed it and we're keen to move forward. Can we schedule a call this week to discuss next steps?",2026-08-08T00:00:00,inbound,0.37,
909,152,82,meera.smith@brightspark.com,rep_10@revos.ai,Re: Brightspark Inc — RevOS Analytics,We've completed internal review. Legal is looking at the contract now. Expect sign-off by August 12.,2026-08-05T00:00:00,inbound,-0.3,People.ai
910,153,4,karthik.patel@betaworks.in,rep_6@revos.ai,Re: Betaworks Inc — RevOS Starter,Quick update — we got budget approval. Let's finalize the SOW this week.,2026-06-08T00:00:00,inbound,0.56,
911,153,4,rep_6@revos.ai,karthik.patel@betaworks.in,Re: Betaworks Inc — RevOS Starter,"Hi Rep_6, thanks for the proposal. The team reviewed it and we're keen to move forward. Can we schedule a call this week to discuss next steps?",2026-09-11T00:00:00,outbound,0.73,Salesforce Einstein
912,153,4,karthik.patel@betaworks.in,rep_6@revos.ai,Re: Betaworks Inc — RevOS Starter,The ROI numbers you shared were compelling. I've looped in our CFO for budget approval.,2026-08-13T00:00:00,inbound,0.86,Clari
913,153,4,karthik.patel@betaworks.in,rep_6@revos.ai,Re: Betaworks Inc — RevOS Starter,Great demo yesterday! Our VP was impressed with the forecasting module. Let's discuss pricing for the enterprise tier.,2026-09-25T00:00:00,inbound,0.87,Salesforce Einstein
914,153,4,karthik.patel@betaworks.in,rep_6@revos.ai,Re: Betaworks Inc — RevOS Starter,Quick update — we got budget approval. Let's finalize the SOW this week.,2026-08-10T00:00:00,inbound,0.37,
915,154,38,rep_2@revos.ai,rohan.sharma@nexatech.io,Re: Nexatech Inc — RevOS Pro,Our CTO left the company last week. New leadership wants to re-evaluate all vendor decisions.,2026-08-29T00:00:00,outbound,-0.11,
916,154,38,rep_2@revos.ai,rohan.sharma@nexatech.io,Re: Nexatech Inc — RevOS Pro,Sorry for the silence — been caught up with internal reorg. Not sure about the timeline anymore.,2026-09-25T00:00:00,outbound,-0.78,People.ai
917,154,38,rep_2@revos.ai,rohan.sharma@nexatech.io,Re: Nexatech Inc — RevOS Pro,We're evaluating a competitor as well. Can you share a comparison deck?,2026-09-30T00:00:00,outbound,-0.78,
918,154,38,rohan.sharma@nexatech.io,rep_2@revos.ai,Re: Nexatech Inc — RevOS Pro,We're evaluating a competitor as well. Can you share a comparison deck?,2026-09-05T00:00:00,inbound,-0.14,
919,154,38,rohan.sharma@nexatech.io,rep_2@revos.ai,Re: Nexatech Inc — RevOS Pro,"Hi Rep_2, we need to push the timeline. Budget freeze until next quarter. I'll keep you posted.",2026-09-03T00:00:00,inbound,-0.71,
920,154,38,rep_2@revos.ai,rohan.sharma@nexatech.io,Re: Nexatech Inc — RevOS Pro,Our CTO left the company last week. New leadership wants to re-evaluate all vendor decisions.,2026-09-21T00:00:00,outbound,-0.87,
921,154,38,rohan.sharma@nexatech.io,rep_2@revos.ai,Re: Nexatech Inc — RevOS Pro,We're evaluating Clari as well. Can you share a comparison deck?,2026-09-17T00:00:00,inbound,-0.43,
922,154,38,rohan.sharma@nexatech.io,rep_2@revos.ai,Re: Nexatech Inc — RevOS Pro,We're evaluating People.ai as well. Can you share a comparison deck?,2026-08-29T00:00:00,inbound,-0.71,People.ai
923,155,125,ritu.smith@relaystack.com,rep_9@revos.ai,Re: Relaystack Inc — RevOS Enterprise,Quick update — we got budget approval. Let's finalize the SOW this week.,2026-09-12T00:00:00,inbound,0.73,Salesforce Einstein
924,155,125,rep_9@revos.ai,ritu.smith@relaystack.com,Re: Relaystack Inc — RevOS Enterprise,"Hi Rep_9, thanks for the proposal. The team reviewed it and we're keen to move forward. Can we schedule a call this week to discuss next steps?",2026-08-25T00:00:00,outbound,0.37,
925,155,125,ritu.smith@relaystack.com,rep_9@revos.ai,Re: Relaystack Inc — RevOS Enterprise,Our CTO left the company last week. New leadership wants to re-evaluate all vendor decisions.,2026-08-25T00:00:00,inbound,-0.18,
926,155,125,ritu.smith@relaystack.com,rep_9@revos.ai,Re: Relaystack Inc — RevOS Enterprise,The ROI numbers you shared were compelling. I've looped in our CFO for budget approval.,2026-08-10T00:00:00,inbound,0.72,
927,155,125,ritu.smith@relaystack.com,rep_9@revos.ai,Re: Relaystack Inc — RevOS Enterprise,Sorry for the silence — been caught up with internal reorg. Not sure about the timeline anymore.,2026-08-27T00:00:00,inbound,-0.87,
928,155,125,ritu.smith@relaystack.com,rep_9@revos.ai,Re: Relaystack Inc — RevOS Enterprise,We've completed internal review. Legal is looking at the contract now. Expect sign-off by October 01.,2026-09-24T00:00:00,inbound,0.93,
929,155,125,ritu.smith@relaystack.com,rep_9@revos.ai,Re: Relaystack Inc — RevOS Enterprise,Great demo yesterday! Our VP was impressed with the forecasting module. Let's discuss pricing for the enterprise tier.,2026-09-05T00:00:00,inbound,0.54,
930,155,125,rep_9@revos.ai,ritu.smith@relaystack.com,Re: Relaystack Inc — RevOS Enterprise,"Hi Rep_9, thanks for the proposal. The team reviewed it and we're keen to move forward. Can we schedule a call this week to discuss next steps?",2026-07-23T00:00:00,outbound,0.99,
931,156,32,rep_8@revos.ai,swati.kumar@logicworks.co,Re: Logicworks Inc — RevOS Starter,The ROI numbers you shared were compelling. I've looped in our CFO for budget approval.,2026-08-13T00:00:00,outbound,0.96,
932,156,32,rep_8@revos.ai,swati.kumar@logicworks.co,Re: Logicworks Inc — RevOS Starter,We've completed internal review. Legal is looking at the contract now. Expect sign-off by September 19.,2026-09-12T00:00:00,outbound,0.77,
933,156,32,swati.kumar@logicworks.co,rep_8@revos.ai,Re: Logicworks Inc — RevOS Starter,Great demo yesterday! Our VP was impressed with the forecasting module. Let's discuss pricing for the enterprise tier.,2026-06-18T00:00:00,inbound,0.45,Clari
934,156,32,swati.kumar@logicworks.co,rep_8@revos.ai,Re: Logicworks Inc — RevOS Starter,Quick update — we got budget approval. Let's finalize the SOW this week.,2026-07-26T00:00:00,inbound,0.47,Clari
935,157,38,rohan.sharma@nexatech.io,rep_6@revos.ai,Re: Nexatech Inc — RevOS Starter,Thanks for the follow-up. We're still in discussion internally. Will get back to you soon.,2026-09-06T00:00:00,inbound,-0.12,
936,157,38,rep_6@revos.ai,rohan.sharma@nexatech.io,Re: Nexatech Inc — RevOS Starter,Great demo yesterday! Our VP was impressed with the forecasting module. Let's discuss pricing for the enterprise tier.,2026-09-10T00:00:00,outbound,0.32,
937,157,38,rep_6@revos.ai,rohan.sharma@nexatech.io,Re: Nexatech Inc — RevOS Starter,The ROI numbers you shared were compelling. I've looped in our CFO for budget approval.,2026-09-23T00:00:00,outbound,0.6,
938,158,95,rep_2@revos.ai,priya.jones@fusionware.com,Re: Fusionware Inc — RevOS API,We've completed internal review. Legal is looking at the contract now. Expect sign-off by August 19.,2026-08-12T00:00:00,outbound,0.76,
939,158,95,rep_2@revos.ai,priya.jones@fusionware.com,Re: Fusionware Inc — RevOS API,We need to put this on hold. There's a hiring freeze and priorities have shifted.,2026-07-22T00:00:00,outbound,-0.73,
940,158,95,priya.jones@fusionware.com,rep_2@revos.ai,Re: Fusionware Inc — RevOS API,Great demo yesterday! Our VP was impressed with the forecasting module. Let's discuss pricing for the enterprise tier.,2026-07-07T00:00:00,inbound,0.3,
941,158,95,priya.jones@fusionware.com,rep_2@revos.ai,Re: Fusionware Inc — RevOS API,Great demo yesterday! Our VP was impressed with the forecasting module. Let's discuss pricing for the enterprise tier.,2026-09-22T00:00:00,inbound,0.48,
942,158,95,rep_2@revos.ai,priya.jones@fusionware.com,Re: Fusionware Inc — RevOS API,The ROI numbers you shared were compelling. I've looped in our CFO for budget approval.,2026-08-17T00:00:00,outbound,0.67,Clari
943,158,95,priya.jones@fusionware.com,rep_2@revos.ai,Re: Fusionware Inc — RevOS API,Sorry for the silence — been caught up with internal reorg. Not sure about the timeline anymore.,2026-08-13T00:00:00,inbound,-0.4,
944,159,113,rep_6@revos.ai,meera.reddy@novabridge.com,Re: Novabridge Inc — RevOS Starter,Quick update — we got budget approval. Let's finalize the SOW this week.,2026-08-27T00:00:00,outbound,0.57,
945,159,113,rep_6@revos.ai,meera.reddy@novabridge.com,Re: Novabridge Inc — RevOS Starter,The ROI numbers you shared were compelling. I've looped in our CFO for budget approval.,2026-08-26T00:00:00,outbound,0.97,
946,159,113,rep_6@revos.ai,meera.reddy@novabridge.com,Re: Novabridge Inc — RevOS Starter,Quick update — we got budget approval. Let's finalize the SOW this week.,2026-07-24T00:00:00,outbound,0.92,
947,159,113,rep_6@revos.ai,meera.reddy@novabridge.com,Re: Novabridge Inc — RevOS Starter,We've completed internal review. Legal is looking at the contract now. Expect sign-off by September 05.,2026-08-29T00:00:00,outbound,0.85,HubSpot AI
948,160,127,pooja.johnson@signalops.in,rep_8@revos.ai,Re: Signalops Inc — RevOS Starter,Thanks for the follow-up. We're still in discussion internally. Will get back to you soon.,2026-09-21T00:00:00,inbound,0.22,
949,160,127,pooja.johnson@signalops.in,rep_8@revos.ai,Re: Signalops Inc — RevOS Starter,"Hi Rep_8, just checking in. Any updates on the custom integration we discussed?",2026-08-27T00:00:00,inbound,-0.27,
950,160,127,rep_8@revos.ai,pooja.johnson@signalops.in,Re: Signalops Inc — RevOS Starter,Quick update — we got budget approval. Let's finalize the SOW this week.,2026-06-20T00:00:00,outbound,0.59,
951,160,127,pooja.johnson@signalops.in,rep_8@revos.ai,Re: Signalops Inc — RevOS Starter,Great demo yesterday! Our VP was impressed with the forecasting module. Let's discuss pricing for the enterprise tier.,2026-06-23T00:00:00,inbound,0.43,
952,160,127,rep_8@revos.ai,pooja.johnson@signalops.in,Re: Signalops Inc — RevOS Starter,The ROI numbers you shared were compelling. I've looped in our CFO for budget approval.,2026-07-16T00:00:00,outbound,0.19,
953,160,127,pooja.johnson@signalops.in,rep_8@revos.ai,Re: Signalops Inc — RevOS Starter,We've completed internal review. Legal is looking at the contract now. Expect sign-off by June 28.,2026-06-21T00:00:00,inbound,0.41,
954,160,127,rep_8@revos.ai,pooja.johnson@signalops.in,Re: Signalops Inc — RevOS Starter,We've completed internal review. Legal is looking at the contract now. Expect sign-off by July 16.,2026-07-09T00:00:00,outbound,-0.07,
955,160,127,rep_8@revos.ai,pooja.johnson@signalops.in,Re: Signalops Inc — RevOS Starter,Great demo yesterday! Our VP was impressed with the forecasting module. Let's discuss pricing for the enterprise tier.,2026-06-09T00:00:00,outbound,0.42,
956,160,127,pooja.johnson@signalops.in,rep_8@revos.ai,Re: Signalops Inc — RevOS Starter,Can you send over the updated pricing sheet? We need it for our internal review.,2026-08-28T00:00:00,inbound,0.3,
957,161,94,robert.nair@fusionware.com,rep_8@revos.ai,Re: Fusionware Inc — RevOS Pro,Great demo yesterday! Our VP was impressed with the forecasting module. Let's discuss pricing for the enterprise tier.,2026-09-11T00:00:00,inbound,0.3,
958,161,94,rep_8@revos.ai,robert.nair@fusionware.com,Re: Fusionware Inc — RevOS Pro,Quick update — we got budget approval. Let's finalize the SOW this week.,2026-08-02T00:00:00,outbound,0.85,
959,161,94,robert.nair@fusionware.com,rep_8@revos.ai,Re: Fusionware Inc — RevOS Pro,Quick update — we got budget approval. Let's finalize the SOW this week.,2026-09-06T00:00:00,inbound,0.49,
960,161,94,robert.nair@fusionware.com,rep_8@revos.ai,Re: Fusionware Inc — RevOS Pro,"Hi Rep_8, thanks for the proposal. The team reviewed it and we're keen to move forward. Can we schedule a call this week to discuss next steps?",2026-08-26T00:00:00,inbound,0.54,Salesforce Einstein
961,161,94,robert.nair@fusionware.com,rep_8@revos.ai,Re: Fusionware Inc — RevOS Pro,We've completed internal review. Legal is looking at the contract now. Expect sign-off by July 23.,2026-07-16T00:00:00,inbound,0.52,
962,162,105,david.rao@junctionai.com,rep_1@revos.ai,Re: Junctionai Inc — RevOS API,"Hi Rep_1, we need to push the timeline. Budget freeze until next quarter. I'll keep you posted.",2026-06-10T00:00:00,inbound,-0.89,
963,162,105,rep_1@revos.ai,david.rao@junctionai.com,Re: Junctionai Inc — RevOS API,We're evaluating Clari as well. Can you share a comparison deck?,2026-08-07T00:00:00,outbound,-0.55,Clari
964,162,105,rep_1@revos.ai,david.rao@junctionai.com,Re: Junctionai Inc — RevOS API,"Hi Rep_1, we need to push the timeline. Budget freeze until next quarter. I'll keep you posted.",2026-09-26T00:00:00,outbound,-0.82,Clari
965,162,105,david.rao@junctionai.com,rep_1@revos.ai,Re: Junctionai Inc — RevOS API,Sorry for the silence — been caught up with internal reorg. Not sure about the timeline anymore.,2026-07-10T00:00:00,inbound,-0.5,
966,162,105,david.rao@junctionai.com,rep_1@revos.ai,Re: Junctionai Inc — RevOS API,The team has concerns about integration complexity. We might need to revisit scope.,2026-06-01T00:00:00,inbound,-0.97,Clari
967,162,105,rep_1@revos.ai,david.rao@junctionai.com,Re: Junctionai Inc — RevOS API,We're evaluating Clari as well. Can you share a comparison deck?,2026-08-04T00:00:00,outbound,-0.9,
968,163,53,rep_6@revos.ai,priya.joshi@stratosai.co,Re: Stratosai Inc — RevOS API,"Hi Rep_6, thanks for the proposal. The team reviewed it and we're keen to move forward. Can we schedule a call this week to discuss next steps?",2026-09-28T00:00:00,outbound,0.85,
969,163,53,rep_6@revos.ai,priya.joshi@stratosai.co,Re: Stratosai Inc — RevOS API,We've completed internal review. Legal is looking at the contract now. Expect sign-off by June 03.,2026-05-27T00:00:00,outbound,0.32,
970,163,53,rep_6@revos.ai,priya.joshi@stratosai.co,Re: Stratosai Inc — RevOS API,We've completed internal review. Legal is looking at the contract now. Expect sign-off by May 21.,2026-05-14T00:00:00,outbound,0.89,
971,164,38,rep_5@revos.ai,rohan.sharma@nexatech.io,Re: Nexatech Inc — RevOS Analytics,We need to put this on hold. There's a hiring freeze and priorities have shifted.,2026-07-01T00:00:00,outbound,-0.89,Clari
972,164,38,rep_5@revos.ai,rohan.sharma@nexatech.io,Re: Nexatech Inc — RevOS Analytics,The team has concerns about integration complexity. We might need to revisit scope.,2026-07-29T00:00:00,outbound,-0.52,
973,164,38,rep_5@revos.ai,rohan.sharma@nexatech.io,Re: Nexatech Inc — RevOS Analytics,Our CTO left the company last week. New leadership wants to re-evaluate all vendor decisions.,2026-04-13T00:00:00,outbound,-0.52,
974,164,38,rohan.sharma@nexatech.io,rep_5@revos.ai,Re: Nexatech Inc — RevOS Analytics,We're evaluating Salesforce Einstein as well. Can you share a comparison deck?,2026-07-30T00:00:00,inbound,-0.3,
975,164,38,rohan.sharma@nexatech.io,rep_5@revos.ai,Re: Nexatech Inc — RevOS Analytics,"Hi Rep_5, we need to push the timeline. Budget freeze until next quarter. I'll keep you posted.",2026-04-22T00:00:00,inbound,-0.15,Salesforce Einstein
976,164,38,rohan.sharma@nexatech.io,rep_5@revos.ai,Re: Nexatech Inc — RevOS Analytics,Sorry for the silence — been caught up with internal reorg. Not sure about the timeline anymore.,2026-04-15T00:00:00,inbound,-0.12,HubSpot AI
977,164,38,rep_5@revos.ai,rohan.sharma@nexatech.io,Re: Nexatech Inc — RevOS Analytics,Sorry for the silence — been caught up with internal reorg. Not sure about the timeline anymore.,2026-05-29T00:00:00,outbound,-0.56,People.ai
978,164,38,rep_5@revos.ai,rohan.sharma@nexatech.io,Re: Nexatech Inc — RevOS Analytics,We're evaluating People.ai as well. Can you share a comparison deck?,2026-05-28T00:00:00,outbound,-0.96,
979,164,38,rohan.sharma@nexatech.io,rep_5@revos.ai,Re: Nexatech Inc — RevOS Analytics,We're evaluating Clari as well. Can you share a comparison deck?,2026-08-29T00:00:00,inbound,-0.28,
980,164,38,rep_5@revos.ai,rohan.sharma@nexatech.io,Re: Nexatech Inc — RevOS Analytics,Sorry for the silence — been caught up with internal reorg. Not sure about the timeline anymore.,2026-09-27T00:00:00,outbound,-0.22,
981,165,20,rep_3@revos.ai,lisa.kumar@hyperion.co,Re: Hyperion Inc — RevOS Analytics,The team has concerns about integration complexity. We might need to revisit scope.,2026-06-07T00:00:00,outbound,-0.83,
982,165,20,lisa.kumar@hyperion.co,rep_3@revos.ai,Re: Hyperion Inc — RevOS Analytics,We're evaluating Salesforce Einstein as well. Can you share a comparison deck?,2026-05-29T00:00:00,inbound,-0.85,
983,166,37,rep_5@revos.ai,anjali.davis@nexatech.io,Re: Nexatech Inc — RevOS Enterprise,The ROI numbers you shared were compelling. I've looped in our CFO for budget approval.,2026-05-18T00:00:00,outbound,0.2,
984,166,37,rep_5@revos.ai,anjali.davis@nexatech.io,Re: Nexatech Inc — RevOS Enterprise,Quick update — we got budget approval. Let's finalize the SOW this week.,2026-07-14T00:00:00,outbound,-0.28,
985,166,37,rep_5@revos.ai,anjali.davis@nexatech.io,Re: Nexatech Inc — RevOS Enterprise,The ROI numbers you shared were compelling. I've looped in our CFO for budget approval.,2026-08-30T00:00:00,outbound,0.26,Clari
986,166,37,anjali.davis@nexatech.io,rep_5@revos.ai,Re: Nexatech Inc — RevOS Enterprise,We've completed internal review. Legal is looking at the contract now. Expect sign-off by August 17.,2026-08-10T00:00:00,inbound,-0.25,Clari
987,166,37,rep_5@revos.ai,anjali.davis@nexatech.io,Re: Nexatech Inc — RevOS Enterprise,The ROI numbers you shared were compelling. I've looped in our CFO for budget approval.,2026-08-21T00:00:00,outbound,-0.23,
988,166,37,anjali.davis@nexatech.io,rep_5@revos.ai,Re: Nexatech Inc — RevOS Enterprise,We've completed internal review. Legal is looking at the contract now. Expect sign-off by May 18.,2026-05-11T00:00:00,inbound,-0.26,
989,166,37,rep_5@revos.ai,anjali.davis@nexatech.io,Re: Nexatech Inc — RevOS Enterprise,Great demo yesterday! Our VP was impressed with the forecasting module. Let's discuss pricing for the enterprise tier.,2026-09-19T00:00:00,outbound,0.46,
990,166,37,anjali.davis@nexatech.io,rep_5@revos.ai,Re: Nexatech Inc — RevOS Enterprise,Thanks for the follow-up. We're still in discussion internally. Will get back to you soon.,2026-06-06T00:00:00,inbound,-0.04,
991,167,96,michael.iyer@globecast.in,rep_4@revos.ai,Re: Globecast Inc — RevOS Starter,"Hi Rep_4, we need to push the timeline. Budget freeze until next quarter. I'll keep you posted.",2026-06-17T00:00:00,inbound,-0.73,Clari
992,167,96,michael.iyer@globecast.in,rep_4@revos.ai,Re: Globecast Inc — RevOS Starter,The team has concerns about integration complexity. We might need to revisit scope.,2026-08-02T00:00:00,inbound,-0.23,Clari
993,167,96,rep_4@revos.ai,michael.iyer@globecast.in,Re: Globecast Inc — RevOS Starter,Sorry for the silence — been caught up with internal reorg. Not sure about the timeline anymore.,2026-06-21T00:00:00,outbound,-0.57,
994,167,96,rep_4@revos.ai,michael.iyer@globecast.in,Re: Globecast Inc — RevOS Starter,The team has concerns about integration complexity. We might need to revisit scope.,2026-09-20T00:00:00,outbound,-0.64,
995,167,96,michael.iyer@globecast.in,rep_4@revos.ai,Re: Globecast Inc — RevOS Starter,We need to put this on hold. There's a hiring freeze and priorities have shifted.,2026-09-18T00:00:00,inbound,-0.22,
996,167,96,michael.iyer@globecast.in,rep_4@revos.ai,Re: Globecast Inc — RevOS Starter,Our CTO left the company last week. New leadership wants to re-evaluate all vendor decisions.,2026-07-21T00:00:00,inbound,-0.92,People.ai
997,167,96,michael.iyer@globecast.in,rep_4@revos.ai,Re: Globecast Inc — RevOS Starter,Sorry for the silence — been caught up with internal reorg. Not sure about the timeline anymore.,2026-06-11T00:00:00,inbound,-0.62,
998,167,96,rep_4@revos.ai,michael.iyer@globecast.in,Re: Globecast Inc — RevOS Starter,Our CTO left the company last week. New leadership wants to re-evaluate all vendor decisions.,2026-06-28T00:00:00,outbound,-0.29,
999,167,96,rep_4@revos.ai,michael.iyer@globecast.in,Re: Globecast Inc — RevOS Starter,We're evaluating Salesforce Einstein as well. Can you share a comparison deck?,2026-06-24T00:00:00,outbound,-0.5,
1000,167,96,michael.iyer@globecast.in,rep_4@revos.ai,Re: Globecast Inc — RevOS Starter,Our CTO left the company last week. New leadership wants to re-evaluate all vendor decisions.,2026-09-14T00:00:00,inbound,-0.31,
1001,168,143,nikhil.verma@windrose.in,rep_2@revos.ai,Re: Windrose Inc — RevOS Analytics,We're evaluating Gong as well. Can you share a comparison deck?,2026-07-21T00:00:00,inbound,-0.47,
1002,168,143,nikhil.verma@windrose.in,rep_2@revos.ai,Re: Windrose Inc — RevOS Analytics,The team has concerns about integration complexity. We might need to revisit scope.,2026-09-02T00:00:00,inbound,-0.77,
1003,168,143,rep_2@revos.ai,nikhil.verma@windrose.in,Re: Windrose Inc — RevOS Analytics,We're evaluating Gong as well. Can you share a comparison deck?,2026-05-09T00:00:00,outbound,-0.34,Gong
1004,168,143,rep_2@revos.ai,nikhil.verma@windrose.in,Re: Windrose Inc — RevOS Analytics,We need to put this on hold. There's a hiring freeze and priorities have shifted.,2026-07-12T00:00:00,outbound,-0.24,
1005,168,143,rep_2@revos.ai,nikhil.verma@windrose.in,Re: Windrose Inc — RevOS Analytics,Sorry for the silence — been caught up with internal reorg. Not sure about the timeline anymore.,2026-07-08T00:00:00,outbound,-0.87,
1006,168,143,nikhil.verma@windrose.in,rep_2@revos.ai,Re: Windrose Inc — RevOS Analytics,Sorry for the silence — been caught up with internal reorg. Not sure about the timeline anymore.,2026-08-19T00:00:00,inbound,-0.82,
1007,168,143,nikhil.verma@windrose.in,rep_2@revos.ai,Re: Windrose Inc — RevOS Analytics,Sorry for the silence — been caught up with internal reorg. Not sure about the timeline anymore.,2026-08-24T00:00:00,inbound,-0.28,
1008,168,143,nikhil.verma@windrose.in,rep_2@revos.ai,Re: Windrose Inc — RevOS Analytics,We need to put this on hold. There's a hiring freeze and priorities have shifted.,2026-08-29T00:00:00,inbound,-0.35,Salesforce Einstein
1009,168,143,rep_2@revos.ai,nikhil.verma@windrose.in,Re: Windrose Inc — RevOS Analytics,We're evaluating People.ai as well. Can you share a comparison deck?,2026-08-30T00:00:00,outbound,-0.52,
1010,169,51,siddharth.joshi@raptorx.io,rep_8@revos.ai,Re: Raptorx Inc — RevOS Pro,We've completed internal review. Legal is looking at the contract now. Expect sign-off by August 11.,2026-08-04T00:00:00,inbound,0.79,
1011,169,51,siddharth.joshi@raptorx.io,rep_8@revos.ai,Re: Raptorx Inc — RevOS Pro,We've completed internal review. Legal is looking at the contract now. Expect sign-off by September 03.,2026-08-27T00:00:00,inbound,0.48,
1012,169,51,siddharth.joshi@raptorx.io,rep_8@revos.ai,Re: Raptorx Inc — RevOS Pro,Quick update — we got budget approval. Let's finalize the SOW this week.,2026-09-01T00:00:00,inbound,0.88,
1013,169,51,rep_8@revos.ai,siddharth.joshi@raptorx.io,Re: Raptorx Inc — RevOS Pro,"Hi Rep_8, thanks for the proposal. The team reviewed it and we're keen to move forward. Can we schedule a call this week to discuss next steps?",2026-09-12T00:00:00,outbound,0.61,
1014,169,51,siddharth.joshi@raptorx.io,rep_8@revos.ai,Re: Raptorx Inc — RevOS Pro,"Hi Rep_8, thanks for the proposal. The team reviewed it and we're keen to move forward. Can we schedule a call this week to discuss next steps?",2026-07-12T00:00:00,inbound,0.55,Salesforce Einstein
1015,169,51,rep_8@revos.ai,siddharth.joshi@raptorx.io,Re: Raptorx Inc — RevOS Pro,We've completed internal review. Legal is looking at the contract now. Expect sign-off by September 07.,2026-08-31T00:00:00,outbound,0.24,Salesforce Einstein
1016,169,51,rep_8@revos.ai,siddharth.joshi@raptorx.io,Re: Raptorx Inc — RevOS Pro,"Hi Rep_8, thanks for the proposal. The team reviewed it and we're keen to move forward. Can we schedule a call this week to discuss next steps?",2026-09-08T00:00:00,outbound,0.86,
1017,169,51,rep_8@revos.ai,siddharth.joshi@raptorx.io,Re: Raptorx Inc — RevOS Pro,Thanks for the follow-up. We're still in discussion internally. Will get back to you soon.,2026-10-01T00:00:00,outbound,-0.25,
1018,169,51,siddharth.joshi@raptorx.io,rep_8@revos.ai,Re: Raptorx Inc — RevOS Pro,"Hi Rep_8, thanks for the proposal. The team reviewed it and we're keen to move forward. Can we schedule a call this week to discuss next steps?",2026-08-23T00:00:00,inbound,0.78,
1019,170,75,divya.sharma@zenithops.io,rep_6@revos.ai,Re: Zenithops Inc — RevOS Enterprise,"Hi Rep_6, thanks for the proposal. The team reviewed it and we're keen to move forward. Can we schedule a call this week to discuss next steps?",2026-09-28T00:00:00,inbound,0.97,
1020,170,75,rep_6@revos.ai,divya.sharma@zenithops.io,Re: Zenithops Inc — RevOS Enterprise,The team has concerns about integration complexity. We might need to revisit scope.,2026-09-25T00:00:00,outbound,-0.83,
1021,170,75,rep_6@revos.ai,divya.sharma@zenithops.io,Re: Zenithops Inc — RevOS Enterprise,The ROI numbers you shared were compelling. I've looped in our CFO for budget approval.,2026-09-09T00:00:00,outbound,0.65,
1022,170,75,rep_6@revos.ai,divya.sharma@zenithops.io,Re: Zenithops Inc — RevOS Enterprise,The ROI numbers you shared were compelling. I've looped in our CFO for budget approval.,2026-10-01T00:00:00,outbound,0.9,
1023,171,62,rep_8@revos.ai,aditya.das@vantagepoint.io,Re: Vantagepoint Inc — RevOS Starter,We're evaluating Gong as well. Can you share a comparison deck?,2026-09-18T00:00:00,outbound,-0.57,
1024,171,62,rep_8@revos.ai,aditya.das@vantagepoint.io,Re: Vantagepoint Inc — RevOS Starter,We're evaluating a competitor as well. Can you share a comparison deck?,2026-09-15T00:00:00,outbound,-0.84,
1025,172,127,pooja.johnson@signalops.in,rep_2@revos.ai,Re: Signalops Inc — RevOS Enterprise,"Hi Rep_2, thanks for the proposal. The team reviewed it and we're keen to move forward. Can we schedule a call this week to discuss next steps?",2026-07-29T00:00:00,inbound,0.37,Salesforce Einstein
1026,172,127,rep_2@revos.ai,pooja.johnson@signalops.in,Re: Signalops Inc — RevOS Enterprise,The ROI numbers you shared were compelling. I've looped in our CFO for budget approval.,2026-09-04T00:00:00,outbound,0.6,
1027,172,127,rep_2@revos.ai,pooja.johnson@signalops.in,Re: Signalops Inc — RevOS Enterprise,The ROI numbers you shared were compelling. I've looped in our CFO for budget approval.,2026-07-22T00:00:00,outbound,0.42,
1028,172,127,rep_2@revos.ai,pooja.johnson@signalops.in,Re: Signalops Inc — RevOS Enterprise,We've completed internal review. Legal is looking at the contract now. Expect sign-off by August 03.,2026-07-27T00:00:00,outbound,0.49,
1029,173,11,lisa.patel@deltaforce.co,rep_8@revos.ai,Re: Deltaforce Inc — RevOS Starter,"Hi Rep_8, thanks for the proposal. The team reviewed it and we're keen to move forward. Can we schedule a call this week to discuss next steps?",2026-08-23T00:00:00,inbound,0.88,
1030,173,11,lisa.patel@deltaforce.co,rep_8@revos.ai,Re: Deltaforce Inc — RevOS Starter,Thanks for the follow-up. We're still in discussion internally. Will get back to you soon.,2026-07-26T00:00:00,inbound,-0.13,
1031,173,11,lisa.patel@deltaforce.co,rep_8@revos.ai,Re: Deltaforce Inc — RevOS Starter,Great demo yesterday! Our VP was impressed with the forecasting module. Let's discuss pricing for the enterprise tier.,2026-09-15T00:00:00,inbound,-0.13,
1032,173,11,lisa.patel@deltaforce.co,rep_8@revos.ai,Re: Deltaforce Inc — RevOS Starter,"Hi Rep_8, thanks for the proposal. The team reviewed it and we're keen to move forward. Can we schedule a call this week to discuss next steps?",2026-09-26T00:00:00,inbound,0.91,
1033,173,11,lisa.patel@deltaforce.co,rep_8@revos.ai,Re: Deltaforce Inc — RevOS Starter,Great demo yesterday! Our VP was impressed with the forecasting module. Let's discuss pricing for the enterprise tier.,2026-07-27T00:00:00,inbound,0.61,
1034,173,11,lisa.patel@deltaforce.co,rep_8@revos.ai,Re: Deltaforce Inc — RevOS Starter,Great demo yesterday! Our VP was impressed with the forecasting module. Let's discuss pricing for the enterprise tier.,2026-09-06T00:00:00,inbound,0.45,
1035,173,11,lisa.patel@deltaforce.co,rep_8@revos.ai,Re: Deltaforce Inc — RevOS Starter,The ROI numbers you shared were compelling. I've looped in our CFO for budget approval.,2026-09-21T00:00:00,inbound,0.22,
1036,173,11,lisa.patel@deltaforce.co,rep_8@revos.ai,Re: Deltaforce Inc — RevOS Starter,The ROI numbers you shared were compelling. I've looped in our CFO for budget approval.,2026-09-19T00:00:00,inbound,0.6,HubSpot AI
1037,173,11,lisa.patel@deltaforce.co,rep_8@revos.ai,Re: Deltaforce Inc — RevOS Starter,The ROI numbers you shared were compelling. I've looped in our CFO for budget approval.,2026-07-25T00:00:00,inbound,0.83,
1038,173,11,lisa.patel@deltaforce.co,rep_8@revos.ai,Re: Deltaforce Inc — RevOS Starter,We've completed internal review. Legal is looking at the contract now. Expect sign-off by August 08.,2026-08-01T00:00:00,inbound,-0.2,
1039,174,84,rep_4@revos.ai,chris.shah@corelogic.in,Re: Corelogic Inc — RevOS Pro,We're evaluating a competitor as well. Can you share a comparison deck?,2026-07-13T00:00:00,outbound,-0.11,
1040,174,84,chris.shah@corelogic.in,rep_4@revos.ai,Re: Corelogic Inc — RevOS Pro,"Hi Rep_4, we need to push the timeline. Budget freeze until next quarter. I'll keep you posted.",2026-08-29T00:00:00,inbound,-0.86,
1041,174,84,chris.shah@corelogic.in,rep_4@revos.ai,Re: Corelogic Inc — RevOS Pro,We need to put this on hold. There's a hiring freeze and priorities have shifted.,2026-08-15T00:00:00,inbound,-0.96,
1042,174,84,rep_4@revos.ai,chris.shah@corelogic.in,Re: Corelogic Inc — RevOS Pro,We're evaluating Clari as well. Can you share a comparison deck?,2026-09-07T00:00:00,outbound,-0.25,
1043,174,84,rep_4@revos.ai,chris.shah@corelogic.in,Re: Corelogic Inc — RevOS Pro,The team has concerns about integration complexity. We might need to revisit scope.,2026-08-23T00:00:00,outbound,-0.26,
1044,175,18,rep_3@revos.ai,sneha.williams@growthloop.io,Re: Growthloop Inc — RevOS Starter,We're evaluating People.ai as well. Can you share a comparison deck?,2026-07-29T00:00:00,outbound,-0.47,People.ai
1045,175,18,rep_3@revos.ai,sneha.williams@growthloop.io,Re: Growthloop Inc — RevOS Starter,Sorry for the silence — been caught up with internal reorg. Not sure about the timeline anymore.,2026-09-26T00:00:00,outbound,-0.35,
1046,175,18,rep_3@revos.ai,sneha.williams@growthloop.io,Re: Growthloop Inc — RevOS Starter,"Hi Rep_3, we need to push the timeline. Budget freeze until next quarter. I'll keep you posted.",2026-09-15T00:00:00,outbound,-0.62,
1047,175,18,rep_3@revos.ai,sneha.williams@growthloop.io,Re: Growthloop Inc — RevOS Starter,We're evaluating Clari as well. Can you share a comparison deck?,2026-08-23T00:00:00,outbound,-0.96,Clari
1048,175,18,sneha.williams@growthloop.io,rep_3@revos.ai,Re: Growthloop Inc — RevOS Starter,"Hi Rep_3, we need to push the timeline. Budget freeze until next quarter. I'll keep you posted.",2026-07-21T00:00:00,inbound,-0.85,
1049,175,18,rep_3@revos.ai,sneha.williams@growthloop.io,Re: Growthloop Inc — RevOS Starter,Our CTO left the company last week. New leadership wants to re-evaluate all vendor decisions.,2026-08-24T00:00:00,outbound,-0.97,Gong
1050,175,18,sneha.williams@growthloop.io,rep_3@revos.ai,Re: Growthloop Inc — RevOS Starter,We're evaluating HubSpot AI as well. Can you share a comparison deck?,2026-09-19T00:00:00,inbound,-0.84,HubSpot AI
1051,175,18,sneha.williams@growthloop.io,rep_3@revos.ai,Re: Growthloop Inc — RevOS Starter,We're evaluating Gong as well. Can you share a comparison deck?,2026-08-01T00:00:00,inbound,-0.99,Gong
1052,175,18,sneha.williams@growthloop.io,rep_3@revos.ai,Re: Growthloop Inc — RevOS Starter,We're evaluating Clari as well. Can you share a comparison deck?,2026-08-22T00:00:00,inbound,-0.27,
1053,176,113,meera.reddy@novabridge.com,rep_4@revos.ai,Re: Novabridge Inc — RevOS Analytics,"Hi Rep_4, thanks for the proposal. The team reviewed it and we're keen to move forward. Can we schedule a call this week to discuss next steps?",2026-09-12T00:00:00,inbound,0.59,Clari
1054,176,113,meera.reddy@novabridge.com,rep_4@revos.ai,Re: Novabridge Inc — RevOS Analytics,Great demo yesterday! Our VP was impressed with the forecasting module. Let's discuss pricing for the enterprise tier.,2026-08-03T00:00:00,inbound,0.33,Salesforce Einstein
1055,176,113,meera.reddy@novabridge.com,rep_4@revos.ai,Re: Novabridge Inc — RevOS Analytics,Thanks for the follow-up. We're still in discussion internally. Will get back to you soon.,2026-08-23T00:00:00,inbound,-0.03,Gong
1056,176,113,rep_4@revos.ai,meera.reddy@novabridge.com,Re: Novabridge Inc — RevOS Analytics,"Hi Rep_4, just checking in. Any updates on the custom integration we discussed?",2026-08-19T00:00:00,outbound,0.43,Gong
1057,176,113,meera.reddy@novabridge.com,rep_4@revos.ai,Re: Novabridge Inc — RevOS Analytics,Great demo yesterday! Our VP was impressed with the forecasting module. Let's discuss pricing for the enterprise tier.,2026-08-28T00:00:00,inbound,0.38,Gong
1058,176,113,rep_4@revos.ai,meera.reddy@novabridge.com,Re: Novabridge Inc — RevOS Analytics,The ROI numbers you shared were compelling. I've looped in our CFO for budget approval.,2026-08-06T00:00:00,outbound,-0.02,
1059,176,113,meera.reddy@novabridge.com,rep_4@revos.ai,Re: Novabridge Inc — RevOS Analytics,Thanks for the follow-up. We're still in discussion internally. Will get back to you soon.,2026-08-16T00:00:00,inbound,-0.08,
1060,177,135,rep_4@revos.ai,swati.jones@uplinkai.co,Re: Uplinkai Inc — RevOS Pro,Great demo yesterday! Our VP was impressed with the forecasting module. Let's discuss pricing for the enterprise tier.,2026-06-14T00:00:00,outbound,0.23,Salesforce Einstein
1061,177,135,swati.jones@uplinkai.co,rep_4@revos.ai,Re: Uplinkai Inc — RevOS Pro,Thanks for the follow-up. We're still in discussion internally. Will get back to you soon.,2026-06-13T00:00:00,inbound,0.24,
1062,177,135,swati.jones@uplinkai.co,rep_4@revos.ai,Re: Uplinkai Inc — RevOS Pro,"Hi Rep_4, thanks for the proposal. The team reviewed it and we're keen to move forward. Can we schedule a call this week to discuss next steps?",2026-08-26T00:00:00,inbound,0.51,
1063,177,135,swati.jones@uplinkai.co,rep_4@revos.ai,Re: Uplinkai Inc — RevOS Pro,Thanks for the follow-up. We're still in discussion internally. Will get back to you soon.,2026-09-14T00:00:00,inbound,-0.14,
1064,177,135,swati.jones@uplinkai.co,rep_4@revos.ai,Re: Uplinkai Inc — RevOS Pro,Quick update — we got budget approval. Let's finalize the SOW this week.,2026-09-02T00:00:00,inbound,0.04,
1065,178,112,rep_4@revos.ai,jessica.mehta@maplesoft.co,Re: Maplesoft Inc — RevOS API,The team has concerns about integration complexity. We might need to revisit scope.,2026-09-29T00:00:00,outbound,-0.86,
1066,178,112,rep_4@revos.ai,jessica.mehta@maplesoft.co,Re: Maplesoft Inc — RevOS API,"Hi Rep_4, we need to push the timeline. Budget freeze until next quarter. I'll keep you posted.",2026-09-28T00:00:00,outbound,-0.19,Salesforce Einstein
1067,178,112,rep_4@revos.ai,jessica.mehta@maplesoft.co,Re: Maplesoft Inc — RevOS API,Sorry for the silence — been caught up with internal reorg. Not sure about the timeline anymore.,2026-09-16T00:00:00,outbound,-0.27,Clari
1068,178,112,jessica.mehta@maplesoft.co,rep_4@revos.ai,Re: Maplesoft Inc — RevOS API,We need to put this on hold. There's a hiring freeze and priorities have shifted.,2026-09-16T00:00:00,inbound,-0.21,
1069,179,44,rohan.das@prismdata.com,rep_6@revos.ai,Re: Prismdata Inc — RevOS Pro,Great demo yesterday! Our VP was impressed with the forecasting module. Let's discuss pricing for the enterprise tier.,2026-09-01T00:00:00,inbound,0.79,People.ai
1070,179,44,rep_6@revos.ai,rohan.das@prismdata.com,Re: Prismdata Inc — RevOS Pro,"Hi Rep_6, thanks for the proposal. The team reviewed it and we're keen to move forward. Can we schedule a call this week to discuss next steps?",2026-08-21T00:00:00,outbound,0.49,
1071,179,44,rohan.das@prismdata.com,rep_6@revos.ai,Re: Prismdata Inc — RevOS Pro,Great demo yesterday! Our VP was impressed with the forecasting module. Let's discuss pricing for the enterprise tier.,2026-08-09T00:00:00,inbound,-0.09,
1072,179,44,rep_6@revos.ai,rohan.das@prismdata.com,Re: Prismdata Inc — RevOS Pro,Quick update — we got budget approval. Let's finalize the SOW this week.,2026-09-27T00:00:00,outbound,0.27,Salesforce Einstein
1073,179,44,rep_6@revos.ai,rohan.das@prismdata.com,Re: Prismdata Inc — RevOS Pro,Thanks for the follow-up. We're still in discussion internally. Will get back to you soon.,2026-08-08T00:00:00,outbound,-0.16,
1074,179,44,rohan.das@prismdata.com,rep_6@revos.ai,Re: Prismdata Inc — RevOS Pro,We've completed internal review. Legal is looking at the contract now. Expect sign-off by August 10.,2026-08-03T00:00:00,inbound,0.33,
1075,180,107,manish.singh@keystone.in,rep_5@revos.ai,Re: Keystone Inc — RevOS Pro,"Hi Rep_5, thanks for the proposal. The team reviewed it and we're keen to move forward. Can we schedule a call this week to discuss next steps?",2026-09-28T00:00:00,inbound,0.51,
1076,180,107,manish.singh@keystone.in,rep_5@revos.ai,Re: Keystone Inc — RevOS Pro,The ROI numbers you shared were compelling. I've looped in our CFO for budget approval.,2026-09-09T00:00:00,inbound,0.88,Salesforce Einstein
1077,180,107,manish.singh@keystone.in,rep_5@revos.ai,Re: Keystone Inc — RevOS Pro,Quick update — we got budget approval. Let's finalize the SOW this week.,2026-08-22T00:00:00,inbound,0.6,Gong
1078,180,107,manish.singh@keystone.in,rep_5@revos.ai,Re: Keystone Inc — RevOS Pro,Quick update — we got budget approval. Let's finalize the SOW this week.,2026-09-17T00:00:00,inbound,0.77,
1079,180,107,manish.singh@keystone.in,rep_5@revos.ai,Re: Keystone Inc — RevOS Pro,Quick update — we got budget approval. Let's finalize the SOW this week.,2026-08-26T00:00:00,inbound,0.85,
1080,180,107,manish.singh@keystone.in,rep_5@revos.ai,Re: Keystone Inc — RevOS Pro,We've completed internal review. Legal is looking at the contract now. Expect sign-off by September 18.,2026-09-11T00:00:00,inbound,0.79,
1081,180,107,rep_5@revos.ai,manish.singh@keystone.in,Re: Keystone Inc — RevOS Pro,Great demo yesterday! Our VP was impressed with the forecasting module. Let's discuss pricing for the enterprise tier.,2026-09-23T00:00:00,outbound,0.31,
1082,180,107,rep_5@revos.ai,manish.singh@keystone.in,Re: Keystone Inc — RevOS Pro,Thanks for the follow-up. We're still in discussion internally. Will get back to you soon.,2026-09-03T00:00:00,outbound,0.03,
1083,180,107,rep_5@revos.ai,manish.singh@keystone.in,Re: Keystone Inc — RevOS Pro,Quick update — we got budget approval. Let's finalize the SOW this week.,2026-09-27T00:00:00,outbound,0.57,
1084,180,107,manish.singh@keystone.in,rep_5@revos.ai,Re: Keystone Inc — RevOS Pro,We've completed internal review. Legal is looking at the contract now. Expect sign-off by September 20.,2026-09-13T00:00:00,inbound,0.31,Gong
1085,181,76,rep_9@revos.ai,daniel.miller@zenithops.io,Re: Zenithops Inc — RevOS API,The team has concerns about integration complexity. We might need to revisit scope.,2026-08-15T00:00:00,outbound,-0.6,
1086,181,76,rep_9@revos.ai,daniel.miller@zenithops.io,Re: Zenithops Inc — RevOS API,We need to put this on hold. There's a hiring freeze and priorities have shifted.,2026-07-04T00:00:00,outbound,-0.99,
1087,181,76,daniel.miller@zenithops.io,rep_9@revos.ai,Re: Zenithops Inc — RevOS API,The team has concerns about integration complexity. We might need to revisit scope.,2026-06-29T00:00:00,inbound,-0.92,
1088,181,76,daniel.miller@zenithops.io,rep_9@revos.ai,Re: Zenithops Inc — RevOS API,Our CTO left the company last week. New leadership wants to re-evaluate all vendor decisions.,2026-06-30T00:00:00,inbound,-0.37,
1089,182,37,rep_1@revos.ai,anjali.davis@nexatech.io,Re: Nexatech Inc — RevOS Starter,The ROI numbers you shared were compelling. I've looped in our CFO for budget approval.,2026-09-28T00:00:00,outbound,0.3,
1090,182,37,anjali.davis@nexatech.io,rep_1@revos.ai,Re: Nexatech Inc — RevOS Starter,Great demo yesterday! Our VP was impressed with the forecasting module. Let's discuss pricing for the enterprise tier.,2026-07-27T00:00:00,inbound,0.43,
1091,182,37,anjali.davis@nexatech.io,rep_1@revos.ai,Re: Nexatech Inc — RevOS Starter,Can you send over the updated pricing sheet? We need it for our internal review.,2026-07-20T00:00:00,inbound,-0.26,
1092,182,37,anjali.davis@nexatech.io,rep_1@revos.ai,Re: Nexatech Inc — RevOS Starter,Great demo yesterday! Our VP was impressed with the forecasting module. Let's discuss pricing for the enterprise tier.,2026-08-26T00:00:00,inbound,0.68,Gong
1093,183,21,rep_1@revos.ai,kavita.jones@hyperion.co,Re: Hyperion Inc — RevOS Starter,Can you send over the updated pricing sheet? We need it for our internal review.,2026-09-17T00:00:00,outbound,0.55,Clari
1094,183,21,kavita.jones@hyperion.co,rep_1@revos.ai,Re: Hyperion Inc — RevOS Starter,"Hi Rep_1, just checking in. Any updates on the custom integration we discussed?",2026-09-08T00:00:00,inbound,0.54,Salesforce Einstein
1095,183,21,kavita.jones@hyperion.co,rep_1@revos.ai,Re: Hyperion Inc — RevOS Starter,The ROI numbers you shared were compelling. I've looped in our CFO for budget approval.,2026-09-23T00:00:00,inbound,-0.05,People.ai
1096,183,21,rep_1@revos.ai,kavita.jones@hyperion.co,Re: Hyperion Inc — RevOS Starter,Quick update — we got budget approval. Let's finalize the SOW this week.,2026-09-29T00:00:00,outbound,0.58,
1097,184,134,siddharth.nair@uplinkai.co,rep_7@revos.ai,Re: Uplinkai Inc — RevOS Enterprise,We've completed internal review. Legal is looking at the contract now. Expect sign-off by September 15.,2026-09-08T00:00:00,inbound,0.31,
1098,184,134,rep_7@revos.ai,siddharth.nair@uplinkai.co,Re: Uplinkai Inc — RevOS Enterprise,Great demo yesterday! Our VP was impressed with the forecasting module. Let's discuss pricing for the enterprise tier.,2026-09-26T00:00:00,outbound,0.49,Gong
1099,184,134,siddharth.nair@uplinkai.co,rep_7@revos.ai,Re: Uplinkai Inc — RevOS Enterprise,"Hi Rep_7, thanks for the proposal. The team reviewed it and we're keen to move forward. Can we schedule a call this week to discuss next steps?",2026-09-17T00:00:00,inbound,0.58,
1100,184,134,siddharth.nair@uplinkai.co,rep_7@revos.ai,Re: Uplinkai Inc — RevOS Enterprise,Great demo yesterday! Our VP was impressed with the forecasting module. Let's discuss pricing for the enterprise tier.,2026-09-16T00:00:00,inbound,-0.05,Clari
1101,184,134,rep_7@revos.ai,siddharth.nair@uplinkai.co,Re: Uplinkai Inc — RevOS Enterprise,Can you send over the updated pricing sheet? We need it for our internal review.,2026-09-17T00:00:00,outbound,0.05,Gong
1102,184,134,siddharth.nair@uplinkai.co,rep_7@revos.ai,Re: Uplinkai Inc — RevOS Enterprise,Great demo yesterday! Our VP was impressed with the forecasting module. Let's discuss pricing for the enterprise tier.,2026-09-08T00:00:00,inbound,0.62,
1103,184,134,rep_7@revos.ai,siddharth.nair@uplinkai.co,Re: Uplinkai Inc — RevOS Enterprise,"Hi Rep_7, just checking in. Any updates on the custom integration we discussed?",2026-09-14T00:00:00,outbound,0.08,
1104,184,134,rep_7@revos.ai,siddharth.nair@uplinkai.co,Re: Uplinkai Inc — RevOS Enterprise,"Hi Rep_7, just checking in. Any updates on the custom integration we discussed?",2026-09-06T00:00:00,outbound,0.44,
1105,185,108,rep_3@revos.ai,sneha.das@keystone.in,Re: Keystone Inc — RevOS API,"Hi Rep_3, we need to push the timeline. Budget freeze until next quarter. I'll keep you posted.",2026-07-28T00:00:00,outbound,-0.54,
1106,185,108,rep_3@revos.ai,sneha.das@keystone.in,Re: Keystone Inc — RevOS API,Our CTO left the company last week. New leadership wants to re-evaluate all vendor decisions.,2026-06-09T00:00:00,outbound,-0.49,HubSpot AI
1107,185,108,sneha.das@keystone.in,rep_3@revos.ai,Re: Keystone Inc — RevOS API,We're evaluating Clari as well. Can you share a comparison deck?,2026-08-26T00:00:00,inbound,-0.74,Clari
1108,186,108,rep_4@revos.ai,sneha.das@keystone.in,Re: Keystone Inc — RevOS Pro,Thanks for the follow-up. We're still in discussion internally. Will get back to you soon.,2026-08-29T00:00:00,outbound,-0.1,
1109,186,108,sneha.das@keystone.in,rep_4@revos.ai,Re: Keystone Inc — RevOS Pro,Great demo yesterday! Our VP was impressed with the forecasting module. Let's discuss pricing for the enterprise tier.,2026-09-06T00:00:00,inbound,0.1,
1110,186,108,sneha.das@keystone.in,rep_4@revos.ai,Re: Keystone Inc — RevOS Pro,We've completed internal review. Legal is looking at the contract now. Expect sign-off by August 03.,2026-07-27T00:00:00,inbound,0.37,
1111,186,108,rep_4@revos.ai,sneha.das@keystone.in,Re: Keystone Inc — RevOS Pro,We've completed internal review. Legal is looking at the contract now. Expect sign-off by August 19.,2026-08-12T00:00:00,outbound,0.78,HubSpot AI
1112,186,108,rep_4@revos.ai,sneha.das@keystone.in,Re: Keystone Inc — RevOS Pro,Can you send over the updated pricing sheet? We need it for our internal review.,2026-09-30T00:00:00,outbound,0.29,
1113,186,108,rep_4@revos.ai,sneha.das@keystone.in,Re: Keystone Inc — RevOS Pro,We've completed internal review. Legal is looking at the contract now. Expect sign-off by August 02.,2026-07-26T00:00:00,outbound,0.74,
1114,187,31,amanda.sharma@logicworks.co,rep_5@revos.ai,Re: Logicworks Inc — RevOS Enterprise,Great demo yesterday! Our VP was impressed with the forecasting module. Let's discuss pricing for the enterprise tier.,2026-05-22T00:00:00,inbound,-0.09,
1115,187,31,amanda.sharma@logicworks.co,rep_5@revos.ai,Re: Logicworks Inc — RevOS Enterprise,"Hi Rep_5, thanks for the proposal. The team reviewed it and we're keen to move forward. Can we schedule a call this week to discuss next steps?",2026-09-09T00:00:00,inbound,0.13,Clari
1116,187,31,rep_5@revos.ai,amanda.sharma@logicworks.co,Re: Logicworks Inc — RevOS Enterprise,Great demo yesterday! Our VP was impressed with the forecasting module. Let's discuss pricing for the enterprise tier.,2026-09-27T00:00:00,outbound,0.14,
1117,187,31,amanda.sharma@logicworks.co,rep_5@revos.ai,Re: Logicworks Inc — RevOS Enterprise,"Hi Rep_5, thanks for the proposal. The team reviewed it and we're keen to move forward. Can we schedule a call this week to discuss next steps?",2026-07-22T00:00:00,inbound,0.11,
1118,187,31,rep_5@revos.ai,amanda.sharma@logicworks.co,Re: Logicworks Inc — RevOS Enterprise,"Hi Rep_5, thanks for the proposal. The team reviewed it and we're keen to move forward. Can we schedule a call this week to discuss next steps?",2026-08-19T00:00:00,outbound,0.11,
1119,187,31,amanda.sharma@logicworks.co,rep_5@revos.ai,Re: Logicworks Inc — RevOS Enterprise,Quick update — we got budget approval. Let's finalize the SOW this week.,2026-07-13T00:00:00,inbound,0.46,
1120,188,96,rep_5@revos.ai,michael.iyer@globecast.in,Re: Globecast Inc — RevOS Enterprise,Sorry for the silence — been caught up with internal reorg. Not sure about the timeline anymore.,2026-08-27T00:00:00,outbound,-0.88,
1121,188,96,rep_5@revos.ai,michael.iyer@globecast.in,Re: Globecast Inc — RevOS Enterprise,"Hi Rep_5, we need to push the timeline. Budget freeze until next quarter. I'll keep you posted.",2026-07-11T00:00:00,outbound,-0.67,HubSpot AI
1122,188,96,rep_5@revos.ai,michael.iyer@globecast.in,Re: Globecast Inc — RevOS Enterprise,We need to put this on hold. There's a hiring freeze and priorities have shifted.,2026-06-04T00:00:00,outbound,-0.45,HubSpot AI
1123,188,96,michael.iyer@globecast.in,rep_5@revos.ai,Re: Globecast Inc — RevOS Enterprise,Sorry for the silence — been caught up with internal reorg. Not sure about the timeline anymore.,2026-05-28T00:00:00,inbound,-0.17,Salesforce Einstein
1124,188,96,michael.iyer@globecast.in,rep_5@revos.ai,Re: Globecast Inc — RevOS Enterprise,The team has concerns about integration complexity. We might need to revisit scope.,2026-06-10T00:00:00,inbound,-0.7,
1125,188,96,michael.iyer@globecast.in,rep_5@revos.ai,Re: Globecast Inc — RevOS Enterprise,We're evaluating People.ai as well. Can you share a comparison deck?,2026-08-19T00:00:00,inbound,-0.67,
1126,188,96,michael.iyer@globecast.in,rep_5@revos.ai,Re: Globecast Inc — RevOS Enterprise,"Hi Rep_5, we need to push the timeline. Budget freeze until next quarter. I'll keep you posted.",2026-08-30T00:00:00,inbound,-0.79,People.ai
1127,189,2,karthik.shah@acmetech.com,rep_4@revos.ai,Re: Acmetech Inc — RevOS Analytics,"Hi Rep_4, just checking in. Any updates on the custom integration we discussed?",2026-08-17T00:00:00,inbound,0.06,
1128,189,2,karthik.shah@acmetech.com,rep_4@revos.ai,Re: Acmetech Inc — RevOS Analytics,Quick update — we got budget approval. Let's finalize the SOW this week.,2026-06-24T00:00:00,inbound,0.33,
1129,189,2,karthik.shah@acmetech.com,rep_4@revos.ai,Re: Acmetech Inc — RevOS Analytics,Thanks for the follow-up. We're still in discussion internally. Will get back to you soon.,2026-05-31T00:00:00,inbound,0.08,
1130,189,2,rep_4@revos.ai,karthik.shah@acmetech.com,Re: Acmetech Inc — RevOS Analytics,"Hi Rep_4, just checking in. Any updates on the custom integration we discussed?",2026-08-30T00:00:00,outbound,0.39,
1131,189,2,rep_4@revos.ai,karthik.shah@acmetech.com,Re: Acmetech Inc — RevOS Analytics,"Hi Rep_4, thanks for the proposal. The team reviewed it and we're keen to move forward. Can we schedule a call this week to discuss next steps?",2026-09-07T00:00:00,outbound,0.15,
1132,189,2,karthik.shah@acmetech.com,rep_4@revos.ai,Re: Acmetech Inc — RevOS Analytics,Quick update — we got budget approval. Let's finalize the SOW this week.,2026-10-01T00:00:00,inbound,0.38,
1133,190,3,jessica.patel@betaworks.in,rep_5@revos.ai,Re: Betaworks Inc — RevOS Analytics,Quick update — we got budget approval. Let's finalize the SOW this week.,2026-06-29T00:00:00,inbound,0.91,
1134,190,3,rep_5@revos.ai,jessica.patel@betaworks.in,Re: Betaworks Inc — RevOS Analytics,We've completed internal review. Legal is looking at the contract now. Expect sign-off by August 26.,2026-08-19T00:00:00,outbound,0.86,
1135,190,3,rep_5@revos.ai,jessica.patel@betaworks.in,Re: Betaworks Inc — RevOS Analytics,"Hi Rep_5, thanks for the proposal. The team reviewed it and we're keen to move forward. Can we schedule a call this week to discuss next steps?",2026-04-18T00:00:00,outbound,0.79,HubSpot AI
1136,190,3,rep_5@revos.ai,jessica.patel@betaworks.in,Re: Betaworks Inc — RevOS Analytics,The ROI numbers you shared were compelling. I've looped in our CFO for budget approval.,2026-09-25T00:00:00,outbound,0.31,
1137,190,3,jessica.patel@betaworks.in,rep_5@revos.ai,Re: Betaworks Inc — RevOS Analytics,Great demo yesterday! Our VP was impressed with the forecasting module. Let's discuss pricing for the enterprise tier.,2026-08-04T00:00:00,inbound,0.89,
1138,191,44,rohan.das@prismdata.com,rep_9@revos.ai,Re: Prismdata Inc — RevOS Starter,We need to put this on hold. There's a hiring freeze and priorities have shifted.,2026-10-01T00:00:00,inbound,-0.19,HubSpot AI
1139,191,44,rohan.das@prismdata.com,rep_9@revos.ai,Re: Prismdata Inc — RevOS Starter,Our CTO left the company last week. New leadership wants to re-evaluate all vendor decisions.,2026-09-13T00:00:00,inbound,-0.93,
1140,191,44,rohan.das@prismdata.com,rep_9@revos.ai,Re: Prismdata Inc — RevOS Starter,"Hi Rep_9, we need to push the timeline. Budget freeze until next quarter. I'll keep you posted.",2026-09-24T00:00:00,inbound,-0.49,
1141,191,44,rohan.das@prismdata.com,rep_9@revos.ai,Re: Prismdata Inc — RevOS Starter,Sorry for the silence — been caught up with internal reorg. Not sure about the timeline anymore.,2026-09-17T00:00:00,inbound,-0.92,
1142,191,44,rep_9@revos.ai,rohan.das@prismdata.com,Re: Prismdata Inc — RevOS Starter,Our CTO left the company last week. New leadership wants to re-evaluate all vendor decisions.,2026-09-07T00:00:00,outbound,-0.76,
1143,191,44,rohan.das@prismdata.com,rep_9@revos.ai,Re: Prismdata Inc — RevOS Starter,We're evaluating Clari as well. Can you share a comparison deck?,2026-09-16T00:00:00,inbound,-0.35,
1144,191,44,rohan.das@prismdata.com,rep_9@revos.ai,Re: Prismdata Inc — RevOS Starter,We need to put this on hold. There's a hiring freeze and priorities have shifted.,2026-09-28T00:00:00,inbound,-0.31,
1145,191,44,rohan.das@prismdata.com,rep_9@revos.ai,Re: Prismdata Inc — RevOS Starter,The team has concerns about integration complexity. We might need to revisit scope.,2026-09-16T00:00:00,inbound,-0.68,
1146,192,136,amanda.das@vertexsys.com,rep_7@revos.ai,Re: Vertexsys Inc — RevOS Pro,Our CTO left the company last week. New leadership wants to re-evaluate all vendor decisions.,2026-09-08T00:00:00,inbound,-0.84,
1147,192,136,rep_7@revos.ai,amanda.das@vertexsys.com,Re: Vertexsys Inc — RevOS Pro,"Hi Rep_7, we need to push the timeline. Budget freeze until next quarter. I'll keep you posted.",2026-09-30T00:00:00,outbound,-0.67,
1148,192,136,amanda.das@vertexsys.com,rep_7@revos.ai,Re: Vertexsys Inc — RevOS Pro,We're evaluating People.ai as well. Can you share a comparison deck?,2026-09-28T00:00:00,inbound,-0.49,
1149,192,136,amanda.das@vertexsys.com,rep_7@revos.ai,Re: Vertexsys Inc — RevOS Pro,We need to put this on hold. There's a hiring freeze and priorities have shifted.,2026-07-26T00:00:00,inbound,-0.87,
1150,192,136,rep_7@revos.ai,amanda.das@vertexsys.com,Re: Vertexsys Inc — RevOS Pro,Our CTO left the company last week. New leadership wants to re-evaluate all vendor decisions.,2026-06-04T00:00:00,outbound,-0.9,
1151,192,136,amanda.das@vertexsys.com,rep_7@revos.ai,Re: Vertexsys Inc — RevOS Pro,We need to put this on hold. There's a hiring freeze and priorities have shifted.,2026-09-13T00:00:00,inbound,-0.66,
1152,192,136,amanda.das@vertexsys.com,rep_7@revos.ai,Re: Vertexsys Inc — RevOS Pro,We need to put this on hold. There's a hiring freeze and priorities have shifted.,2026-07-11T00:00:00,inbound,-0.53,
1153,192,136,amanda.das@vertexsys.com,rep_7@revos.ai,Re: Vertexsys Inc — RevOS Pro,We need to put this on hold. There's a hiring freeze and priorities have shifted.,2026-05-29T00:00:00,inbound,-0.23,
1154,193,76,daniel.miller@zenithops.io,rep_2@revos.ai,Re: Zenithops Inc — RevOS API,The ROI numbers you shared were compelling. I've looped in our CFO for budget approval.,2026-09-18T00:00:00,inbound,0.84,People.ai
1155,193,76,daniel.miller@zenithops.io,rep_2@revos.ai,Re: Zenithops Inc — RevOS API,"Hi Rep_2, just checking in. Any updates on the custom integration we discussed?",2026-07-21T00:00:00,inbound,0.1,Salesforce Einstein
1156,193,76,daniel.miller@zenithops.io,rep_2@revos.ai,Re: Zenithops Inc — RevOS API,Can you send over the updated pricing sheet? We need it for our internal review.,2026-07-18T00:00:00,inbound,0.11,
1157,193,76,daniel.miller@zenithops.io,rep_2@revos.ai,Re: Zenithops Inc — RevOS API,Thanks for the follow-up. We're still in discussion internally. Will get back to you soon.,2026-09-20T00:00:00,inbound,0.29,
1158,194,78,rep_2@revos.ai,aditya.nair@alphacloud.co,Re: Alphacloud Inc — RevOS Pro,We need to put this on hold. There's a hiring freeze and priorities have shifted.,2026-09-22T00:00:00,outbound,-0.23,
1159,194,78,rep_2@revos.ai,aditya.nair@alphacloud.co,Re: Alphacloud Inc — RevOS Pro,We're evaluating HubSpot AI as well. Can you share a comparison deck?,2026-09-02T00:00:00,outbound,-0.42,
1160,194,78,aditya.nair@alphacloud.co,rep_2@revos.ai,Re: Alphacloud Inc — RevOS Pro,Sorry for the silence — been caught up with internal reorg. Not sure about the timeline anymore.,2026-08-17T00:00:00,inbound,-0.51,
1161,194,78,aditya.nair@alphacloud.co,rep_2@revos.ai,Re: Alphacloud Inc — RevOS Pro,Our CTO left the company last week. New leadership wants to re-evaluate all vendor decisions.,2026-09-06T00:00:00,inbound,-0.2,
1162,194,78,aditya.nair@alphacloud.co,rep_2@revos.ai,Re: Alphacloud Inc — RevOS Pro,Sorry for the silence — been caught up with internal reorg. Not sure about the timeline anymore.,2026-08-24T00:00:00,inbound,-0.63,Gong
1163,194,78,aditya.nair@alphacloud.co,rep_2@revos.ai,Re: Alphacloud Inc — RevOS Pro,We're evaluating HubSpot AI as well. Can you share a comparison deck?,2026-09-04T00:00:00,inbound,-0.24,HubSpot AI
1164,195,129,ritu.brown@signalops.in,rep_7@revos.ai,Re: Signalops Inc — RevOS Enterprise,Thanks for the follow-up. We're still in discussion internally. Will get back to you soon.,2026-08-28T00:00:00,inbound,0.59,
1165,195,129,ritu.brown@signalops.in,rep_7@revos.ai,Re: Signalops Inc — RevOS Enterprise,Great demo yesterday! Our VP was impressed with the forecasting module. Let's discuss pricing for the enterprise tier.,2026-08-23T00:00:00,inbound,-0.05,
1166,195,129,rep_7@revos.ai,ritu.brown@signalops.in,Re: Signalops Inc — RevOS Enterprise,Great demo yesterday! Our VP was impressed with the forecasting module. Let's discuss pricing for the enterprise tier.,2026-07-28T00:00:00,outbound,0.75,
1167,196,46,rep_2@revos.ai,divya.verma@quantleap.in,Re: Quantleap Inc — RevOS Starter,Can you send over the updated pricing sheet? We need it for our internal review.,2026-09-06T00:00:00,outbound,-0.14,
1168,196,46,divya.verma@quantleap.in,rep_2@revos.ai,Re: Quantleap Inc — RevOS Starter,Thanks for the follow-up. We're still in discussion internally. Will get back to you soon.,2026-07-18T00:00:00,inbound,0.29,
1169,196,46,divya.verma@quantleap.in,rep_2@revos.ai,Re: Quantleap Inc — RevOS Starter,Can you send over the updated pricing sheet? We need it for our internal review.,2026-08-02T00:00:00,inbound,0.54,HubSpot AI
1170,196,46,rep_2@revos.ai,divya.verma@quantleap.in,Re: Quantleap Inc — RevOS Starter,"Hi Rep_2, thanks for the proposal. The team reviewed it and we're keen to move forward. Can we schedule a call this week to discuss next steps?",2026-07-09T00:00:00,outbound,-0.29,
1171,196,46,rep_2@revos.ai,divya.verma@quantleap.in,Re: Quantleap Inc — RevOS Starter,"Hi Rep_2, just checking in. Any updates on the custom integration we discussed?",2026-07-15T00:00:00,outbound,-0.08,
1172,196,46,rep_2@revos.ai,divya.verma@quantleap.in,Re: Quantleap Inc — RevOS Starter,Thanks for the follow-up. We're still in discussion internally. Will get back to you soon.,2026-09-16T00:00:00,outbound,0.53,Clari
1173,196,46,rep_2@revos.ai,divya.verma@quantleap.in,Re: Quantleap Inc — RevOS Starter,Great demo yesterday! Our VP was impressed with the forecasting module. Let's discuss pricing for the enterprise tier.,2026-07-29T00:00:00,outbound,-0.26,
1174,196,46,rep_2@revos.ai,divya.verma@quantleap.in,Re: Quantleap Inc — RevOS Starter,Can you send over the updated pricing sheet? We need it for our internal review.,2026-09-08T00:00:00,outbound,0.33,
1175,196,46,rep_2@revos.ai,divya.verma@quantleap.in,Re: Quantleap Inc — RevOS Starter,"Hi Rep_2, just checking in. Any updates on the custom integration we discussed?",2026-09-20T00:00:00,outbound,0.57,
1176,196,46,rep_2@revos.ai,divya.verma@quantleap.in,Re: Quantleap Inc — RevOS Starter,Thanks for the follow-up. We're still in discussion internally. Will get back to you soon.,2026-09-24T00:00:00,outbound,-0.19,
1177,197,40,jennifer.brown@omnilayer.co,rep_1@revos.ai,Re: Omnilayer Inc — RevOS Pro,The ROI numbers you shared were compelling. I've looped in our CFO for budget approval.,2026-08-14T00:00:00,inbound,0.59,
1178,197,40,jennifer.brown@omnilayer.co,rep_1@revos.ai,Re: Omnilayer Inc — RevOS Pro,The ROI numbers you shared were compelling. I've looped in our CFO for budget approval.,2026-06-28T00:00:00,inbound,0.86,
1179,197,40,rep_1@revos.ai,jennifer.brown@omnilayer.co,Re: Omnilayer Inc — RevOS Pro,Great demo yesterday! Our VP was impressed with the forecasting module. Let's discuss pricing for the enterprise tier.,2026-08-30T00:00:00,outbound,0.56,
1180,197,40,rep_1@revos.ai,jennifer.brown@omnilayer.co,Re: Omnilayer Inc — RevOS Pro,Thanks for the follow-up. We're still in discussion internally. Will get back to you soon.,2026-09-24T00:00:00,outbound,0.37,
1181,197,40,jennifer.brown@omnilayer.co,rep_1@revos.ai,Re: Omnilayer Inc — RevOS Pro,Great demo yesterday! Our VP was impressed with the forecasting module. Let's discuss pricing for the enterprise tier.,2026-07-14T00:00:00,inbound,0.42,
1182,197,40,jennifer.brown@omnilayer.co,rep_1@revos.ai,Re: Omnilayer Inc — RevOS Pro,The ROI numbers you shared were compelling. I've looped in our CFO for budget approval.,2026-08-30T00:00:00,inbound,0.35,
1183,197,40,rep_1@revos.ai,jennifer.brown@omnilayer.co,Re: Omnilayer Inc — RevOS Pro,We've completed internal review. Legal is looking at the contract now. Expect sign-off by August 30.,2026-08-23T00:00:00,outbound,0.56,
1184,197,40,jennifer.brown@omnilayer.co,rep_1@revos.ai,Re: Omnilayer Inc — RevOS Pro,"Hi Rep_1, thanks for the proposal. The team reviewed it and we're keen to move forward. Can we schedule a call this week to discuss next steps?",2026-08-27T00:00:00,inbound,-0.11,
1185,197,40,rep_1@revos.ai,jennifer.brown@omnilayer.co,Re: Omnilayer Inc — RevOS Pro,The ROI numbers you shared were compelling. I've looped in our CFO for budget approval.,2026-09-14T00:00:00,outbound,0.8,
1186,198,84,rep_7@revos.ai,chris.shah@corelogic.in,Re: Corelogic Inc — RevOS API,Great demo yesterday! Our VP was impressed with the forecasting module. Let's discuss pricing for the enterprise tier.,2026-08-16T00:00:00,outbound,0.48,Clari
1187,198,84,rep_7@revos.ai,chris.shah@corelogic.in,Re: Corelogic Inc — RevOS API,Can you send over the updated pricing sheet? We need it for our internal review.,2026-09-04T00:00:00,outbound,-0.01,
1188,198,84,chris.shah@corelogic.in,rep_7@revos.ai,Re: Corelogic Inc — RevOS API,The ROI numbers you shared were compelling. I've looped in our CFO for budget approval.,2026-07-24T00:00:00,inbound,-0.29,Gong
1189,198,84,rep_7@revos.ai,chris.shah@corelogic.in,Re: Corelogic Inc — RevOS API,The ROI numbers you shared were compelling. I've looped in our CFO for budget approval.,2026-07-08T00:00:00,outbound,0.95,People.ai
1190,199,33,rep_10@revos.ai,manish.kumar@logicworks.co,Re: Logicworks Inc — RevOS Pro,We need to put this on hold. There's a hiring freeze and priorities have shifted.,2026-09-25T00:00:00,outbound,-0.4,
1191,199,33,manish.kumar@logicworks.co,rep_10@revos.ai,Re: Logicworks Inc — RevOS Pro,We need to put this on hold. There's a hiring freeze and priorities have shifted.,2026-09-29T00:00:00,inbound,-0.16,People.ai
1192,199,33,manish.kumar@logicworks.co,rep_10@revos.ai,Re: Logicworks Inc — RevOS Pro,We're evaluating Clari as well. Can you share a comparison deck?,2026-08-25T00:00:00,inbound,-0.54,
1193,200,81,rep_4@revos.ai,amanda.smith@alphacloud.co,Re: Alphacloud Inc — RevOS API,"Hi Rep_4, just checking in. Any updates on the custom integration we discussed?",2026-08-01T00:00:00,outbound,0.23,
1194,200,81,rep_4@revos.ai,amanda.smith@alphacloud.co,Re: Alphacloud Inc — RevOS API,Thanks for the follow-up. We're still in discussion internally. Will get back to you soon.,2026-08-23T00:00:00,outbound,0.37,
1195,200,81,rep_4@revos.ai,amanda.smith@alphacloud.co,Re: Alphacloud Inc — RevOS API,We've completed internal review. Legal is looking at the contract now. Expect sign-off by August 06.,2026-07-30T00:00:00,outbound,0.26,
1196,200,81,amanda.smith@alphacloud.co,rep_4@revos.ai,Re: Alphacloud Inc — RevOS API,Thanks for the follow-up. We're still in discussion internally. Will get back to you soon.,2026-08-01T00:00:00,inbound,-0.09,
1197,200,81,rep_4@revos.ai,amanda.smith@alphacloud.co,Re: Alphacloud Inc — RevOS API,The ROI numbers you shared were compelling. I've looped in our CFO for budget approval.,2026-07-16T00:00:00,outbound,0.25,
1198,200,81,rep_4@revos.ai,amanda.smith@alphacloud.co,Re: Alphacloud Inc — RevOS API,The ROI numbers you shared were compelling. I've looped in our CFO for budget approval.,2026-09-30T00:00:00,outbound,-0.19,
1199,200,81,amanda.smith@alphacloud.co,rep_4@revos.ai,Re: Alphacloud Inc — RevOS API,We've completed internal review. Legal is looking at the contract now. Expect sign-off by September 27.,2026-09-20T00:00:00,inbound,0.06,
1200,201,131,ashley.brown@terraflow.io,rep_6@revos.ai,Re: Terraflow Inc — RevOS Pro,We need to put this on hold. There's a hiring freeze and priorities have shifted.,2026-05-22T00:00:00,inbound,-0.67,
1201,201,131,rep_6@revos.ai,ashley.brown@terraflow.io,Re: Terraflow Inc — RevOS Pro,Sorry for the silence — been caught up with internal reorg. Not sure about the timeline anymore.,2026-05-21T00:00:00,outbound,-0.63,
1202,201,131,rep_6@revos.ai,ashley.brown@terraflow.io,Re: Terraflow Inc — RevOS Pro,We're evaluating Salesforce Einstein as well. Can you share a comparison deck?,2026-09-08T00:00:00,outbound,-0.32,
1203,201,131,ashley.brown@terraflow.io,rep_6@revos.ai,Re: Terraflow Inc — RevOS Pro,We're evaluating People.ai as well. Can you share a comparison deck?,2026-08-03T00:00:00,inbound,-0.28,
1204,202,49,kavita.mehta@raptorx.io,rep_3@revos.ai,Re: Raptorx Inc — RevOS Starter,Great demo yesterday! Our VP was impressed with the forecasting module. Let's discuss pricing for the enterprise tier.,2026-06-24T00:00:00,inbound,0.98,
1205,202,49,rep_3@revos.ai,kavita.mehta@raptorx.io,Re: Raptorx Inc — RevOS Starter,"Hi Rep_3, thanks for the proposal. The team reviewed it and we're keen to move forward. Can we schedule a call this week to discuss next steps?",2026-09-25T00:00:00,outbound,0.31,
1206,202,49,kavita.mehta@raptorx.io,rep_3@revos.ai,Re: Raptorx Inc — RevOS Starter,Great demo yesterday! Our VP was impressed with the forecasting module. Let's discuss pricing for the enterprise tier.,2026-09-28T00:00:00,inbound,0.35,
1207,202,49,kavita.mehta@raptorx.io,rep_3@revos.ai,Re: Raptorx Inc — RevOS Starter,The ROI numbers you shared were compelling. I've looped in our CFO for budget approval.,2026-08-22T00:00:00,inbound,0.36,
1208,202,49,kavita.mehta@raptorx.io,rep_3@revos.ai,Re: Raptorx Inc — RevOS Starter,We've completed internal review. Legal is looking at the contract now. Expect sign-off by July 16.,2026-07-09T00:00:00,inbound,0.88,
1209,202,49,kavita.mehta@raptorx.io,rep_3@revos.ai,Re: Raptorx Inc — RevOS Starter,The ROI numbers you shared were compelling. I've looped in our CFO for budget approval.,2026-06-12T00:00:00,inbound,0.44,
1210,203,136,amanda.das@vertexsys.com,rep_3@revos.ai,Re: Vertexsys Inc — RevOS Starter,The team has concerns about integration complexity. We might need to revisit scope.,2026-09-04T00:00:00,inbound,-0.75,
1211,203,136,rep_3@revos.ai,amanda.das@vertexsys.com,Re: Vertexsys Inc — RevOS Starter,Sorry for the silence — been caught up with internal reorg. Not sure about the timeline anymore.,2026-07-28T00:00:00,outbound,-0.98,
1212,203,136,amanda.das@vertexsys.com,rep_3@revos.ai,Re: Vertexsys Inc — RevOS Starter,The team has concerns about integration complexity. We might need to revisit scope.,2026-09-19T00:00:00,inbound,-0.11,
1213,203,136,rep_3@revos.ai,amanda.das@vertexsys.com,Re: Vertexsys Inc — RevOS Starter,The team has concerns about integration complexity. We might need to revisit scope.,2026-07-28T00:00:00,outbound,-0.93,
1214,203,136,rep_3@revos.ai,amanda.das@vertexsys.com,Re: Vertexsys Inc — RevOS Starter,"Hi Rep_3, we need to push the timeline. Budget freeze until next quarter. I'll keep you posted.",2026-08-06T00:00:00,outbound,-0.12,
1215,204,63,rep_9@revos.ai,sarah.miller@wavefront.co,Re: Wavefront Inc — RevOS Analytics,Quick update — we got budget approval. Let's finalize the SOW this week.,2026-10-01T00:00:00,outbound,0.33,
1216,204,63,rep_9@revos.ai,sarah.miller@wavefront.co,Re: Wavefront Inc — RevOS Analytics,Great demo yesterday! Our VP was impressed with the forecasting module. Let's discuss pricing for the enterprise tier.,2026-07-15T00:00:00,outbound,0.02,Clari
1217,204,63,sarah.miller@wavefront.co,rep_9@revos.ai,Re: Wavefront Inc — RevOS Analytics,Can you send over the updated pricing sheet? We need it for our internal review.,2026-07-26T00:00:00,inbound,0.2,
1218,204,63,rep_9@revos.ai,sarah.miller@wavefront.co,Re: Wavefront Inc — RevOS Analytics,Can you send over the updated pricing sheet? We need it for our internal review.,2026-06-24T00:00:00,outbound,0.36,
1219,204,63,rep_9@revos.ai,sarah.miller@wavefront.co,Re: Wavefront Inc — RevOS Analytics,Great demo yesterday! Our VP was impressed with the forecasting module. Let's discuss pricing for the enterprise tier.,2026-08-04T00:00:00,outbound,0.35,
1220,204,63,rep_9@revos.ai,sarah.miller@wavefront.co,Re: Wavefront Inc — RevOS Analytics,Can you send over the updated pricing sheet? We need it for our internal review.,2026-09-17T00:00:00,outbound,0.53,Gong
1221,204,63,rep_9@revos.ai,sarah.miller@wavefront.co,Re: Wavefront Inc — RevOS Analytics,"Hi Rep_9, just checking in. Any updates on the custom integration we discussed?",2026-08-25T00:00:00,outbound,-0.04,
1222,204,63,rep_9@revos.ai,sarah.miller@wavefront.co,Re: Wavefront Inc — RevOS Analytics,Great demo yesterday! Our VP was impressed with the forecasting module. Let's discuss pricing for the enterprise tier.,2026-06-25T00:00:00,outbound,-0.19,People.ai
1223,204,63,sarah.miller@wavefront.co,rep_9@revos.ai,Re: Wavefront Inc — RevOS Analytics,Thanks for the follow-up. We're still in discussion internally. Will get back to you soon.,2026-06-26T00:00:00,inbound,-0.14,
1224,204,63,sarah.miller@wavefront.co,rep_9@revos.ai,Re: Wavefront Inc — RevOS Analytics,The ROI numbers you shared were compelling. I've looped in our CFO for budget approval.,2026-06-27T00:00:00,inbound,0.05,HubSpot AI
1225,205,40,rep_6@revos.ai,jennifer.brown@omnilayer.co,Re: Omnilayer Inc — RevOS Starter,Our CTO left the company last week. New leadership wants to re-evaluate all vendor decisions.,2026-07-23T00:00:00,outbound,-0.64,
1226,205,40,rep_6@revos.ai,jennifer.brown@omnilayer.co,Re: Omnilayer Inc — RevOS Starter,Our CTO left the company last week. New leadership wants to re-evaluate all vendor decisions.,2026-05-28T00:00:00,outbound,-0.99,
1227,206,130,anjali.verma@terraflow.io,rep_10@revos.ai,Re: Terraflow Inc — RevOS Analytics,The ROI numbers you shared were compelling. I've looped in our CFO for budget approval.,2026-08-05T00:00:00,inbound,0.8,Salesforce Einstein
1228,206,130,anjali.verma@terraflow.io,rep_10@revos.ai,Re: Terraflow Inc — RevOS Analytics,Thanks for the follow-up. We're still in discussion internally. Will get back to you soon.,2026-07-02T00:00:00,inbound,-0.12,
1229,206,130,rep_10@revos.ai,anjali.verma@terraflow.io,Re: Terraflow Inc — RevOS Analytics,"Hi Rep_10, just checking in. Any updates on the custom integration we discussed?",2026-09-07T00:00:00,outbound,0.39,
1230,206,130,anjali.verma@terraflow.io,rep_10@revos.ai,Re: Terraflow Inc — RevOS Analytics,Quick update — we got budget approval. Let's finalize the SOW this week.,2026-09-12T00:00:00,inbound,0.59,HubSpot AI
1231,207,30,william.brown@kinetiq.io,rep_10@revos.ai,Re: Kinetiq Inc — RevOS API,We need to put this on hold. There's a hiring freeze and priorities have shifted.,2026-05-31T00:00:00,inbound,-0.45,
1232,207,30,william.brown@kinetiq.io,rep_10@revos.ai,Re: Kinetiq Inc — RevOS API,"Hi Rep_10, we need to push the timeline. Budget freeze until next quarter. I'll keep you posted.",2026-08-01T00:00:00,inbound,-0.82,
1233,207,30,rep_10@revos.ai,william.brown@kinetiq.io,Re: Kinetiq Inc — RevOS API,"Hi Rep_10, we need to push the timeline. Budget freeze until next quarter. I'll keep you posted.",2026-06-27T00:00:00,outbound,-0.91,
1234,207,30,william.brown@kinetiq.io,rep_10@revos.ai,Re: Kinetiq Inc — RevOS API,We're evaluating People.ai as well. Can you share a comparison deck?,2026-08-15T00:00:00,inbound,-0.28,People.ai
1235,208,72,rep_7@revos.ai,anjali.iyer@yieldmax.in,Re: Yieldmax Inc — RevOS API,Great demo yesterday! Our VP was impressed with the forecasting module. Let's discuss pricing for the enterprise tier.,2026-07-23T00:00:00,outbound,0.59,
1236,208,72,anjali.iyer@yieldmax.in,rep_7@revos.ai,Re: Yieldmax Inc — RevOS API,We've completed internal review. Legal is looking at the contract now. Expect sign-off by August 05.,2026-07-29T00:00:00,inbound,-0.1,
1237,208,72,rep_7@revos.ai,anjali.iyer@yieldmax.in,Re: Yieldmax Inc — RevOS API,Great demo yesterday! Our VP was impressed with the forecasting module. Let's discuss pricing for the enterprise tier.,2026-07-09T00:00:00,outbound,0.03,Salesforce Einstein
1238,209,113,meera.reddy@novabridge.com,rep_6@revos.ai,Re: Novabridge Inc — RevOS Starter,"Hi Rep_6, thanks for the proposal. The team reviewed it and we're keen to move forward. Can we schedule a call this week to discuss next steps?",2026-08-30T00:00:00,inbound,-0.23,
1239,209,113,rep_6@revos.ai,meera.reddy@novabridge.com,Re: Novabridge Inc — RevOS Starter,Can you send over the updated pricing sheet? We need it for our internal review.,2026-08-31T00:00:00,outbound,0.44,
1240,209,113,rep_6@revos.ai,meera.reddy@novabridge.com,Re: Novabridge Inc — RevOS Starter,Quick update — we got budget approval. Let's finalize the SOW this week.,2026-09-11T00:00:00,outbound,0.42,
1241,209,113,rep_6@revos.ai,meera.reddy@novabridge.com,Re: Novabridge Inc — RevOS Starter,"Hi Rep_6, thanks for the proposal. The team reviewed it and we're keen to move forward. Can we schedule a call this week to discuss next steps?",2026-09-04T00:00:00,outbound,-0.01,
1242,209,113,meera.reddy@novabridge.com,rep_6@revos.ai,Re: Novabridge Inc — RevOS Starter,"Hi Rep_6, thanks for the proposal. The team reviewed it and we're keen to move forward. Can we schedule a call this week to discuss next steps?",2026-09-20T00:00:00,inbound,0.58,People.ai
1243,209,113,meera.reddy@novabridge.com,rep_6@revos.ai,Re: Novabridge Inc — RevOS Starter,Great demo yesterday! Our VP was impressed with the forecasting module. Let's discuss pricing for the enterprise tier.,2026-09-20T00:00:00,inbound,-0.29,
1244,209,113,rep_6@revos.ai,meera.reddy@novabridge.com,Re: Novabridge Inc — RevOS Starter,Quick update — we got budget approval. Let's finalize the SOW this week.,2026-09-19T00:00:00,outbound,-0.29,
1245,209,113,rep_6@revos.ai,meera.reddy@novabridge.com,Re: Novabridge Inc — RevOS Starter,We've completed internal review. Legal is looking at the contract now. Expect sign-off by October 06.,2026-09-29T00:00:00,outbound,0.54,Clari
1246,209,113,meera.reddy@novabridge.com,rep_6@revos.ai,Re: Novabridge Inc — RevOS Starter,The ROI numbers you shared were compelling. I've looped in our CFO for budget approval.,2026-09-11T00:00:00,inbound,-0.09,
1247,210,131,ashley.brown@terraflow.io,rep_2@revos.ai,Re: Terraflow Inc — RevOS Enterprise,Can you send over the updated pricing sheet? We need it for our internal review.,2026-07-22T00:00:00,inbound,0.28,
1248,210,131,rep_2@revos.ai,ashley.brown@terraflow.io,Re: Terraflow Inc — RevOS Enterprise,Can you send over the updated pricing sheet? We need it for our internal review.,2026-09-09T00:00:00,outbound,-0.29,Clari
1249,210,131,ashley.brown@terraflow.io,rep_2@revos.ai,Re: Terraflow Inc — RevOS Enterprise,"Hi Rep_2, just checking in. Any updates on the custom integration we discussed?",2026-07-22T00:00:00,inbound,0.42,Gong
1250,210,131,ashley.brown@terraflow.io,rep_2@revos.ai,Re: Terraflow Inc — RevOS Enterprise,Thanks for the follow-up. We're still in discussion internally. Will get back to you soon.,2026-07-20T00:00:00,inbound,-0.28,People.ai
1251,210,131,ashley.brown@terraflow.io,rep_2@revos.ai,Re: Terraflow Inc — RevOS Enterprise,We've completed internal review. Legal is looking at the contract now. Expect sign-off by August 13.,2026-08-06T00:00:00,inbound,0.21,
1252,210,131,ashley.brown@terraflow.io,rep_2@revos.ai,Re: Terraflow Inc — RevOS Enterprise,Thanks for the follow-up. We're still in discussion internally. Will get back to you soon.,2026-09-01T00:00:00,inbound,0.57,Clari
1253,210,131,rep_2@revos.ai,ashley.brown@terraflow.io,Re: Terraflow Inc — RevOS Enterprise,Thanks for the follow-up. We're still in discussion internally. Will get back to you soon.,2026-09-23T00:00:00,outbound,0.48,
1254,211,135,rep_7@revos.ai,swati.jones@uplinkai.co,Re: Uplinkai Inc — RevOS API,We need to put this on hold. There's a hiring freeze and priorities have shifted.,2026-07-16T00:00:00,outbound,-0.47,People.ai
1255,211,135,rep_7@revos.ai,swati.jones@uplinkai.co,Re: Uplinkai Inc — RevOS API,Quick update — we got budget approval. Let's finalize the SOW this week.,2026-07-19T00:00:00,outbound,0.5,
1256,211,135,rep_7@revos.ai,swati.jones@uplinkai.co,Re: Uplinkai Inc — RevOS API,"Hi Rep_7, thanks for the proposal. The team reviewed it and we're keen to move forward. Can we schedule a call this week to discuss next steps?",2026-07-15T00:00:00,outbound,0.69,
1257,211,135,rep_7@revos.ai,swati.jones@uplinkai.co,Re: Uplinkai Inc — RevOS API,Our CTO left the company last week. New leadership wants to re-evaluate all vendor decisions.,2026-06-24T00:00:00,outbound,-0.81,
1258,211,135,rep_7@revos.ai,swati.jones@uplinkai.co,Re: Uplinkai Inc — RevOS API,The ROI numbers you shared were compelling. I've looped in our CFO for budget approval.,2026-09-25T00:00:00,outbound,0.41,People.ai
1259,211,135,rep_7@revos.ai,swati.jones@uplinkai.co,Re: Uplinkai Inc — RevOS API,Quick update — we got budget approval. Let's finalize the SOW this week.,2026-09-18T00:00:00,outbound,0.65,
1260,211,135,rep_7@revos.ai,swati.jones@uplinkai.co,Re: Uplinkai Inc — RevOS API,The ROI numbers you shared were compelling. I've looped in our CFO for budget approval.,2026-07-31T00:00:00,outbound,0.37,
1261,211,135,rep_7@revos.ai,swati.jones@uplinkai.co,Re: Uplinkai Inc — RevOS API,The ROI numbers you shared were compelling. I've looped in our CFO for budget approval.,2026-06-26T00:00:00,outbound,0.31,
1262,211,135,swati.jones@uplinkai.co,rep_7@revos.ai,Re: Uplinkai Inc — RevOS API,Sorry for the silence — been caught up with internal reorg. Not sure about the timeline anymore.,2026-08-29T00:00:00,inbound,-0.99,Salesforce Einstein
1263,212,108,rep_5@revos.ai,sneha.das@keystone.in,Re: Keystone Inc — RevOS Pro,"Hi Rep_5, we need to push the timeline. Budget freeze until next quarter. I'll keep you posted.",2026-09-11T00:00:00,outbound,-0.66,Clari
1264,212,108,sneha.das@keystone.in,rep_5@revos.ai,Re: Keystone Inc — RevOS Pro,We're evaluating Salesforce Einstein as well. Can you share a comparison deck?,2026-07-27T00:00:00,inbound,-0.39,
1265,212,108,rep_5@revos.ai,sneha.das@keystone.in,Re: Keystone Inc — RevOS Pro,"Hi Rep_5, we need to push the timeline. Budget freeze until next quarter. I'll keep you posted.",2026-08-07T00:00:00,outbound,-0.72,Salesforce Einstein
1266,213,71,nisha.williams@yieldmax.in,rep_1@revos.ai,Re: Yieldmax Inc — RevOS Analytics,We're evaluating People.ai as well. Can you share a comparison deck?,2026-08-25T00:00:00,inbound,-0.84,
1267,213,71,nisha.williams@yieldmax.in,rep_1@revos.ai,Re: Yieldmax Inc — RevOS Analytics,The team has concerns about integration complexity. We might need to revisit scope.,2026-06-27T00:00:00,inbound,-0.72,
1268,213,71,rep_1@revos.ai,nisha.williams@yieldmax.in,Re: Yieldmax Inc — RevOS Analytics,We need to put this on hold. There's a hiring freeze and priorities have shifted.,2026-05-19T00:00:00,outbound,-0.33,People.ai
1269,213,71,rep_1@revos.ai,nisha.williams@yieldmax.in,Re: Yieldmax Inc — RevOS Analytics,"Hi Rep_1, we need to push the timeline. Budget freeze until next quarter. I'll keep you posted.",2026-07-25T00:00:00,outbound,-0.71,
1270,213,71,nisha.williams@yieldmax.in,rep_1@revos.ai,Re: Yieldmax Inc — RevOS Analytics,Our CTO left the company last week. New leadership wants to re-evaluate all vendor decisions.,2026-09-28T00:00:00,inbound,-0.43,
1271,213,71,rep_1@revos.ai,nisha.williams@yieldmax.in,Re: Yieldmax Inc — RevOS Analytics,We need to put this on hold. There's a hiring freeze and priorities have shifted.,2026-09-18T00:00:00,outbound,-0.16,
1272,213,71,nisha.williams@yieldmax.in,rep_1@revos.ai,Re: Yieldmax Inc — RevOS Analytics,The team has concerns about integration complexity. We might need to revisit scope.,2026-08-16T00:00:00,inbound,-0.65,Salesforce Einstein
1273,213,71,nisha.williams@yieldmax.in,rep_1@revos.ai,Re: Yieldmax Inc — RevOS Analytics,We need to put this on hold. There's a hiring freeze and priorities have shifted.,2026-07-04T00:00:00,inbound,-0.45,People.ai
1274,213,71,rep_1@revos.ai,nisha.williams@yieldmax.in,Re: Yieldmax Inc — RevOS Analytics,Our CTO left the company last week. New leadership wants to re-evaluate all vendor decisions.,2026-09-25T00:00:00,outbound,-0.14,
1275,213,71,nisha.williams@yieldmax.in,rep_1@revos.ai,Re: Yieldmax Inc — RevOS Analytics,We're evaluating Gong as well. Can you share a comparison deck?,2026-09-01T00:00:00,inbound,-0.11,
1276,214,10,robert.johnson@deltaforce.co,rep_2@revos.ai,Re: Deltaforce Inc — RevOS Starter,The team has concerns about integration complexity. We might need to revisit scope.,2026-09-25T00:00:00,inbound,-0.78,HubSpot AI
1277,214,10,robert.johnson@deltaforce.co,rep_2@revos.ai,Re: Deltaforce Inc — RevOS Starter,We're evaluating HubSpot AI as well. Can you share a comparison deck?,2026-09-15T00:00:00,inbound,-0.85,
1278,214,10,rep_2@revos.ai,robert.johnson@deltaforce.co,Re: Deltaforce Inc — RevOS Starter,We're evaluating Gong as well. Can you share a comparison deck?,2026-09-01T00:00:00,outbound,-0.83,
1279,214,10,rep_2@revos.ai,robert.johnson@deltaforce.co,Re: Deltaforce Inc — RevOS Starter,We need to put this on hold. There's a hiring freeze and priorities have shifted.,2026-09-18T00:00:00,outbound,-0.88,
1280,214,10,rep_2@revos.ai,robert.johnson@deltaforce.co,Re: Deltaforce Inc — RevOS Starter,The team has concerns about integration complexity. We might need to revisit scope.,2026-09-29T00:00:00,outbound,-0.96,
1281,214,10,rep_2@revos.ai,robert.johnson@deltaforce.co,Re: Deltaforce Inc — RevOS Starter,We're evaluating Gong as well. Can you share a comparison deck?,2026-08-13T00:00:00,outbound,-0.27,
1282,214,10,rep_2@revos.ai,robert.johnson@deltaforce.co,Re: Deltaforce Inc — RevOS Starter,Our CTO left the company last week. New leadership wants to re-evaluate all vendor decisions.,2026-10-01T00:00:00,outbound,-0.23,
1283,214,10,robert.johnson@deltaforce.co,rep_2@revos.ai,Re: Deltaforce Inc — RevOS Starter,Sorry for the silence — been caught up with internal reorg. Not sure about the timeline anymore.,2026-08-21T00:00:00,inbound,-0.17,
1284,214,10,robert.johnson@deltaforce.co,rep_2@revos.ai,Re: Deltaforce Inc — RevOS Starter,We need to put this on hold. There's a hiring freeze and priorities have shifted.,2026-09-19T00:00:00,inbound,-0.52,
1285,215,93,jessica.shah@fusionware.com,rep_8@revos.ai,Re: Fusionware Inc — RevOS API,"Hi Rep_8, just checking in. Any updates on the custom integration we discussed?",2026-09-22T00:00:00,inbound,0.22,Gong
1286,215,93,jessica.shah@fusionware.com,rep_8@revos.ai,Re: Fusionware Inc — RevOS API,"Hi Rep_8, thanks for the proposal. The team reviewed it and we're keen to move forward. Can we schedule a call this week to discuss next steps?",2026-09-22T00:00:00,inbound,0.39,Salesforce Einstein
1287,215,93,rep_8@revos.ai,jessica.shah@fusionware.com,Re: Fusionware Inc — RevOS API,We've completed internal review. Legal is looking at the contract now. Expect sign-off by October 03.,2026-09-26T00:00:00,outbound,0.65,Gong
1288,215,93,jessica.shah@fusionware.com,rep_8@revos.ai,Re: Fusionware Inc — RevOS API,The ROI numbers you shared were compelling. I've looped in our CFO for budget approval.,2026-10-01T00:00:00,inbound,0.53,
1289,216,53,rep_2@revos.ai,priya.joshi@stratosai.co,Re: Stratosai Inc — RevOS Enterprise,The team has concerns about integration complexity. We might need to revisit scope.,2026-09-14T00:00:00,outbound,-0.89,
1290,216,53,priya.joshi@stratosai.co,rep_2@revos.ai,Re: Stratosai Inc — RevOS Enterprise,The team has concerns about integration complexity. We might need to revisit scope.,2026-09-17T00:00:00,inbound,-0.61,
1291,216,53,priya.joshi@stratosai.co,rep_2@revos.ai,Re: Stratosai Inc — RevOS Enterprise,We're evaluating HubSpot AI as well. Can you share a comparison deck?,2026-08-28T00:00:00,inbound,-0.89,HubSpot AI
1292,217,67,pooja.miller@xeronova.com,rep_10@revos.ai,Re: Xeronova Inc — RevOS Enterprise,We need to put this on hold. There's a hiring freeze and priorities have shifted.,2026-08-22T00:00:00,inbound,-0.86,
1293,217,67,pooja.miller@xeronova.com,rep_10@revos.ai,Re: Xeronova Inc — RevOS Enterprise,Sorry for the silence — been caught up with internal reorg. Not sure about the timeline anymore.,2026-09-10T00:00:00,inbound,-0.6,
1294,217,67,pooja.miller@xeronova.com,rep_10@revos.ai,Re: Xeronova Inc — RevOS Enterprise,We need to put this on hold. There's a hiring freeze and priorities have shifted.,2026-08-12T00:00:00,inbound,-0.54,
1295,217,67,rep_10@revos.ai,pooja.miller@xeronova.com,Re: Xeronova Inc — RevOS Enterprise,We need to put this on hold. There's a hiring freeze and priorities have shifted.,2026-09-05T00:00:00,outbound,-0.57,
1296,217,67,pooja.miller@xeronova.com,rep_10@revos.ai,Re: Xeronova Inc — RevOS Enterprise,Our CTO left the company last week. New leadership wants to re-evaluate all vendor decisions.,2026-09-11T00:00:00,inbound,-0.67,Gong
1297,217,67,rep_10@revos.ai,pooja.miller@xeronova.com,Re: Xeronova Inc — RevOS Enterprise,The team has concerns about integration complexity. We might need to revisit scope.,2026-07-21T00:00:00,outbound,-0.85,
1298,217,67,pooja.miller@xeronova.com,rep_10@revos.ai,Re: Xeronova Inc — RevOS Enterprise,The team has concerns about integration complexity. We might need to revisit scope.,2026-08-24T00:00:00,inbound,-0.92,
1299,217,67,rep_10@revos.ai,pooja.miller@xeronova.com,Re: Xeronova Inc — RevOS Enterprise,The team has concerns about integration complexity. We might need to revisit scope.,2026-07-21T00:00:00,outbound,-0.34,
1300,218,121,rep_1@revos.ai,jessica.gupta@qubitlabs.co,Re: Qubitlabs Inc — RevOS API,We need to put this on hold. There's a hiring freeze and priorities have shifted.,2026-08-28T00:00:00,outbound,-0.42,
1301,218,121,rep_1@revos.ai,jessica.gupta@qubitlabs.co,Re: Qubitlabs Inc — RevOS API,We're evaluating HubSpot AI as well. Can you share a comparison deck?,2026-10-01T00:00:00,outbound,-0.61,
1302,218,121,jessica.gupta@qubitlabs.co,rep_1@revos.ai,Re: Qubitlabs Inc — RevOS API,We're evaluating Salesforce Einstein as well. Can you share a comparison deck?,2026-08-12T00:00:00,inbound,-0.99,Salesforce Einstein
1303,218,121,rep_1@revos.ai,jessica.gupta@qubitlabs.co,Re: Qubitlabs Inc — RevOS API,Our CTO left the company last week. New leadership wants to re-evaluate all vendor decisions.,2026-09-24T00:00:00,outbound,-0.4,
1304,219,103,rep_9@revos.ai,priya.singh@innov8.co,Re: Innov8 Inc — RevOS Pro,"Hi Rep_9, we need to push the timeline. Budget freeze until next quarter. I'll keep you posted.",2026-08-26T00:00:00,outbound,-0.75,
1305,219,103,rep_9@revos.ai,priya.singh@innov8.co,Re: Innov8 Inc — RevOS Pro,Our CTO left the company last week. New leadership wants to re-evaluate all vendor decisions.,2026-09-19T00:00:00,outbound,-0.56,
1306,219,103,priya.singh@innov8.co,rep_9@revos.ai,Re: Innov8 Inc — RevOS Pro,We need to put this on hold. There's a hiring freeze and priorities have shifted.,2026-08-06T00:00:00,inbound,-0.31,
1307,219,103,rep_9@revos.ai,priya.singh@innov8.co,Re: Innov8 Inc — RevOS Pro,"Hi Rep_9, we need to push the timeline. Budget freeze until next quarter. I'll keep you posted.",2026-10-01T00:00:00,outbound,-0.77,
1308,219,103,rep_9@revos.ai,priya.singh@innov8.co,Re: Innov8 Inc — RevOS Pro,Our CTO left the company last week. New leadership wants to re-evaluate all vendor decisions.,2026-09-26T00:00:00,outbound,-0.33,
1309,219,103,priya.singh@innov8.co,rep_9@revos.ai,Re: Innov8 Inc — RevOS Pro,Our CTO left the company last week. New leadership wants to re-evaluate all vendor decisions.,2026-09-02T00:00:00,inbound,-0.37,
1310,219,103,rep_9@revos.ai,priya.singh@innov8.co,Re: Innov8 Inc — RevOS Pro,The team has concerns about integration complexity. We might need to revisit scope.,2026-08-11T00:00:00,outbound,-0.81,Salesforce Einstein
1311,219,103,rep_9@revos.ai,priya.singh@innov8.co,Re: Innov8 Inc — RevOS Pro,"Hi Rep_9, we need to push the timeline. Budget freeze until next quarter. I'll keep you posted.",2026-08-21T00:00:00,outbound,-0.88,Salesforce Einstein
1312,220,125,ritu.smith@relaystack.com,rep_1@revos.ai,Re: Relaystack Inc — RevOS Starter,Can you send over the updated pricing sheet? We need it for our internal review.,2026-08-13T00:00:00,inbound,-0.0,
1313,220,125,rep_1@revos.ai,ritu.smith@relaystack.com,Re: Relaystack Inc — RevOS Starter,Great demo yesterday! Our VP was impressed with the forecasting module. Let's discuss pricing for the enterprise tier.,2026-07-06T00:00:00,outbound,-0.29,
1314,220,125,rep_1@revos.ai,ritu.smith@relaystack.com,Re: Relaystack Inc — RevOS Starter,Thanks for the follow-up. We're still in discussion internally. Will get back to you soon.,2026-06-23T00:00:00,outbound,-0.18,Salesforce Einstein
1315,220,125,rep_1@revos.ai,ritu.smith@relaystack.com,Re: Relaystack Inc — RevOS Starter,Great demo yesterday! Our VP was impressed with the forecasting module. Let's discuss pricing for the enterprise tier.,2026-08-14T00:00:00,outbound,-0.14,
1316,220,125,ritu.smith@relaystack.com,rep_1@revos.ai,Re: Relaystack Inc — RevOS Starter,The ROI numbers you shared were compelling. I've looped in our CFO for budget approval.,2026-08-20T00:00:00,inbound,0.34,
1317,220,125,rep_1@revos.ai,ritu.smith@relaystack.com,Re: Relaystack Inc — RevOS Starter,Thanks for the follow-up. We're still in discussion internally. Will get back to you soon.,2026-08-28T00:00:00,outbound,0.52,Clari
1318,220,125,rep_1@revos.ai,ritu.smith@relaystack.com,Re: Relaystack Inc — RevOS Starter,We've completed internal review. Legal is looking at the contract now. Expect sign-off by August 03.,2026-07-27T00:00:00,outbound,0.29,
1319,220,125,ritu.smith@relaystack.com,rep_1@revos.ai,Re: Relaystack Inc — RevOS Starter,"Hi Rep_1, just checking in. Any updates on the custom integration we discussed?",2026-07-07T00:00:00,inbound,0.05,Salesforce Einstein
1320,220,125,ritu.smith@relaystack.com,rep_1@revos.ai,Re: Relaystack Inc — RevOS Starter,Great demo yesterday! Our VP was impressed with the forecasting module. Let's discuss pricing for the enterprise tier.,2026-09-01T00:00:00,inbound,0.22,
1321,220,125,rep_1@revos.ai,ritu.smith@relaystack.com,Re: Relaystack Inc — RevOS Starter,Quick update — we got budget approval. Let's finalize the SOW this week.,2026-07-17T00:00:00,outbound,0.37,
1322,221,82,rep_2@revos.ai,meera.smith@brightspark.com,Re: Brightspark Inc — RevOS Enterprise,The team has concerns about integration complexity. We might need to revisit scope.,2026-06-23T00:00:00,outbound,-0.54,
1323,221,82,rep_2@revos.ai,meera.smith@brightspark.com,Re: Brightspark Inc — RevOS Enterprise,Sorry for the silence — been caught up with internal reorg. Not sure about the timeline anymore.,2026-09-21T00:00:00,outbound,-0.83,
1324,221,82,meera.smith@brightspark.com,rep_2@revos.ai,Re: Brightspark Inc — RevOS Enterprise,Sorry for the silence — been caught up with internal reorg. Not sure about the timeline anymore.,2026-06-15T00:00:00,inbound,-0.86,
1325,221,82,meera.smith@brightspark.com,rep_2@revos.ai,Re: Brightspark Inc — RevOS Enterprise,Great demo yesterday! Our VP was impressed with the forecasting module. Let's discuss pricing for the enterprise tier.,2026-05-15T00:00:00,inbound,0.59,
1326,221,82,meera.smith@brightspark.com,rep_2@revos.ai,Re: Brightspark Inc — RevOS Enterprise,We've completed internal review. Legal is looking at the contract now. Expect sign-off by May 25.,2026-05-18T00:00:00,inbound,0.93,
1327,221,82,rep_2@revos.ai,meera.smith@brightspark.com,Re: Brightspark Inc — RevOS Enterprise,Quick update — we got budget approval. Let's finalize the SOW this week.,2026-08-22T00:00:00,outbound,0.96,
1328,221,82,rep_2@revos.ai,meera.smith@brightspark.com,Re: Brightspark Inc — RevOS Enterprise,Great demo yesterday! Our VP was impressed with the forecasting module. Let's discuss pricing for the enterprise tier.,2026-07-15T00:00:00,outbound,0.48,
1329,221,82,meera.smith@brightspark.com,rep_2@revos.ai,Re: Brightspark Inc — RevOS Enterprise,The ROI numbers you shared were compelling. I've looped in our CFO for budget approval.,2026-04-16T00:00:00,inbound,0.54,
1330,221,82,meera.smith@brightspark.com,rep_2@revos.ai,Re: Brightspark Inc — RevOS Enterprise,The team has concerns about integration complexity. We might need to revisit scope.,2026-07-30T00:00:00,inbound,-0.94,
1331,221,82,rep_2@revos.ai,meera.smith@brightspark.com,Re: Brightspark Inc — RevOS Enterprise,We've completed internal review. Legal is looking at the contract now. Expect sign-off by June 26.,2026-06-19T00:00:00,outbound,0.9,Clari
1332,222,105,rep_10@revos.ai,david.rao@junctionai.com,Re: Junctionai Inc — RevOS API,Great demo yesterday! Our VP was impressed with the forecasting module. Let's discuss pricing for the enterprise tier.,2026-09-09T00:00:00,outbound,0.86,
1333,222,105,rep_10@revos.ai,david.rao@junctionai.com,Re: Junctionai Inc — RevOS API,The ROI numbers you shared were compelling. I've looped in our CFO for budget approval.,2026-07-02T00:00:00,outbound,0.31,
1334,222,105,rep_10@revos.ai,david.rao@junctionai.com,Re: Junctionai Inc — RevOS API,"Hi Rep_10, thanks for the proposal. The team reviewed it and we're keen to move forward. Can we schedule a call this week to discuss next steps?",2026-08-01T00:00:00,outbound,0.62,
1335,222,105,david.rao@junctionai.com,rep_10@revos.ai,Re: Junctionai Inc — RevOS API,Quick update — we got budget approval. Let's finalize the SOW this week.,2026-08-24T00:00:00,inbound,0.51,
1336,222,105,david.rao@junctionai.com,rep_10@revos.ai,Re: Junctionai Inc — RevOS API,The ROI numbers you shared were compelling. I've looped in our CFO for budget approval.,2026-06-20T00:00:00,inbound,0.34,HubSpot AI
1337,222,105,david.rao@junctionai.com,rep_10@revos.ai,Re: Junctionai Inc — RevOS API,Quick update — we got budget approval. Let's finalize the SOW this week.,2026-08-05T00:00:00,inbound,0.82,HubSpot AI
1338,222,105,david.rao@junctionai.com,rep_10@revos.ai,Re: Junctionai Inc — RevOS API,We've completed internal review. Legal is looking at the contract now. Expect sign-off by July 29.,2026-07-22T00:00:00,inbound,0.77,Gong
1339,222,105,david.rao@junctionai.com,rep_10@revos.ai,Re: Junctionai Inc — RevOS API,The ROI numbers you shared were compelling. I've looped in our CFO for budget approval.,2026-08-30T00:00:00,inbound,0.72,
1340,222,105,david.rao@junctionai.com,rep_10@revos.ai,Re: Junctionai Inc — RevOS API,We've completed internal review. Legal is looking at the contract now. Expect sign-off by September 20.,2026-09-13T00:00:00,inbound,0.99,
1341,222,105,david.rao@junctionai.com,rep_10@revos.ai,Re: Junctionai Inc — RevOS API,The ROI numbers you shared were compelling. I've looped in our CFO for budget approval.,2026-06-09T00:00:00,inbound,0.73,
1342,223,109,rohan.sharma@luminance.io,rep_6@revos.ai,Re: Luminance Inc — RevOS API,The ROI numbers you shared were compelling. I've looped in our CFO for budget approval.,2026-07-21T00:00:00,inbound,0.83,
1343,223,109,rohan.sharma@luminance.io,rep_6@revos.ai,Re: Luminance Inc — RevOS API,Great demo yesterday! Our VP was impressed with the forecasting module. Let's discuss pricing for the enterprise tier.,2026-09-08T00:00:00,inbound,0.7,
1344,223,109,rohan.sharma@luminance.io,rep_6@revos.ai,Re: Luminance Inc — RevOS API,Sorry for the silence — been caught up with internal reorg. Not sure about the timeline anymore.,2026-07-26T00:00:00,inbound,-1.0,
1345,223,109,rep_6@revos.ai,rohan.sharma@luminance.io,Re: Luminance Inc — RevOS API,"Hi Rep_6, we need to push the timeline. Budget freeze until next quarter. I'll keep you posted.",2026-07-04T00:00:00,outbound,-0.28,
1346,223,109,rohan.sharma@luminance.io,rep_6@revos.ai,Re: Luminance Inc — RevOS API,Quick update — we got budget approval. Let's finalize the SOW this week.,2026-07-30T00:00:00,inbound,0.89,People.ai
1347,223,109,rep_6@revos.ai,rohan.sharma@luminance.io,Re: Luminance Inc — RevOS API,"Hi Rep_6, thanks for the proposal. The team reviewed it and we're keen to move forward. Can we schedule a call this week to discuss next steps?",2026-06-18T00:00:00,outbound,0.69,
1348,224,95,rep_7@revos.ai,priya.jones@fusionware.com,Re: Fusionware Inc — RevOS API,Sorry for the silence — been caught up with internal reorg. Not sure about the timeline anymore.,2026-09-28T00:00:00,outbound,-0.59,
1349,224,95,rep_7@revos.ai,priya.jones@fusionware.com,Re: Fusionware Inc — RevOS API,Our CTO left the company last week. New leadership wants to re-evaluate all vendor decisions.,2026-09-16T00:00:00,outbound,-0.19,
1350,224,95,priya.jones@fusionware.com,rep_7@revos.ai,Re: Fusionware Inc — RevOS API,"Hi Rep_7, we need to push the timeline. Budget freeze until next quarter. I'll keep you posted.",2026-09-29T00:00:00,inbound,-0.55,
1351,224,95,rep_7@revos.ai,priya.jones@fusionware.com,Re: Fusionware Inc — RevOS API,Our CTO left the company last week. New leadership wants to re-evaluate all vendor decisions.,2026-09-17T00:00:00,outbound,-0.21,
1352,224,95,rep_7@revos.ai,priya.jones@fusionware.com,Re: Fusionware Inc — RevOS API,Our CTO left the company last week. New leadership wants to re-evaluate all vendor decisions.,2026-09-29T00:00:00,outbound,-0.62,Clari
1353,224,95,priya.jones@fusionware.com,rep_7@revos.ai,Re: Fusionware Inc — RevOS API,"Hi Rep_7, we need to push the timeline. Budget freeze until next quarter. I'll keep you posted.",2026-09-20T00:00:00,inbound,-0.34,
1354,224,95,rep_7@revos.ai,priya.jones@fusionware.com,Re: Fusionware Inc — RevOS API,Our CTO left the company last week. New leadership wants to re-evaluate all vendor decisions.,2026-09-30T00:00:00,outbound,-0.32,
1355,224,95,rep_7@revos.ai,priya.jones@fusionware.com,Re: Fusionware Inc — RevOS API,Sorry for the silence — been caught up with internal reorg. Not sure about the timeline anymore.,2026-09-18T00:00:00,outbound,-0.74,
1356,224,95,rep_7@revos.ai,priya.jones@fusionware.com,Re: Fusionware Inc — RevOS API,We need to put this on hold. There's a hiring freeze and priorities have shifted.,2026-09-16T00:00:00,outbound,-1.0,
1357,225,43,rep_5@revos.ai,arjun.patel@prismdata.com,Re: Prismdata Inc — RevOS Enterprise,Can you send over the updated pricing sheet? We need it for our internal review.,2026-07-27T00:00:00,outbound,0.12,
1358,225,43,arjun.patel@prismdata.com,rep_5@revos.ai,Re: Prismdata Inc — RevOS Enterprise,We've completed internal review. Legal is looking at the contract now. Expect sign-off by August 29.,2026-08-22T00:00:00,inbound,0.21,
1359,225,43,arjun.patel@prismdata.com,rep_5@revos.ai,Re: Prismdata Inc — RevOS Enterprise,"Hi Rep_5, thanks for the proposal. The team reviewed it and we're keen to move forward. Can we schedule a call this week to discuss next steps?",2026-09-24T00:00:00,inbound,-0.18,
1360,225,43,rep_5@revos.ai,arjun.patel@prismdata.com,Re: Prismdata Inc — RevOS Enterprise,Quick update — we got budget approval. Let's finalize the SOW this week.,2026-08-13T00:00:00,outbound,0.96,Clari
1361,225,43,arjun.patel@prismdata.com,rep_5@revos.ai,Re: Prismdata Inc — RevOS Enterprise,Quick update — we got budget approval. Let's finalize the SOW this week.,2026-08-04T00:00:00,inbound,0.34,
1362,226,40,rep_4@revos.ai,jennifer.brown@omnilayer.co,Re: Omnilayer Inc — RevOS Pro,Our CTO left the company last week. New leadership wants to re-evaluate all vendor decisions.,2026-07-11T00:00:00,outbound,-0.44,
1363,226,40,jennifer.brown@omnilayer.co,rep_4@revos.ai,Re: Omnilayer Inc — RevOS Pro,Our CTO left the company last week. New leadership wants to re-evaluate all vendor decisions.,2026-07-28T00:00:00,inbound,-0.75,
1364,226,40,rep_4@revos.ai,jennifer.brown@omnilayer.co,Re: Omnilayer Inc — RevOS Pro,The team has concerns about integration complexity. We might need to revisit scope.,2026-07-30T00:00:00,outbound,-0.37,HubSpot AI
1365,226,40,rep_4@revos.ai,jennifer.brown@omnilayer.co,Re: Omnilayer Inc — RevOS Pro,Sorry for the silence — been caught up with internal reorg. Not sure about the timeline anymore.,2026-09-10T00:00:00,outbound,-0.72,Salesforce Einstein
1366,226,40,jennifer.brown@omnilayer.co,rep_4@revos.ai,Re: Omnilayer Inc — RevOS Pro,Our CTO left the company last week. New leadership wants to re-evaluate all vendor decisions.,2026-08-07T00:00:00,inbound,-0.44,HubSpot AI
1367,226,40,jennifer.brown@omnilayer.co,rep_4@revos.ai,Re: Omnilayer Inc — RevOS Pro,Our CTO left the company last week. New leadership wants to re-evaluate all vendor decisions.,2026-07-28T00:00:00,inbound,-0.94,
1368,226,40,rep_4@revos.ai,jennifer.brown@omnilayer.co,Re: Omnilayer Inc — RevOS Pro,"Hi Rep_4, we need to push the timeline. Budget freeze until next quarter. I'll keep you posted.",2026-07-12T00:00:00,outbound,-0.5,
1369,226,40,rep_4@revos.ai,jennifer.brown@omnilayer.co,Re: Omnilayer Inc — RevOS Pro,Sorry for the silence — been caught up with internal reorg. Not sure about the timeline anymore.,2026-08-05T00:00:00,outbound,-0.26,Gong
1370,227,81,rep_7@revos.ai,amanda.smith@alphacloud.co,Re: Alphacloud Inc — RevOS API,"Hi Rep_7, thanks for the proposal. The team reviewed it and we're keen to move forward. Can we schedule a call this week to discuss next steps?",2026-08-28T00:00:00,outbound,0.17,
1371,227,81,rep_7@revos.ai,amanda.smith@alphacloud.co,Re: Alphacloud Inc — RevOS API,Can you send over the updated pricing sheet? We need it for our internal review.,2026-06-21T00:00:00,outbound,-0.16,
1372,227,81,amanda.smith@alphacloud.co,rep_7@revos.ai,Re: Alphacloud Inc — RevOS API,Can you send over the updated pricing sheet? We need it for our internal review.,2026-09-14T00:00:00,inbound,0.54,
1373,227,81,amanda.smith@alphacloud.co,rep_7@revos.ai,Re: Alphacloud Inc — RevOS API,We've completed internal review. Legal is looking at the contract now. Expect sign-off by September 11.,2026-09-04T00:00:00,inbound,0.36,
1374,227,81,amanda.smith@alphacloud.co,rep_7@revos.ai,Re: Alphacloud Inc — RevOS API,The ROI numbers you shared were compelling. I've looped in our CFO for budget approval.,2026-08-28T00:00:00,inbound,0.46,
1375,227,81,amanda.smith@alphacloud.co,rep_7@revos.ai,Re: Alphacloud Inc — RevOS API,Quick update — we got budget approval. Let's finalize the SOW this week.,2026-07-01T00:00:00,inbound,-0.29,
1376,228,35,sarah.joshi@metaverse.in,rep_4@revos.ai,Re: Metaverse Inc — RevOS Enterprise,Quick update — we got budget approval. Let's finalize the SOW this week.,2026-08-05T00:00:00,inbound,0.39,
1377,228,35,sarah.joshi@metaverse.in,rep_4@revos.ai,Re: Metaverse Inc — RevOS Enterprise,Quick update — we got budget approval. Let's finalize the SOW this week.,2026-08-08T00:00:00,inbound,0.72,Salesforce Einstein
1378,229,115,rep_10@revos.ai,lisa.joshi@orchidtech.in,Re: Orchidtech Inc — RevOS Analytics,The team has concerns about integration complexity. We might need to revisit scope.,2026-09-26T00:00:00,outbound,-0.45,
1379,229,115,lisa.joshi@orchidtech.in,rep_10@revos.ai,Re: Orchidtech Inc — RevOS Analytics,We need to put this on hold. There's a hiring freeze and priorities have shifted.,2026-09-19T00:00:00,inbound,-0.72,
1380,229,115,rep_10@revos.ai,lisa.joshi@orchidtech.in,Re: Orchidtech Inc — RevOS Analytics,Our CTO left the company last week. New leadership wants to re-evaluate all vendor decisions.,2026-09-02T00:00:00,outbound,-0.63,
1381,229,115,lisa.joshi@orchidtech.in,rep_10@revos.ai,Re: Orchidtech Inc — RevOS Analytics,The team has concerns about integration complexity. We might need to revisit scope.,2026-08-20T00:00:00,inbound,-0.38,People.ai
1382,229,115,rep_10@revos.ai,lisa.joshi@orchidtech.in,Re: Orchidtech Inc — RevOS Analytics,We need to put this on hold. There's a hiring freeze and priorities have shifted.,2026-09-23T00:00:00,outbound,-0.91,Gong
1383,229,115,lisa.joshi@orchidtech.in,rep_10@revos.ai,Re: Orchidtech Inc — RevOS Analytics,The team has concerns about integration complexity. We might need to revisit scope.,2026-08-19T00:00:00,inbound,-0.69,People.ai
1384,230,48,sarah.shah@quantleap.in,rep_10@revos.ai,Re: Quantleap Inc — RevOS Starter,Great demo yesterday! Our VP was impressed with the forecasting module. Let's discuss pricing for the enterprise tier.,2026-09-27T00:00:00,inbound,0.75,
1385,230,48,rep_10@revos.ai,sarah.shah@quantleap.in,Re: Quantleap Inc — RevOS Starter,We've completed internal review. Legal is looking at the contract now. Expect sign-off by September 20.,2026-09-13T00:00:00,outbound,0.48,
1386,230,48,rep_10@revos.ai,sarah.shah@quantleap.in,Re: Quantleap Inc — RevOS Starter,Quick update — we got budget approval. Let's finalize the SOW this week.,2026-09-18T00:00:00,outbound,0.45,
1387,230,48,sarah.shah@quantleap.in,rep_10@revos.ai,Re: Quantleap Inc — RevOS Starter,The ROI numbers you shared were compelling. I've looped in our CFO for budget approval.,2026-09-18T00:00:00,inbound,0.97,
1388,230,48,sarah.shah@quantleap.in,rep_10@revos.ai,Re: Quantleap Inc — RevOS Starter,We've completed internal review. Legal is looking at the contract now. Expect sign-off by September 12.,2026-09-05T00:00:00,inbound,0.9,Gong
1389,230,48,sarah.shah@quantleap.in,rep_10@revos.ai,Re: Quantleap Inc — RevOS Starter,The ROI numbers you shared were compelling. I've looped in our CFO for budget approval.,2026-09-27T00:00:00,inbound,0.87,
1390,230,48,sarah.shah@quantleap.in,rep_10@revos.ai,Re: Quantleap Inc — RevOS Starter,The ROI numbers you shared were compelling. I've looped in our CFO for budget approval.,2026-09-03T00:00:00,inbound,0.91,
1391,231,52,michael.iyer@raptorx.io,rep_4@revos.ai,Re: Raptorx Inc — RevOS Pro,"Hi Rep_4, thanks for the proposal. The team reviewed it and we're keen to move forward. Can we schedule a call this week to discuss next steps?",2026-09-28T00:00:00,inbound,0.27,
1392,231,52,rep_4@revos.ai,michael.iyer@raptorx.io,Re: Raptorx Inc — RevOS Pro,The ROI numbers you shared were compelling. I've looped in our CFO for budget approval.,2026-09-30T00:00:00,outbound,0.16,People.ai
1393,231,52,rep_4@revos.ai,michael.iyer@raptorx.io,Re: Raptorx Inc — RevOS Pro,"Hi Rep_4, thanks for the proposal. The team reviewed it and we're keen to move forward. Can we schedule a call this week to discuss next steps?",2026-09-27T00:00:00,outbound,0.44,
1394,231,52,rep_4@revos.ai,michael.iyer@raptorx.io,Re: Raptorx Inc — RevOS Pro,Can you send over the updated pricing sheet? We need it for our internal review.,2026-09-26T00:00:00,outbound,0.09,
1395,231,52,rep_4@revos.ai,michael.iyer@raptorx.io,Re: Raptorx Inc — RevOS Pro,"Hi Rep_4, thanks for the proposal. The team reviewed it and we're keen to move forward. Can we schedule a call this week to discuss next steps?",2026-09-29T00:00:00,outbound,0.38,
1396,231,52,michael.iyer@raptorx.io,rep_4@revos.ai,Re: Raptorx Inc — RevOS Pro,Quick update — we got budget approval. Let's finalize the SOW this week.,2026-09-23T00:00:00,inbound,0.03,
1397,231,52,michael.iyer@raptorx.io,rep_4@revos.ai,Re: Raptorx Inc — RevOS Pro,Quick update — we got budget approval. Let's finalize the SOW this week.,2026-09-22T00:00:00,inbound,-0.09,
1398,231,52,rep_4@revos.ai,michael.iyer@raptorx.io,Re: Raptorx Inc — RevOS Pro,"Hi Rep_4, thanks for the proposal. The team reviewed it and we're keen to move forward. Can we schedule a call this week to discuss next steps?",2026-09-28T00:00:00,outbound,0.34,HubSpot AI
1399,231,52,rep_4@revos.ai,michael.iyer@raptorx.io,Re: Raptorx Inc — RevOS Pro,We've completed internal review. Legal is looking at the contract now. Expect sign-off by September 28.,2026-09-21T00:00:00,outbound,0.53,
1400,232,57,pooja.jones@truepathsys.com,rep_8@revos.ai,Re: Truepathsys Inc — RevOS Enterprise,The ROI numbers you shared were compelling. I've looped in our CFO for budget approval.,2026-06-08T00:00:00,inbound,0.9,
1401,232,57,rep_8@revos.ai,pooja.jones@truepathsys.com,Re: Truepathsys Inc — RevOS Enterprise,Our CTO left the company last week. New leadership wants to re-evaluate all vendor decisions.,2026-04-28T00:00:00,outbound,-0.78,
1402,232,57,rep_8@revos.ai,pooja.jones@truepathsys.com,Re: Truepathsys Inc — RevOS Enterprise,We're evaluating Clari as well. Can you share a comparison deck?,2026-07-30T00:00:00,outbound,-0.73,
1403,232,57,rep_8@revos.ai,pooja.jones@truepathsys.com,Re: Truepathsys Inc — RevOS Enterprise,"Hi Rep_8, thanks for the proposal. The team reviewed it and we're keen to move forward. Can we schedule a call this week to discuss next steps?",2026-08-09T00:00:00,outbound,0.54,
1404,233,126,rep_5@revos.ai,david.rao@relaystack.com,Re: Relaystack Inc — RevOS API,"Hi Rep_5, we need to push the timeline. Budget freeze until next quarter. I'll keep you posted.",2026-09-29T00:00:00,outbound,-0.17,
1405,233,126,rep_5@revos.ai,david.rao@relaystack.com,Re: Relaystack Inc — RevOS API,Our CTO left the company last week. New leadership wants to re-evaluate all vendor decisions.,2026-09-28T00:00:00,outbound,-0.9,
1406,233,126,rep_5@revos.ai,david.rao@relaystack.com,Re: Relaystack Inc — RevOS API,The team has concerns about integration complexity. We might need to revisit scope.,2026-09-22T00:00:00,outbound,-0.99,Clari
1407,233,126,david.rao@relaystack.com,rep_5@revos.ai,Re: Relaystack Inc — RevOS API,We need to put this on hold. There's a hiring freeze and priorities have shifted.,2026-09-23T00:00:00,inbound,-0.92,
1408,233,126,rep_5@revos.ai,david.rao@relaystack.com,Re: Relaystack Inc — RevOS API,We're evaluating Clari as well. Can you share a comparison deck?,2026-09-22T00:00:00,outbound,-0.29,Clari
1409,233,126,rep_5@revos.ai,david.rao@relaystack.com,Re: Relaystack Inc — RevOS API,We need to put this on hold. There's a hiring freeze and priorities have shifted.,2026-09-25T00:00:00,outbound,-0.2,
1410,233,126,david.rao@relaystack.com,rep_5@revos.ai,Re: Relaystack Inc — RevOS API,Sorry for the silence — been caught up with internal reorg. Not sure about the timeline anymore.,2026-09-25T00:00:00,inbound,-0.27,
1411,234,61,aarav.williams@vantagepoint.io,rep_1@revos.ai,Re: Vantagepoint Inc — RevOS Starter,We need to put this on hold. There's a hiring freeze and priorities have shifted.,2026-07-17T00:00:00,inbound,-0.23,
1412,234,61,aarav.williams@vantagepoint.io,rep_1@revos.ai,Re: Vantagepoint Inc — RevOS Starter,"Hi Rep_1, we need to push the timeline. Budget freeze until next quarter. I'll keep you posted.",2026-08-19T00:00:00,inbound,-0.27,
1413,234,61,aarav.williams@vantagepoint.io,rep_1@revos.ai,Re: Vantagepoint Inc — RevOS Starter,We need to put this on hold. There's a hiring freeze and priorities have shifted.,2026-08-27T00:00:00,inbound,-0.42,
1414,234,61,aarav.williams@vantagepoint.io,rep_1@revos.ai,Re: Vantagepoint Inc — RevOS Starter,We're evaluating HubSpot AI as well. Can you share a comparison deck?,2026-08-06T00:00:00,inbound,-0.63,
1415,234,61,rep_1@revos.ai,aarav.williams@vantagepoint.io,Re: Vantagepoint Inc — RevOS Starter,Sorry for the silence — been caught up with internal reorg. Not sure about the timeline anymore.,2026-07-29T00:00:00,outbound,-0.61,Salesforce Einstein
1416,234,61,rep_1@revos.ai,aarav.williams@vantagepoint.io,Re: Vantagepoint Inc — RevOS Starter,Sorry for the silence — been caught up with internal reorg. Not sure about the timeline anymore.,2026-07-31T00:00:00,outbound,-0.18,
1417,235,132,daniel.davis@uplinkai.co,rep_10@revos.ai,Re: Uplinkai Inc — RevOS Pro,We're evaluating Gong as well. Can you share a comparison deck?,2026-07-31T00:00:00,inbound,-0.88,
1418,235,132,rep_10@revos.ai,daniel.davis@uplinkai.co,Re: Uplinkai Inc — RevOS Pro,Our CTO left the company last week. New leadership wants to re-evaluate all vendor decisions.,2026-08-06T00:00:00,outbound,-0.51,HubSpot AI
1419,235,132,rep_10@revos.ai,daniel.davis@uplinkai.co,Re: Uplinkai Inc — RevOS Pro,Our CTO left the company last week. New leadership wants to re-evaluate all vendor decisions.,2026-08-04T00:00:00,outbound,-0.8,
1420,235,132,daniel.davis@uplinkai.co,rep_10@revos.ai,Re: Uplinkai Inc — RevOS Pro,Sorry for the silence — been caught up with internal reorg. Not sure about the timeline anymore.,2026-08-23T00:00:00,inbound,-0.22,
1421,235,132,daniel.davis@uplinkai.co,rep_10@revos.ai,Re: Uplinkai Inc — RevOS Pro,The team has concerns about integration complexity. We might need to revisit scope.,2026-08-19T00:00:00,inbound,-0.75,
1422,235,132,daniel.davis@uplinkai.co,rep_10@revos.ai,Re: Uplinkai Inc — RevOS Pro,The team has concerns about integration complexity. We might need to revisit scope.,2026-08-29T00:00:00,inbound,-0.98,People.ai
1423,236,126,rep_3@revos.ai,david.rao@relaystack.com,Re: Relaystack Inc — RevOS API,The ROI numbers you shared were compelling. I've looped in our CFO for budget approval.,2026-09-30T00:00:00,outbound,0.51,
1424,236,126,rep_3@revos.ai,david.rao@relaystack.com,Re: Relaystack Inc — RevOS API,Great demo yesterday! Our VP was impressed with the forecasting module. Let's discuss pricing for the enterprise tier.,2026-08-08T00:00:00,outbound,0.91,
1425,236,126,david.rao@relaystack.com,rep_3@revos.ai,Re: Relaystack Inc — RevOS API,The ROI numbers you shared were compelling. I've looped in our CFO for budget approval.,2026-06-29T00:00:00,inbound,0.47,
1426,236,126,david.rao@relaystack.com,rep_3@revos.ai,Re: Relaystack Inc — RevOS API,Quick update — we got budget approval. Let's finalize the SOW this week.,2026-08-10T00:00:00,inbound,0.71,
1427,236,126,rep_3@revos.ai,david.rao@relaystack.com,Re: Relaystack Inc — RevOS API,We've completed internal review. Legal is looking at the contract now. Expect sign-off by October 02.,2026-09-25T00:00:00,outbound,0.55,
1428,237,133,rep_5@revos.ai,william.sharma@uplinkai.co,Re: Uplinkai Inc — RevOS Starter,The team has concerns about integration complexity. We might need to revisit scope.,2026-08-30T00:00:00,outbound,-0.27,Salesforce Einstein
1429,237,133,william.sharma@uplinkai.co,rep_5@revos.ai,Re: Uplinkai Inc — RevOS Starter,Our CTO left the company last week. New leadership wants to re-evaluate all vendor decisions.,2026-07-04T00:00:00,inbound,-0.71,
1430,237,133,rep_5@revos.ai,william.sharma@uplinkai.co,Re: Uplinkai Inc — RevOS Starter,We're evaluating Clari as well. Can you share a comparison deck?,2026-08-10T00:00:00,outbound,-0.25,
1431,237,133,rep_5@revos.ai,william.sharma@uplinkai.co,Re: Uplinkai Inc — RevOS Starter,Quick update — we got budget approval. Let's finalize the SOW this week.,2026-08-02T00:00:00,outbound,0.58,
1432,238,110,priya.miller@luminance.io,rep_10@revos.ai,Re: Luminance Inc — RevOS API,The ROI numbers you shared were compelling. I've looped in our CFO for budget approval.,2026-09-03T00:00:00,inbound,0.83,
1433,238,110,rep_10@revos.ai,priya.miller@luminance.io,Re: Luminance Inc — RevOS API,"Hi Rep_10, thanks for the proposal. The team reviewed it and we're keen to move forward. Can we schedule a call this week to discuss next steps?",2026-08-27T00:00:00,outbound,0.56,
1434,238,110,priya.miller@luminance.io,rep_10@revos.ai,Re: Luminance Inc — RevOS API,"Hi Rep_10, thanks for the proposal. The team reviewed it and we're keen to move forward. Can we schedule a call this week to discuss next steps?",2026-09-29T00:00:00,inbound,0.48,
1435,238,110,rep_10@revos.ai,priya.miller@luminance.io,Re: Luminance Inc — RevOS API,"Hi Rep_10, thanks for the proposal. The team reviewed it and we're keen to move forward. Can we schedule a call this week to discuss next steps?",2026-09-21T00:00:00,outbound,-0.24,
1436,239,96,michael.iyer@globecast.in,rep_3@revos.ai,Re: Globecast Inc — RevOS Starter,We've completed internal review. Legal is looking at the contract now. Expect sign-off by July 31.,2026-07-24T00:00:00,inbound,0.5,
1437,239,96,rep_3@revos.ai,michael.iyer@globecast.in,Re: Globecast Inc — RevOS Starter,"Hi Rep_3, thanks for the proposal. The team reviewed it and we're keen to move forward. Can we schedule a call this week to discuss next steps?",2026-09-08T00:00:00,outbound,0.66,Salesforce Einstein
1438,240,88,rep_6@revos.ai,kavita.mehta@datavault.io,Re: Datavault Inc — RevOS Starter,"Hi Rep_6, we need to push the timeline. Budget freeze until next quarter. I'll keep you posted.",2026-09-27T00:00:00,outbound,-0.95,
1439,240,88,rep_6@revos.ai,kavita.mehta@datavault.io,Re: Datavault Inc — RevOS Starter,"Hi Rep_6, we need to push the timeline. Budget freeze until next quarter. I'll keep you posted.",2026-09-10T00:00:00,outbound,-0.72,
1440,240,88,kavita.mehta@datavault.io,rep_6@revos.ai,Re: Datavault Inc — RevOS Starter,The team has concerns about integration complexity. We might need to revisit scope.,2026-08-27T00:00:00,inbound,-0.79,
1441,240,88,kavita.mehta@datavault.io,rep_6@revos.ai,Re: Datavault Inc — RevOS Starter,"Hi Rep_6, we need to push the timeline. Budget freeze until next quarter. I'll keep you posted.",2026-09-02T00:00:00,inbound,-0.15,
1442,240,88,rep_6@revos.ai,kavita.mehta@datavault.io,Re: Datavault Inc — RevOS Starter,"Hi Rep_6, we need to push the timeline. Budget freeze until next quarter. I'll keep you posted.",2026-08-07T00:00:00,outbound,-0.51,HubSpot AI
1443,240,88,rep_6@revos.ai,kavita.mehta@datavault.io,Re: Datavault Inc — RevOS Starter,Our CTO left the company last week. New leadership wants to re-evaluate all vendor decisions.,2026-09-15T00:00:00,outbound,-0.71,
1444,240,88,kavita.mehta@datavault.io,rep_6@revos.ai,Re: Datavault Inc — RevOS Starter,Sorry for the silence — been caught up with internal reorg. Not sure about the timeline anymore.,2026-08-26T00:00:00,inbound,-0.24,
1445,240,88,kavita.mehta@datavault.io,rep_6@revos.ai,Re: Datavault Inc — RevOS Starter,Sorry for the silence — been caught up with internal reorg. Not sure about the timeline anymore.,2026-09-11T00:00:00,inbound,-0.26,
1446,240,88,kavita.mehta@datavault.io,rep_6@revos.ai,Re: Datavault Inc — RevOS Starter,The team has concerns about integration complexity. We might need to revisit scope.,2026-08-22T00:00:00,inbound,-0.84,
1447,240,88,rep_6@revos.ai,kavita.mehta@datavault.io,Re: Datavault Inc — RevOS Starter,"Hi Rep_6, we need to push the timeline. Budget freeze until next quarter. I'll keep you posted.",2026-08-07T00:00:00,outbound,-0.83,Clari
1448,241,37,rep_7@revos.ai,anjali.davis@nexatech.io,Re: Nexatech Inc — RevOS Analytics,We've completed internal review. Legal is looking at the contract now. Expect sign-off by September 16.,2026-09-09T00:00:00,outbound,0.52,
1449,241,37,rep_7@revos.ai,anjali.davis@nexatech.io,Re: Nexatech Inc — RevOS Analytics,"Hi Rep_7, thanks for the proposal. The team reviewed it and we're keen to move forward. Can we schedule a call this week to discuss next steps?",2026-08-14T00:00:00,outbound,0.37,
1450,241,37,rep_7@revos.ai,anjali.davis@nexatech.io,Re: Nexatech Inc — RevOS Analytics,"Hi Rep_7, thanks for the proposal. The team reviewed it and we're keen to move forward. Can we schedule a call this week to discuss next steps?",2026-08-14T00:00:00,outbound,0.52,Salesforce Einstein
1451,241,37,anjali.davis@nexatech.io,rep_7@revos.ai,Re: Nexatech Inc — RevOS Analytics,The ROI numbers you shared were compelling. I've looped in our CFO for budget approval.,2026-09-29T00:00:00,inbound,0.6,Clari
1452,241,37,anjali.davis@nexatech.io,rep_7@revos.ai,Re: Nexatech Inc — RevOS Analytics,Great demo yesterday! Our VP was impressed with the forecasting module. Let's discuss pricing for the enterprise tier.,2026-09-29T00:00:00,inbound,0.49,Gong
1453,241,37,anjali.davis@nexatech.io,rep_7@revos.ai,Re: Nexatech Inc — RevOS Analytics,Great demo yesterday! Our VP was impressed with the forecasting module. Let's discuss pricing for the enterprise tier.,2026-09-02T00:00:00,inbound,0.33,
1454,241,37,anjali.davis@nexatech.io,rep_7@revos.ai,Re: Nexatech Inc — RevOS Analytics,"Hi Rep_7, just checking in. Any updates on the custom integration we discussed?",2026-09-23T00:00:00,inbound,0.47,Clari
1455,241,37,rep_7@revos.ai,anjali.davis@nexatech.io,Re: Nexatech Inc — RevOS Analytics,Great demo yesterday! Our VP was impressed with the forecasting module. Let's discuss pricing for the enterprise tier.,2026-08-26T00:00:00,outbound,0.7,HubSpot AI
1456,241,37,anjali.davis@nexatech.io,rep_7@revos.ai,Re: Nexatech Inc — RevOS Analytics,The ROI numbers you shared were compelling. I've looped in our CFO for budget approval.,2026-09-23T00:00:00,inbound,0.97,People.ai
1457,241,37,anjali.davis@nexatech.io,rep_7@revos.ai,Re: Nexatech Inc — RevOS Analytics,Great demo yesterday! Our VP was impressed with the forecasting module. Let's discuss pricing for the enterprise tier.,2026-08-26T00:00:00,inbound,0.0,
1458,242,7,ritu.smith@clearstack.io,rep_4@revos.ai,Re: Clearstack Inc — RevOS Starter,Great demo yesterday! Our VP was impressed with the forecasting module. Let's discuss pricing for the enterprise tier.,2026-09-24T00:00:00,inbound,-0.13,
1459,242,7,rep_4@revos.ai,ritu.smith@clearstack.io,Re: Clearstack Inc — RevOS Starter,Quick update — we got budget approval. Let's finalize the SOW this week.,2026-10-01T00:00:00,outbound,0.09,HubSpot AI
1460,242,7,rep_4@revos.ai,ritu.smith@clearstack.io,Re: Clearstack Inc — RevOS Starter,"Hi Rep_4, thanks for the proposal. The team reviewed it and we're keen to move forward. Can we schedule a call this week to discuss next steps?",2026-09-23T00:00:00,outbound,-0.06,
1461,242,7,rep_4@revos.ai,ritu.smith@clearstack.io,Re: Clearstack Inc — RevOS Starter,The ROI numbers you shared were compelling. I've looped in our CFO for budget approval.,2026-09-30T00:00:00,outbound,0.38,
1462,242,7,ritu.smith@clearstack.io,rep_4@revos.ai,Re: Clearstack Inc — RevOS Starter,We've completed internal review. Legal is looking at the contract now. Expect sign-off by October 03.,2026-09-26T00:00:00,inbound,-0.14,
1463,242,7,rep_4@revos.ai,ritu.smith@clearstack.io,Re: Clearstack Inc — RevOS Starter,Can you send over the updated pricing sheet? We need it for our internal review.,2026-09-22T00:00:00,outbound,0.0,Salesforce Einstein
1464,243,29,rep_9@revos.ai,kavita.das@kinetiq.io,Re: Kinetiq Inc — RevOS API,Quick update — we got budget approval. Let's finalize the SOW this week.,2026-08-28T00:00:00,outbound,0.89,People.ai
1465,243,29,kavita.das@kinetiq.io,rep_9@revos.ai,Re: Kinetiq Inc — RevOS API,Great demo yesterday! Our VP was impressed with the forecasting module. Let's discuss pricing for the enterprise tier.,2026-08-26T00:00:00,inbound,0.91,
1466,243,29,rep_9@revos.ai,kavita.das@kinetiq.io,Re: Kinetiq Inc — RevOS API,We've completed internal review. Legal is looking at the contract now. Expect sign-off by October 02.,2026-09-25T00:00:00,outbound,0.37,
1467,243,29,kavita.das@kinetiq.io,rep_9@revos.ai,Re: Kinetiq Inc — RevOS API,The ROI numbers you shared were compelling. I've looped in our CFO for budget approval.,2026-08-24T00:00:00,inbound,0.89,
1468,243,29,rep_9@revos.ai,kavita.das@kinetiq.io,Re: Kinetiq Inc — RevOS API,We've completed internal review. Legal is looking at the contract now. Expect sign-off by August 04.,2026-07-28T00:00:00,outbound,0.95,
1469,243,29,kavita.das@kinetiq.io,rep_9@revos.ai,Re: Kinetiq Inc — RevOS API,Great demo yesterday! Our VP was impressed with the forecasting module. Let's discuss pricing for the enterprise tier.,2026-08-17T00:00:00,inbound,0.69,
1470,243,29,kavita.das@kinetiq.io,rep_9@revos.ai,Re: Kinetiq Inc — RevOS API,Quick update — we got budget approval. Let's finalize the SOW this week.,2026-08-29T00:00:00,inbound,0.69,
1471,243,29,kavita.das@kinetiq.io,rep_9@revos.ai,Re: Kinetiq Inc — RevOS API,We've completed internal review. Legal is looking at the contract now. Expect sign-off by August 27.,2026-08-20T00:00:00,inbound,0.44,
1472,244,61,aarav.williams@vantagepoint.io,rep_4@revos.ai,Re: Vantagepoint Inc — RevOS Starter,"Hi Rep_4, we need to push the timeline. Budget freeze until next quarter. I'll keep you posted.",2026-09-05T00:00:00,inbound,-0.7,People.ai
1473,244,61,rep_4@revos.ai,aarav.williams@vantagepoint.io,Re: Vantagepoint Inc — RevOS Starter,We need to put this on hold. There's a hiring freeze and priorities have shifted.,2026-09-15T00:00:00,outbound,-0.16,
1474,244,61,aarav.williams@vantagepoint.io,rep_4@revos.ai,Re: Vantagepoint Inc — RevOS Starter,The team has concerns about integration complexity. We might need to revisit scope.,2026-08-17T00:00:00,inbound,-0.81,
1475,244,61,rep_4@revos.ai,aarav.williams@vantagepoint.io,Re: Vantagepoint Inc — RevOS Starter,We need to put this on hold. There's a hiring freeze and priorities have shifted.,2026-08-31T00:00:00,outbound,-0.61,
1476,244,61,rep_4@revos.ai,aarav.williams@vantagepoint.io,Re: Vantagepoint Inc — RevOS Starter,Sorry for the silence — been caught up with internal reorg. Not sure about the timeline anymore.,2026-08-06T00:00:00,outbound,-0.34,Clari
1477,244,61,rep_4@revos.ai,aarav.williams@vantagepoint.io,Re: Vantagepoint Inc — RevOS Starter,We need to put this on hold. There's a hiring freeze and priorities have shifted.,2026-09-10T00:00:00,outbound,-0.79,
1478,244,61,aarav.williams@vantagepoint.io,rep_4@revos.ai,Re: Vantagepoint Inc — RevOS Starter,"Hi Rep_4, we need to push the timeline. Budget freeze until next quarter. I'll keep you posted.",2026-09-30T00:00:00,inbound,-0.68,Salesforce Einstein
1479,244,61,aarav.williams@vantagepoint.io,rep_4@revos.ai,Re: Vantagepoint Inc — RevOS Starter,Sorry for the silence — been caught up with internal reorg. Not sure about the timeline anymore.,2026-09-06T00:00:00,inbound,-0.19,
1480,245,21,kavita.jones@hyperion.co,rep_10@revos.ai,Re: Hyperion Inc — RevOS Pro,We're evaluating Clari as well. Can you share a comparison deck?,2026-09-27T00:00:00,inbound,-0.98,
1481,245,21,kavita.jones@hyperion.co,rep_10@revos.ai,Re: Hyperion Inc — RevOS Pro,"Hi Rep_10, we need to push the timeline. Budget freeze until next quarter. I'll keep you posted.",2026-09-28T00:00:00,inbound,-0.58,Salesforce Einstein
1482,245,21,kavita.jones@hyperion.co,rep_10@revos.ai,Re: Hyperion Inc — RevOS Pro,Our CTO left the company last week. New leadership wants to re-evaluate all vendor decisions.,2026-09-13T00:00:00,inbound,-0.45,
1483,245,21,kavita.jones@hyperion.co,rep_10@revos.ai,Re: Hyperion Inc — RevOS Pro,We're evaluating HubSpot AI as well. Can you share a comparison deck?,2026-09-30T00:00:00,inbound,-0.65,HubSpot AI
1484,245,21,kavita.jones@hyperion.co,rep_10@revos.ai,Re: Hyperion Inc — RevOS Pro,"Hi Rep_10, we need to push the timeline. Budget freeze until next quarter. I'll keep you posted.",2026-09-19T00:00:00,inbound,-0.12,
1485,246,127,rep_1@revos.ai,pooja.johnson@signalops.in,Re: Signalops Inc — RevOS Starter,Sorry for the silence — been caught up with internal reorg. Not sure about the timeline anymore.,2026-08-31T00:00:00,outbound,-0.83,
1486,246,127,pooja.johnson@signalops.in,rep_1@revos.ai,Re: Signalops Inc — RevOS Starter,We need to put this on hold. There's a hiring freeze and priorities have shifted.,2026-07-05T00:00:00,inbound,-0.73,
1487,246,127,pooja.johnson@signalops.in,rep_1@revos.ai,Re: Signalops Inc — RevOS Starter,"Hi Rep_1, we need to push the timeline. Budget freeze until next quarter. I'll keep you posted.",2026-07-13T00:00:00,inbound,-0.59,
1488,246,127,rep_1@revos.ai,pooja.johnson@signalops.in,Re: Signalops Inc — RevOS Starter,We're evaluating Clari as well. Can you share a comparison deck?,2026-08-30T00:00:00,outbound,-0.64,
1489,246,127,pooja.johnson@signalops.in,rep_1@revos.ai,Re: Signalops Inc — RevOS Starter,"Hi Rep_1, we need to push the timeline. Budget freeze until next quarter. I'll keep you posted.",2026-08-20T00:00:00,inbound,-0.84,
1490,247,123,rep_5@revos.ai,daniel.smith@qubitlabs.co,Re: Qubitlabs Inc — RevOS Pro,The ROI numbers you shared were compelling. I've looped in our CFO for budget approval.,2026-10-01T00:00:00,outbound,0.36,
1491,247,123,rep_5@revos.ai,daniel.smith@qubitlabs.co,Re: Qubitlabs Inc — RevOS Pro,Quick update — we got budget approval. Let's finalize the SOW this week.,2026-09-13T00:00:00,outbound,0.46,
1492,247,123,daniel.smith@qubitlabs.co,rep_5@revos.ai,Re: Qubitlabs Inc — RevOS Pro,"Hi Rep_5, thanks for the proposal. The team reviewed it and we're keen to move forward. Can we schedule a call this week to discuss next steps?",2026-09-08T00:00:00,inbound,0.97,HubSpot AI
1493,247,123,daniel.smith@qubitlabs.co,rep_5@revos.ai,Re: Qubitlabs Inc — RevOS Pro,Great demo yesterday! Our VP was impressed with the forecasting module. Let's discuss pricing for the enterprise tier.,2026-09-09T00:00:00,inbound,0.7,Clari
1494,247,123,daniel.smith@qubitlabs.co,rep_5@revos.ai,Re: Qubitlabs Inc — RevOS Pro,Great demo yesterday! Our VP was impressed with the forecasting module. Let's discuss pricing for the enterprise tier.,2026-09-24T00:00:00,inbound,0.49,Clari
1495,247,123,rep_5@revos.ai,daniel.smith@qubitlabs.co,Re: Qubitlabs Inc — RevOS Pro,"Hi Rep_5, thanks for the proposal. The team reviewed it and we're keen to move forward. Can we schedule a call this week to discuss next steps?",2026-09-17T00:00:00,outbound,0.56,Salesforce Einstein
1496,247,123,rep_5@revos.ai,daniel.smith@qubitlabs.co,Re: Qubitlabs Inc — RevOS Pro,Great demo yesterday! Our VP was impressed with the forecasting module. Let's discuss pricing for the enterprise tier.,2026-08-24T00:00:00,outbound,-0.22,Clari
1497,247,123,rep_5@revos.ai,daniel.smith@qubitlabs.co,Re: Qubitlabs Inc — RevOS Pro,"Hi Rep_5, just checking in. Any updates on the custom integration we discussed?",2026-08-22T00:00:00,outbound,-0.23,Salesforce Einstein
1498,248,145,rohan.patel@xyphorai.io,rep_1@revos.ai,Re: Xyphorai Inc — RevOS Starter,"Hi Rep_1, thanks for the proposal. The team reviewed it and we're keen to move forward. Can we schedule a call this week to discuss next steps?",2026-08-07T00:00:00,inbound,0.98,
1499,248,145,rohan.patel@xyphorai.io,rep_1@revos.ai,Re: Xyphorai Inc — RevOS Starter,"Hi Rep_1, thanks for the proposal. The team reviewed it and we're keen to move forward. Can we schedule a call this week to discuss next steps?",2026-09-16T00:00:00,inbound,0.89,
1500,248,145,rohan.patel@xyphorai.io,rep_1@revos.ai,Re: Xyphorai Inc — RevOS Starter,Great demo yesterday! Our VP was impressed with the forecasting module. Let's discuss pricing for the enterprise tier.,2026-09-30T00:00:00,inbound,0.67,
1501,248,145,rep_1@revos.ai,rohan.patel@xyphorai.io,Re: Xyphorai Inc — RevOS Starter,The ROI numbers you shared were compelling. I've looped in our CFO for budget approval.,2026-08-28T00:00:00,outbound,0.94,
1502,248,145,rohan.patel@xyphorai.io,rep_1@revos.ai,Re: Xyphorai Inc — RevOS Starter,Quick update — we got budget approval. Let's finalize the SOW this week.,2026-09-18T00:00:00,inbound,0.33,HubSpot AI
1503,248,145,rohan.patel@xyphorai.io,rep_1@revos.ai,Re: Xyphorai Inc — RevOS Starter,Quick update — we got budget approval. Let's finalize the SOW this week.,2026-08-09T00:00:00,inbound,0.93,
1504,248,145,rep_1@revos.ai,rohan.patel@xyphorai.io,Re: Xyphorai Inc — RevOS Starter,"Hi Rep_1, thanks for the proposal. The team reviewed it and we're keen to move forward. Can we schedule a call this week to discuss next steps?",2026-08-21T00:00:00,outbound,0.45,Gong
1505,248,145,rohan.patel@xyphorai.io,rep_1@revos.ai,Re: Xyphorai Inc — RevOS Starter,The ROI numbers you shared were compelling. I've looped in our CFO for budget approval.,2026-08-29T00:00:00,inbound,0.7,
1506,248,145,rohan.patel@xyphorai.io,rep_1@revos.ai,Re: Xyphorai Inc — RevOS Starter,Quick update — we got budget approval. Let's finalize the SOW this week.,2026-09-13T00:00:00,inbound,0.37,
1507,248,145,rohan.patel@xyphorai.io,rep_1@revos.ai,Re: Xyphorai Inc — RevOS Starter,We've completed internal review. Legal is looking at the contract now. Expect sign-off by September 02.,2026-08-26T00:00:00,inbound,0.85,Clari
1508,249,92,rep_8@revos.ai,nisha.singh@edgeflux.co,Re: Edgeflux Inc — RevOS API,Great demo yesterday! Our VP was impressed with the forecasting module. Let's discuss pricing for the enterprise tier.,2026-10-01T00:00:00,outbound,0.85,Clari
1509,249,92,rep_8@revos.ai,nisha.singh@edgeflux.co,Re: Edgeflux Inc — RevOS API,Great demo yesterday! Our VP was impressed with the forecasting module. Let's discuss pricing for the enterprise tier.,2026-09-29T00:00:00,outbound,0.52,
1510,249,92,nisha.singh@edgeflux.co,rep_8@revos.ai,Re: Edgeflux Inc — RevOS API,"Hi Rep_8, thanks for the proposal. The team reviewed it and we're keen to move forward. Can we schedule a call this week to discuss next steps?",2026-09-19T00:00:00,inbound,0.5,HubSpot AI
1511,250,12,rep_5@revos.ai,david.mehta@ecomsprint.com,Re: Ecomsprint Inc — RevOS Enterprise,Great demo yesterday! Our VP was impressed with the forecasting module. Let's discuss pricing for the enterprise tier.,2026-08-06T00:00:00,outbound,0.94,
1512,250,12,david.mehta@ecomsprint.com,rep_5@revos.ai,Re: Ecomsprint Inc — RevOS Enterprise,The ROI numbers you shared were compelling. I've looped in our CFO for budget approval.,2026-04-30T00:00:00,inbound,0.89,
1513,250,12,rep_5@revos.ai,david.mehta@ecomsprint.com,Re: Ecomsprint Inc — RevOS Enterprise,Great demo yesterday! Our VP was impressed with the forecasting module. Let's discuss pricing for the enterprise tier.,2026-07-17T00:00:00,outbound,0.72,Salesforce Einstein
1514,250,12,david.mehta@ecomsprint.com,rep_5@revos.ai,Re: Ecomsprint Inc — RevOS Enterprise,The ROI numbers you shared were compelling. I've looped in our CFO for budget approval.,2026-05-01T00:00:00,inbound,0.51,
1515,250,12,rep_5@revos.ai,david.mehta@ecomsprint.com,Re: Ecomsprint Inc — RevOS Enterprise,Quick update — we got budget approval. Let's finalize the SOW this week.,2026-05-09T00:00:00,outbound,1.0,Clari
1516,250,12,david.mehta@ecomsprint.com,rep_5@revos.ai,Re: Ecomsprint Inc — RevOS Enterprise,We've completed internal review. Legal is looking at the contract now. Expect sign-off by September 29.,2026-09-22T00:00:00,inbound,0.5,Clari
1517,250,12,david.mehta@ecomsprint.com,rep_5@revos.ai,Re: Ecomsprint Inc — RevOS Enterprise,Great demo yesterday! Our VP was impressed with the forecasting module. Let's discuss pricing for the enterprise tier.,2026-06-10T00:00:00,inbound,0.53,
1518,250,12,rep_5@revos.ai,david.mehta@ecomsprint.com,Re: Ecomsprint Inc — RevOS Enterprise,Great demo yesterday! Our VP was impressed with the forecasting module. Let's discuss pricing for the enterprise tier.,2026-09-27T00:00:00,outbound,0.57,
1519,250,12,rep_5@revos.ai,david.mehta@ecomsprint.com,Re: Ecomsprint Inc — RevOS Enterprise,We've completed internal review. Legal is looking at the contract now. Expect sign-off by July 31.,2026-07-24T00:00:00,outbound,0.42,
1520,250,12,rep_5@revos.ai,david.mehta@ecomsprint.com,Re: Ecomsprint Inc — RevOS Enterprise,We've completed internal review. Legal is looking at the contract now. Expect sign-off by October 02.,2026-09-25T00:00:00,outbound,0.93,
1521,251,54,rep_1@revos.ai,ritu.singh@stratosai.co,Re: Stratosai Inc — RevOS Pro,The ROI numbers you shared were compelling. I've looped in our CFO for budget approval.,2026-07-21T00:00:00,outbound,0.8,People.ai
1522,251,54,rep_1@revos.ai,ritu.singh@stratosai.co,Re: Stratosai Inc — RevOS Pro,Quick update — we got budget approval. Let's finalize the SOW this week.,2026-09-01T00:00:00,outbound,0.94,
1523,252,114,priya.iyer@novabridge.com,rep_7@revos.ai,Re: Novabridge Inc — RevOS Pro,"Hi Rep_7, thanks for the proposal. The team reviewed it and we're keen to move forward. Can we schedule a call this week to discuss next steps?",2026-09-17T00:00:00,inbound,0.56,
1524,252,114,rep_7@revos.ai,priya.iyer@novabridge.com,Re: Novabridge Inc — RevOS Pro,We've completed internal review. Legal is looking at the contract now. Expect sign-off by September 27.,2026-09-20T00:00:00,outbound,0.96,
1525,252,114,rep_7@revos.ai,priya.iyer@novabridge.com,Re: Novabridge Inc — RevOS Pro,Quick update — we got budget approval. Let's finalize the SOW this week.,2026-09-12T00:00:00,outbound,0.51,People.ai
1526,252,114,rep_7@revos.ai,priya.iyer@novabridge.com,Re: Novabridge Inc — RevOS Pro,"Hi Rep_7, thanks for the proposal. The team reviewed it and we're keen to move forward. Can we schedule a call this week to discuss next steps?",2026-09-10T00:00:00,outbound,0.62,
1527,252,114,rep_7@revos.ai,priya.iyer@novabridge.com,Re: Novabridge Inc — RevOS Pro,We've completed internal review. Legal is looking at the contract now. Expect sign-off by September 30.,2026-09-23T00:00:00,outbound,0.58,Gong
1528,252,114,priya.iyer@novabridge.com,rep_7@revos.ai,Re: Novabridge Inc — RevOS Pro,"Hi Rep_7, thanks for the proposal. The team reviewed it and we're keen to move forward. Can we schedule a call this week to discuss next steps?",2026-09-23T00:00:00,inbound,0.76,Salesforce Einstein
1529,252,114,priya.iyer@novabridge.com,rep_7@revos.ai,Re: Novabridge Inc — RevOS Pro,"Hi Rep_7, thanks for the proposal. The team reviewed it and we're keen to move forward. Can we schedule a call this week to discuss next steps?",2026-09-16T00:00:00,inbound,0.99,
1530,252,114,priya.iyer@novabridge.com,rep_7@revos.ai,Re: Novabridge Inc — RevOS Pro,"Hi Rep_7, thanks for the proposal. The team reviewed it and we're keen to move forward. Can we schedule a call this week to discuss next steps?",2026-09-25T00:00:00,inbound,0.85,
1531,253,79,kavita.gupta@alphacloud.co,rep_10@revos.ai,Re: Alphacloud Inc — RevOS Analytics,The ROI numbers you shared were compelling. I've looped in our CFO for budget approval.,2026-09-07T00:00:00,inbound,0.07,
1532,253,79,kavita.gupta@alphacloud.co,rep_10@revos.ai,Re: Alphacloud Inc — RevOS Analytics,"Hi Rep_10, thanks for the proposal. The team reviewed it and we're keen to move forward. Can we schedule a call this week to discuss next steps?",2026-09-26T00:00:00,inbound,0.64,
1533,253,79,kavita.gupta@alphacloud.co,rep_10@revos.ai,Re: Alphacloud Inc — RevOS Analytics,Great demo yesterday! Our VP was impressed with the forecasting module. Let's discuss pricing for the enterprise tier.,2026-09-24T00:00:00,inbound,0.43,
1534,254,145,rohan.patel@xyphorai.io,rep_1@revos.ai,Re: Xyphorai Inc — RevOS Analytics,We're evaluating Gong as well. Can you share a comparison deck?,2026-09-11T00:00:00,inbound,-0.87,Gong
1535,254,145,rohan.patel@xyphorai.io,rep_1@revos.ai,Re: Xyphorai Inc — RevOS Analytics,"Hi Rep_1, we need to push the timeline. Budget freeze until next quarter. I'll keep you posted.",2026-08-31T00:00:00,inbound,-0.52,
1536,254,145,rohan.patel@xyphorai.io,rep_1@revos.ai,Re: Xyphorai Inc — RevOS Analytics,Our CTO left the company last week. New leadership wants to re-evaluate all vendor decisions.,2026-08-29T00:00:00,inbound,-0.47,People.ai
1537,255,125,ritu.smith@relaystack.com,rep_2@revos.ai,Re: Relaystack Inc — RevOS API,Our CTO left the company last week. New leadership wants to re-evaluate all vendor decisions.,2026-08-01T00:00:00,inbound,-0.76,
1538,255,125,ritu.smith@relaystack.com,rep_2@revos.ai,Re: Relaystack Inc — RevOS API,"Hi Rep_2, we need to push the timeline. Budget freeze until next quarter. I'll keep you posted.",2026-07-12T00:00:00,inbound,-0.37,
1539,256,124,rep_9@revos.ai,ritu.rao@qubitlabs.co,Re: Qubitlabs Inc — RevOS Starter,The ROI numbers you shared were compelling. I've looped in our CFO for budget approval.,2026-05-10T00:00:00,outbound,0.95,Gong
1540,256,124,ritu.rao@qubitlabs.co,rep_9@revos.ai,Re: Qubitlabs Inc — RevOS Starter,The ROI numbers you shared were compelling. I've looped in our CFO for budget approval.,2026-09-15T00:00:00,inbound,-0.04,
1541,256,124,rep_9@revos.ai,ritu.rao@qubitlabs.co,Re: Qubitlabs Inc — RevOS Starter,Quick update — we got budget approval. Let's finalize the SOW this week.,2026-08-03T00:00:00,outbound,0.17,HubSpot AI
1542,256,124,ritu.rao@qubitlabs.co,rep_9@revos.ai,Re: Qubitlabs Inc — RevOS Starter,We've completed internal review. Legal is looking at the contract now. Expect sign-off by September 25.,2026-09-18T00:00:00,inbound,0.37,Clari
1543,256,124,ritu.rao@qubitlabs.co,rep_9@revos.ai,Re: Qubitlabs Inc — RevOS Starter,We've completed internal review. Legal is looking at the contract now. Expect sign-off by August 02.,2026-07-26T00:00:00,inbound,0.91,People.ai
1544,256,124,ritu.rao@qubitlabs.co,rep_9@revos.ai,Re: Qubitlabs Inc — RevOS Starter,The ROI numbers you shared were compelling. I've looped in our CFO for budget approval.,2026-09-10T00:00:00,inbound,0.69,
1545,256,124,rep_9@revos.ai,ritu.rao@qubitlabs.co,Re: Qubitlabs Inc — RevOS Starter,Thanks for the follow-up. We're still in discussion internally. Will get back to you soon.,2026-08-27T00:00:00,outbound,0.2,
1546,257,13,nikhil.shah@ecomsprint.com,rep_7@revos.ai,Re: Ecomsprint Inc — RevOS Analytics,We've completed internal review. Legal is looking at the contract now. Expect sign-off by July 17.,2026-07-10T00:00:00,inbound,0.65,
1547,257,13,nikhil.shah@ecomsprint.com,rep_7@revos.ai,Re: Ecomsprint Inc — RevOS Analytics,Quick update — we got budget approval. Let's finalize the SOW this week.,2026-09-20T00:00:00,inbound,0.2,
1548,257,13,nikhil.shah@ecomsprint.com,rep_7@revos.ai,Re: Ecomsprint Inc — RevOS Analytics,Quick update — we got budget approval. Let's finalize the SOW this week.,2026-07-14T00:00:00,inbound,0.81,
1549,257,13,nikhil.shah@ecomsprint.com,rep_7@revos.ai,Re: Ecomsprint Inc — RevOS Analytics,Quick update — we got budget approval. Let's finalize the SOW this week.,2026-08-01T00:00:00,inbound,0.31,
1550,258,107,rep_2@revos.ai,manish.singh@keystone.in,Re: Keystone Inc — RevOS Pro,The team has concerns about integration complexity. We might need to revisit scope.,2026-08-08T00:00:00,outbound,-0.47,
1551,258,107,rep_2@revos.ai,manish.singh@keystone.in,Re: Keystone Inc — RevOS Pro,Our CTO left the company last week. New leadership wants to re-evaluate all vendor decisions.,2026-05-23T00:00:00,outbound,-0.19,Gong
1552,258,107,rep_2@revos.ai,manish.singh@keystone.in,Re: Keystone Inc — RevOS Pro,We need to put this on hold. There's a hiring freeze and priorities have shifted.,2026-09-02T00:00:00,outbound,-0.96,HubSpot AI
1553,258,107,rep_2@revos.ai,manish.singh@keystone.in,Re: Keystone Inc — RevOS Pro,Sorry for the silence — been caught up with internal reorg. Not sure about the timeline anymore.,2026-06-26T00:00:00,outbound,-0.94,Clari
1554,258,107,rep_2@revos.ai,manish.singh@keystone.in,Re: Keystone Inc — RevOS Pro,We're evaluating Salesforce Einstein as well. Can you share a comparison deck?,2026-08-10T00:00:00,outbound,-0.79,
1555,258,107,rep_2@revos.ai,manish.singh@keystone.in,Re: Keystone Inc — RevOS Pro,"Hi Rep_2, we need to push the timeline. Budget freeze until next quarter. I'll keep you posted.",2026-08-21T00:00:00,outbound,-0.64,Clari
1556,258,107,manish.singh@keystone.in,rep_2@revos.ai,Re: Keystone Inc — RevOS Pro,Sorry for the silence — been caught up with internal reorg. Not sure about the timeline anymore.,2026-09-01T00:00:00,inbound,-0.4,Gong
1557,259,16,sneha.rao@finlabs.in,rep_6@revos.ai,Re: Finlabs Inc — RevOS Enterprise,Great demo yesterday! Our VP was impressed with the forecasting module. Let's discuss pricing for the enterprise tier.,2026-05-16T00:00:00,inbound,0.74,
1558,259,16,rep_6@revos.ai,sneha.rao@finlabs.in,Re: Finlabs Inc — RevOS Enterprise,The ROI numbers you shared were compelling. I've looped in our CFO for budget approval.,2026-06-20T00:00:00,outbound,0.73,
1559,259,16,rep_6@revos.ai,sneha.rao@finlabs.in,Re: Finlabs Inc — RevOS Enterprise,We've completed internal review. Legal is looking at the contract now. Expect sign-off by June 19.,2026-06-12T00:00:00,outbound,0.51,
1560,259,16,sneha.rao@finlabs.in,rep_6@revos.ai,Re: Finlabs Inc — RevOS Enterprise,"Hi Rep_6, thanks for the proposal. The team reviewed it and we're keen to move forward. Can we schedule a call this week to discuss next steps?",2026-09-06T00:00:00,inbound,0.67,
1561,259,16,sneha.rao@finlabs.in,rep_6@revos.ai,Re: Finlabs Inc — RevOS Enterprise,Great demo yesterday! Our VP was impressed with the forecasting module. Let's discuss pricing for the enterprise tier.,2026-07-02T00:00:00,inbound,0.45,
1562,259,16,rep_6@revos.ai,sneha.rao@finlabs.in,Re: Finlabs Inc — RevOS Enterprise,The ROI numbers you shared were compelling. I've looped in our CFO for budget approval.,2026-05-10T00:00:00,outbound,0.8,
1563,259,16,rep_6@revos.ai,sneha.rao@finlabs.in,Re: Finlabs Inc — RevOS Enterprise,The ROI numbers you shared were compelling. I've looped in our CFO for budget approval.,2026-07-25T00:00:00,outbound,0.72,
1564,259,16,rep_6@revos.ai,sneha.rao@finlabs.in,Re: Finlabs Inc — RevOS Enterprise,We've completed internal review. Legal is looking at the contract now. Expect sign-off by August 03.,2026-07-27T00:00:00,outbound,0.89,
1565,259,16,rep_6@revos.ai,sneha.rao@finlabs.in,Re: Finlabs Inc — RevOS Enterprise,The ROI numbers you shared were compelling. I've looped in our CFO for budget approval.,2026-05-09T00:00:00,outbound,0.69,
1566,259,16,rep_6@revos.ai,sneha.rao@finlabs.in,Re: Finlabs Inc — RevOS Enterprise,We've completed internal review. Legal is looking at the contract now. Expect sign-off by June 19.,2026-06-12T00:00:00,outbound,0.62,Gong
1567,260,146,arjun.davis@xyphorai.io,rep_1@revos.ai,Re: Xyphorai Inc — RevOS Starter,The team has concerns about integration complexity. We might need to revisit scope.,2026-06-02T00:00:00,inbound,-0.39,HubSpot AI
1568,260,146,arjun.davis@xyphorai.io,rep_1@revos.ai,Re: Xyphorai Inc — RevOS Starter,The team has concerns about integration complexity. We might need to revisit scope.,2026-05-23T00:00:00,inbound,-0.42,
1569,260,146,rep_1@revos.ai,arjun.davis@xyphorai.io,Re: Xyphorai Inc — RevOS Starter,"Hi Rep_1, we need to push the timeline. Budget freeze until next quarter. I'll keep you posted.",2026-05-12T00:00:00,outbound,-0.75,
1570,260,146,rep_1@revos.ai,arjun.davis@xyphorai.io,Re: Xyphorai Inc — RevOS Starter,We're evaluating Salesforce Einstein as well. Can you share a comparison deck?,2026-05-12T00:00:00,outbound,-0.19,
1571,260,146,arjun.davis@xyphorai.io,rep_1@revos.ai,Re: Xyphorai Inc — RevOS Starter,We're evaluating Salesforce Einstein as well. Can you share a comparison deck?,2026-09-07T00:00:00,inbound,-0.91,Salesforce Einstein
1572,261,54,ritu.singh@stratosai.co,rep_2@revos.ai,Re: Stratosai Inc — RevOS Analytics,"Hi Rep_2, we need to push the timeline. Budget freeze until next quarter. I'll keep you posted.",2026-09-30T00:00:00,inbound,-0.73,
1573,261,54,ritu.singh@stratosai.co,rep_2@revos.ai,Re: Stratosai Inc — RevOS Analytics,The team has concerns about integration complexity. We might need to revisit scope.,2026-09-28T00:00:00,inbound,-0.38,
1574,261,54,rep_2@revos.ai,ritu.singh@stratosai.co,Re: Stratosai Inc — RevOS Analytics,We're evaluating HubSpot AI as well. Can you share a comparison deck?,2026-09-23T00:00:00,outbound,-0.57,
1575,261,54,rep_2@revos.ai,ritu.singh@stratosai.co,Re: Stratosai Inc — RevOS Analytics,We're evaluating Gong as well. Can you share a comparison deck?,2026-09-11T00:00:00,outbound,-0.26,
1576,262,38,rohan.sharma@nexatech.io,rep_10@revos.ai,Re: Nexatech Inc — RevOS Pro,Great demo yesterday! Our VP was impressed with the forecasting module. Let's discuss pricing for the enterprise tier.,2026-08-12T00:00:00,inbound,0.65,
1577,262,38,rep_10@revos.ai,rohan.sharma@nexatech.io,Re: Nexatech Inc — RevOS Pro,Great demo yesterday! Our VP was impressed with the forecasting module. Let's discuss pricing for the enterprise tier.,2026-09-23T00:00:00,outbound,0.41,
1578,262,38,rohan.sharma@nexatech.io,rep_10@revos.ai,Re: Nexatech Inc — RevOS Pro,Quick update — we got budget approval. Let's finalize the SOW this week.,2026-09-16T00:00:00,inbound,0.47,Clari
1579,262,38,rohan.sharma@nexatech.io,rep_10@revos.ai,Re: Nexatech Inc — RevOS Pro,Quick update — we got budget approval. Let's finalize the SOW this week.,2026-08-28T00:00:00,inbound,0.64,
1580,262,38,rohan.sharma@nexatech.io,rep_10@revos.ai,Re: Nexatech Inc — RevOS Pro,"Hi Rep_10, thanks for the proposal. The team reviewed it and we're keen to move forward. Can we schedule a call this week to discuss next steps?",2026-08-05T00:00:00,inbound,0.43,
1581,263,96,michael.iyer@globecast.in,rep_10@revos.ai,Re: Globecast Inc — RevOS Analytics,We've completed internal review. Legal is looking at the contract now. Expect sign-off by October 04.,2026-09-27T00:00:00,inbound,0.56,
1582,263,96,rep_10@revos.ai,michael.iyer@globecast.in,Re: Globecast Inc — RevOS Analytics,We've completed internal review. Legal is looking at the contract now. Expect sign-off by October 02.,2026-09-25T00:00:00,outbound,0.55,
1583,263,96,rep_10@revos.ai,michael.iyer@globecast.in,Re: Globecast Inc — RevOS Analytics,We're evaluating HubSpot AI as well. Can you share a comparison deck?,2026-09-21T00:00:00,outbound,-0.8,HubSpot AI
1584,263,96,michael.iyer@globecast.in,rep_10@revos.ai,Re: Globecast Inc — RevOS Analytics,"Hi Rep_10, we need to push the timeline. Budget freeze until next quarter. I'll keep you posted.",2026-09-26T00:00:00,inbound,-0.13,
1585,263,96,rep_10@revos.ai,michael.iyer@globecast.in,Re: Globecast Inc — RevOS Analytics,The team has concerns about integration complexity. We might need to revisit scope.,2026-09-28T00:00:00,outbound,-0.7,HubSpot AI
1586,263,96,michael.iyer@globecast.in,rep_10@revos.ai,Re: Globecast Inc — RevOS Analytics,"Hi Rep_10, thanks for the proposal. The team reviewed it and we're keen to move forward. Can we schedule a call this week to discuss next steps?",2026-09-25T00:00:00,inbound,0.73,
1587,263,96,michael.iyer@globecast.in,rep_10@revos.ai,Re: Globecast Inc — RevOS Analytics,"Hi Rep_10, we need to push the timeline. Budget freeze until next quarter. I'll keep you posted.",2026-09-26T00:00:00,inbound,-0.17,
1588,264,32,rep_9@revos.ai,swati.kumar@logicworks.co,Re: Logicworks Inc — RevOS Enterprise,We need to put this on hold. There's a hiring freeze and priorities have shifted.,2026-09-21T00:00:00,outbound,-0.61,Salesforce Einstein
1589,264,32,rep_9@revos.ai,swati.kumar@logicworks.co,Re: Logicworks Inc — RevOS Enterprise,Sorry for the silence — been caught up with internal reorg. Not sure about the timeline anymore.,2026-09-01T00:00:00,outbound,-0.94,
1590,264,32,swati.kumar@logicworks.co,rep_9@revos.ai,Re: Logicworks Inc — RevOS Enterprise,"Hi Rep_9, we need to push the timeline. Budget freeze until next quarter. I'll keep you posted.",2026-08-22T00:00:00,inbound,-0.26,
1591,264,32,swati.kumar@logicworks.co,rep_9@revos.ai,Re: Logicworks Inc — RevOS Enterprise,We need to put this on hold. There's a hiring freeze and priorities have shifted.,2026-09-20T00:00:00,inbound,-0.93,
1592,264,32,swati.kumar@logicworks.co,rep_9@revos.ai,Re: Logicworks Inc — RevOS Enterprise,We're evaluating Gong as well. Can you share a comparison deck?,2026-08-24T00:00:00,inbound,-0.94,Gong
1593,264,32,rep_9@revos.ai,swati.kumar@logicworks.co,Re: Logicworks Inc — RevOS Enterprise,Sorry for the silence — been caught up with internal reorg. Not sure about the timeline anymore.,2026-09-20T00:00:00,outbound,-0.43,
1594,264,32,swati.kumar@logicworks.co,rep_9@revos.ai,Re: Logicworks Inc — RevOS Enterprise,We're evaluating People.ai as well. Can you share a comparison deck?,2026-09-17T00:00:00,inbound,-0.88,People.ai
1595,264,32,swati.kumar@logicworks.co,rep_9@revos.ai,Re: Logicworks Inc — RevOS Enterprise,The team has concerns about integration complexity. We might need to revisit scope.,2026-09-21T00:00:00,inbound,-0.47,HubSpot AI
1596,264,32,rep_9@revos.ai,swati.kumar@logicworks.co,Re: Logicworks Inc — RevOS Enterprise,Our CTO left the company last week. New leadership wants to re-evaluate all vendor decisions.,2026-08-29T00:00:00,outbound,-0.35,
1597,265,141,rep_10@revos.ai,ritu.jones@windrose.in,Re: Windrose Inc — RevOS Analytics,Sorry for the silence — been caught up with internal reorg. Not sure about the timeline anymore.,2026-08-13T00:00:00,outbound,-0.92,Gong
1598,265,141,rep_10@revos.ai,ritu.jones@windrose.in,Re: Windrose Inc — RevOS Analytics,"Hi Rep_10, we need to push the timeline. Budget freeze until next quarter. I'll keep you posted.",2026-07-16T00:00:00,outbound,-0.96,
1599,265,141,rep_10@revos.ai,ritu.jones@windrose.in,Re: Windrose Inc — RevOS Analytics,We're evaluating People.ai as well. Can you share a comparison deck?,2026-07-28T00:00:00,outbound,-0.49,
1600,265,141,ritu.jones@windrose.in,rep_10@revos.ai,Re: Windrose Inc — RevOS Analytics,We need to put this on hold. There's a hiring freeze and priorities have shifted.,2026-09-24T00:00:00,inbound,-0.37,Gong
1601,265,141,rep_10@revos.ai,ritu.jones@windrose.in,Re: Windrose Inc — RevOS Analytics,Our CTO left the company last week. New leadership wants to re-evaluate all vendor decisions.,2026-07-30T00:00:00,outbound,-0.41,
1602,265,141,rep_10@revos.ai,ritu.jones@windrose.in,Re: Windrose Inc — RevOS Analytics,We're evaluating HubSpot AI as well. Can you share a comparison deck?,2026-08-14T00:00:00,outbound,-0.89,
1603,265,141,rep_10@revos.ai,ritu.jones@windrose.in,Re: Windrose Inc — RevOS Analytics,Sorry for the silence — been caught up with internal reorg. Not sure about the timeline anymore.,2026-09-03T00:00:00,outbound,-0.41,Clari
1604,265,141,rep_10@revos.ai,ritu.jones@windrose.in,Re: Windrose Inc — RevOS Analytics,The team has concerns about integration complexity. We might need to revisit scope.,2026-09-22T00:00:00,outbound,-0.49,
1605,265,141,ritu.jones@windrose.in,rep_10@revos.ai,Re: Windrose Inc — RevOS Analytics,We're evaluating HubSpot AI as well. Can you share a comparison deck?,2026-08-09T00:00:00,inbound,-0.96,HubSpot AI
1606,265,141,ritu.jones@windrose.in,rep_10@revos.ai,Re: Windrose Inc — RevOS Analytics,The team has concerns about integration complexity. We might need to revisit scope.,2026-08-01T00:00:00,inbound,-0.85,
1607,266,105,rep_6@revos.ai,david.rao@junctionai.com,Re: Junctionai Inc — RevOS Enterprise,"Hi Rep_6, thanks for the proposal. The team reviewed it and we're keen to move forward. Can we schedule a call this week to discuss next steps?",2026-06-20T00:00:00,outbound,0.48,
1608,266,105,rep_6@revos.ai,david.rao@junctionai.com,Re: Junctionai Inc — RevOS Enterprise,Great demo yesterday! Our VP was impressed with the forecasting module. Let's discuss pricing for the enterprise tier.,2026-06-09T00:00:00,outbound,-0.02,
1609,266,105,rep_6@revos.ai,david.rao@junctionai.com,Re: Junctionai Inc — RevOS Enterprise,The ROI numbers you shared were compelling. I've looped in our CFO for budget approval.,2026-07-06T00:00:00,outbound,-0.02,
1610,266,105,rep_6@revos.ai,david.rao@junctionai.com,Re: Junctionai Inc — RevOS Enterprise,Quick update — we got budget approval. Let's finalize the SOW this week.,2026-09-01T00:00:00,outbound,0.16,
1611,266,105,david.rao@junctionai.com,rep_6@revos.ai,Re: Junctionai Inc — RevOS Enterprise,Great demo yesterday! Our VP was impressed with the forecasting module. Let's discuss pricing for the enterprise tier.,2026-06-13T00:00:00,inbound,0.34,
1612,266,105,rep_6@revos.ai,david.rao@junctionai.com,Re: Junctionai Inc — RevOS Enterprise,Thanks for the follow-up. We're still in discussion internally. Will get back to you soon.,2026-05-09T00:00:00,outbound,-0.02,
1613,267,58,rep_5@revos.ai,jennifer.das@ultradev.in,Re: Ultradev Inc — RevOS API,Sorry for the silence — been caught up with internal reorg. Not sure about the timeline anymore.,2026-09-24T00:00:00,outbound,-0.52,
1614,267,58,jennifer.das@ultradev.in,rep_5@revos.ai,Re: Ultradev Inc — RevOS API,"Hi Rep_5, we need to push the timeline. Budget freeze until next quarter. I'll keep you posted.",2026-05-30T00:00:00,inbound,-0.22,
1615,267,58,rep_5@revos.ai,jennifer.das@ultradev.in,Re: Ultradev Inc — RevOS API,We need to put this on hold. There's a hiring freeze and priorities have shifted.,2026-06-03T00:00:00,outbound,-0.56,
1616,267,58,rep_5@revos.ai,jennifer.das@ultradev.in,Re: Ultradev Inc — RevOS API,"Hi Rep_5, we need to push the timeline. Budget freeze until next quarter. I'll keep you posted.",2026-06-30T00:00:00,outbound,-0.45,
1617,268,26,rep_1@revos.ai,vikram.sharma@jetscale.in,Re: Jetscale Inc — RevOS Starter,Can you send over the updated pricing sheet? We need it for our internal review.,2026-08-18T00:00:00,outbound,-0.18,Gong
1618,268,26,rep_1@revos.ai,vikram.sharma@jetscale.in,Re: Jetscale Inc — RevOS Starter,Thanks for the follow-up. We're still in discussion internally. Will get back to you soon.,2026-08-29T00:00:00,outbound,-0.17,Clari
1619,268,26,rep_1@revos.ai,vikram.sharma@jetscale.in,Re: Jetscale Inc — RevOS Starter,"Hi Rep_1, just checking in. Any updates on the custom integration we discussed?",2026-09-28T00:00:00,outbound,-0.04,
1620,268,26,rep_1@revos.ai,vikram.sharma@jetscale.in,Re: Jetscale Inc — RevOS Starter,We've completed internal review. Legal is looking at the contract now. Expect sign-off by September 09.,2026-09-02T00:00:00,outbound,-0.2,
1621,268,26,vikram.sharma@jetscale.in,rep_1@revos.ai,Re: Jetscale Inc — RevOS Starter,"Hi Rep_1, just checking in. Any updates on the custom integration we discussed?",2026-09-15T00:00:00,inbound,-0.12,
1622,269,84,chris.shah@corelogic.in,rep_1@revos.ai,Re: Corelogic Inc — RevOS Enterprise,Sorry for the silence — been caught up with internal reorg. Not sure about the timeline anymore.,2026-06-05T00:00:00,inbound,-0.5,
1623,269,84,chris.shah@corelogic.in,rep_1@revos.ai,Re: Corelogic Inc — RevOS Enterprise,Sorry for the silence — been caught up with internal reorg. Not sure about the timeline anymore.,2026-06-07T00:00:00,inbound,-0.42,
1624,269,84,rep_1@revos.ai,chris.shah@corelogic.in,Re: Corelogic Inc — RevOS Enterprise,"Hi Rep_1, we need to push the timeline. Budget freeze until next quarter. I'll keep you posted.",2026-05-16T00:00:00,outbound,-0.35,
1625,269,84,rep_1@revos.ai,chris.shah@corelogic.in,Re: Corelogic Inc — RevOS Enterprise,Sorry for the silence — been caught up with internal reorg. Not sure about the timeline anymore.,2026-08-12T00:00:00,outbound,-0.82,
1626,269,84,rep_1@revos.ai,chris.shah@corelogic.in,Re: Corelogic Inc — RevOS Enterprise,"Hi Rep_1, we need to push the timeline. Budget freeze until next quarter. I'll keep you posted.",2026-06-06T00:00:00,outbound,-0.9,
1627,269,84,chris.shah@corelogic.in,rep_1@revos.ai,Re: Corelogic Inc — RevOS Enterprise,We need to put this on hold. There's a hiring freeze and priorities have shifted.,2026-06-09T00:00:00,inbound,-0.39,Clari
1628,269,84,chris.shah@corelogic.in,rep_1@revos.ai,Re: Corelogic Inc — RevOS Enterprise,The team has concerns about integration complexity. We might need to revisit scope.,2026-07-09T00:00:00,inbound,-0.3,
1629,269,84,chris.shah@corelogic.in,rep_1@revos.ai,Re: Corelogic Inc — RevOS Enterprise,Sorry for the silence — been caught up with internal reorg. Not sure about the timeline anymore.,2026-06-23T00:00:00,inbound,-0.24,
1630,269,84,chris.shah@corelogic.in,rep_1@revos.ai,Re: Corelogic Inc — RevOS Enterprise,We're evaluating HubSpot AI as well. Can you share a comparison deck?,2026-08-07T00:00:00,inbound,-0.16,
1631,269,84,rep_1@revos.ai,chris.shah@corelogic.in,Re: Corelogic Inc — RevOS Enterprise,We need to put this on hold. There's a hiring freeze and priorities have shifted.,2026-08-13T00:00:00,outbound,-0.43,
1632,270,126,david.rao@relaystack.com,rep_8@revos.ai,Re: Relaystack Inc — RevOS API,The team has concerns about integration complexity. We might need to revisit scope.,2026-09-21T00:00:00,inbound,-0.45,People.ai
1633,270,126,david.rao@relaystack.com,rep_8@revos.ai,Re: Relaystack Inc — RevOS API,We've completed internal review. Legal is looking at the contract now. Expect sign-off by September 29.,2026-09-22T00:00:00,inbound,0.94,Clari
1634,270,126,david.rao@relaystack.com,rep_8@revos.ai,Re: Relaystack Inc — RevOS API,We're evaluating Clari as well. Can you share a comparison deck?,2026-10-01T00:00:00,inbound,-0.76,
1635,270,126,david.rao@relaystack.com,rep_8@revos.ai,Re: Relaystack Inc — RevOS API,"Hi Rep_8, thanks for the proposal. The team reviewed it and we're keen to move forward. Can we schedule a call this week to discuss next steps?",2026-09-11T00:00:00,inbound,0.35,
1636,270,126,rep_8@revos.ai,david.rao@relaystack.com,Re: Relaystack Inc — RevOS API,Quick update — we got budget approval. Let's finalize the SOW this week.,2026-09-18T00:00:00,outbound,0.8,
1637,271,102,lisa.jones@innov8.co,rep_3@revos.ai,Re: Innov8 Inc — RevOS Pro,Our CTO left the company last week. New leadership wants to re-evaluate all vendor decisions.,2026-09-07T00:00:00,inbound,-0.34,
1638,271,102,lisa.jones@innov8.co,rep_3@revos.ai,Re: Innov8 Inc — RevOS Pro,The team has concerns about integration complexity. We might need to revisit scope.,2026-09-21T00:00:00,inbound,-0.43,People.ai
1639,272,46,divya.verma@quantleap.in,rep_1@revos.ai,Re: Quantleap Inc — RevOS Starter,The team has concerns about integration complexity. We might need to revisit scope.,2026-08-22T00:00:00,inbound,-0.63,
1640,272,46,divya.verma@quantleap.in,rep_1@revos.ai,Re: Quantleap Inc — RevOS Starter,We're evaluating a competitor as well. Can you share a comparison deck?,2026-08-31T00:00:00,inbound,-0.25,
1641,273,146,arjun.davis@xyphorai.io,rep_2@revos.ai,Re: Xyphorai Inc — RevOS Enterprise,Our CTO left the company last week. New leadership wants to re-evaluate all vendor decisions.,2026-08-17T00:00:00,inbound,-0.42,
1642,273,146,rep_2@revos.ai,arjun.davis@xyphorai.io,Re: Xyphorai Inc — RevOS Enterprise,Our CTO left the company last week. New leadership wants to re-evaluate all vendor decisions.,2026-08-01T00:00:00,outbound,-0.96,People.ai
1643,273,146,arjun.davis@xyphorai.io,rep_2@revos.ai,Re: Xyphorai Inc — RevOS Enterprise,Sorry for the silence — been caught up with internal reorg. Not sure about the timeline anymore.,2026-09-16T00:00:00,inbound,-0.54,
1644,273,146,rep_2@revos.ai,arjun.davis@xyphorai.io,Re: Xyphorai Inc — RevOS Enterprise,Sorry for the silence — been caught up with internal reorg. Not sure about the timeline anymore.,2026-06-17T00:00:00,outbound,-0.24,
1645,273,146,arjun.davis@xyphorai.io,rep_2@revos.ai,Re: Xyphorai Inc — RevOS Enterprise,Our CTO left the company last week. New leadership wants to re-evaluate all vendor decisions.,2026-06-12T00:00:00,inbound,-0.97,
1646,274,96,michael.iyer@globecast.in,rep_6@revos.ai,Re: Globecast Inc — RevOS Starter,The ROI numbers you shared were compelling. I've looped in our CFO for budget approval.,2026-08-19T00:00:00,inbound,-0.22,
1647,274,96,rep_6@revos.ai,michael.iyer@globecast.in,Re: Globecast Inc — RevOS Starter,Can you send over the updated pricing sheet? We need it for our internal review.,2026-08-15T00:00:00,outbound,-0.22,
1648,274,96,rep_6@revos.ai,michael.iyer@globecast.in,Re: Globecast Inc — RevOS Starter,Quick update — we got budget approval. Let's finalize the SOW this week.,2026-08-14T00:00:00,outbound,0.44,People.ai
1649,275,114,rep_4@revos.ai,priya.iyer@novabridge.com,Re: Novabridge Inc — RevOS Analytics,"Hi Rep_4, we need to push the timeline. Budget freeze until next quarter. I'll keep you posted.",2026-04-25T00:00:00,outbound,-0.7,
1650,275,114,rep_4@revos.ai,priya.iyer@novabridge.com,Re: Novabridge Inc — RevOS Analytics,Quick update — we got budget approval. Let's finalize the SOW this week.,2026-06-01T00:00:00,outbound,0.35,
1651,275,114,rep_4@revos.ai,priya.iyer@novabridge.com,Re: Novabridge Inc — RevOS Analytics,We've completed internal review. Legal is looking at the contract now. Expect sign-off by July 08.,2026-07-01T00:00:00,outbound,0.47,
1652,275,114,priya.iyer@novabridge.com,rep_4@revos.ai,Re: Novabridge Inc — RevOS Analytics,Our CTO left the company last week. New leadership wants to re-evaluate all vendor decisions.,2026-06-09T00:00:00,inbound,-0.85,HubSpot AI
1653,275,114,priya.iyer@novabridge.com,rep_4@revos.ai,Re: Novabridge Inc — RevOS Analytics,The ROI numbers you shared were compelling. I've looped in our CFO for budget approval.,2026-07-20T00:00:00,inbound,0.53,Clari
1654,275,114,rep_4@revos.ai,priya.iyer@novabridge.com,Re: Novabridge Inc — RevOS Analytics,Sorry for the silence — been caught up with internal reorg. Not sure about the timeline anymore.,2026-09-30T00:00:00,outbound,-0.62,
1655,275,114,priya.iyer@novabridge.com,rep_4@revos.ai,Re: Novabridge Inc — RevOS Analytics,Quick update — we got budget approval. Let's finalize the SOW this week.,2026-06-01T00:00:00,inbound,0.54,Gong
1656,275,114,priya.iyer@novabridge.com,rep_4@revos.ai,Re: Novabridge Inc — RevOS Analytics,Sorry for the silence — been caught up with internal reorg. Not sure about the timeline anymore.,2026-08-05T00:00:00,inbound,-0.47,
1657,276,59,rep_1@revos.ai,jennifer.miller@ultradev.in,Re: Ultradev Inc — RevOS Enterprise,We've completed internal review. Legal is looking at the contract now. Expect sign-off by September 16.,2026-09-09T00:00:00,outbound,0.87,
1658,276,59,rep_1@revos.ai,jennifer.miller@ultradev.in,Re: Ultradev Inc — RevOS Enterprise,Quick update — we got budget approval. Let's finalize the SOW this week.,2026-09-03T00:00:00,outbound,0.56,Gong
1659,276,59,jennifer.miller@ultradev.in,rep_1@revos.ai,Re: Ultradev Inc — RevOS Enterprise,Quick update — we got budget approval. Let's finalize the SOW this week.,2026-08-30T00:00:00,inbound,0.63,Clari
1660,276,59,rep_1@revos.ai,jennifer.miller@ultradev.in,Re: Ultradev Inc — RevOS Enterprise,"Hi Rep_1, thanks for the proposal. The team reviewed it and we're keen to move forward. Can we schedule a call this week to discuss next steps?",2026-08-24T00:00:00,outbound,0.75,
1661,276,59,jennifer.miller@ultradev.in,rep_1@revos.ai,Re: Ultradev Inc — RevOS Enterprise,The ROI numbers you shared were compelling. I've looped in our CFO for budget approval.,2026-09-07T00:00:00,inbound,0.63,
1662,277,93,rep_3@revos.ai,jessica.shah@fusionware.com,Re: Fusionware Inc — RevOS Pro,The team has concerns about integration complexity. We might need to revisit scope.,2026-05-09T00:00:00,outbound,-0.88,
1663,277,93,rep_3@revos.ai,jessica.shah@fusionware.com,Re: Fusionware Inc — RevOS Pro,"Hi Rep_3, we need to push the timeline. Budget freeze until next quarter. I'll keep you posted.",2026-09-23T00:00:00,outbound,-0.3,Gong
1664,277,93,jessica.shah@fusionware.com,rep_3@revos.ai,Re: Fusionware Inc — RevOS Pro,"Hi Rep_3, we need to push the timeline. Budget freeze until next quarter. I'll keep you posted.",2026-07-31T00:00:00,inbound,-0.96,Gong
1665,278,122,amanda.davis@qubitlabs.co,rep_2@revos.ai,Re: Qubitlabs Inc — RevOS Analytics,We've completed internal review. Legal is looking at the contract now. Expect sign-off by July 01.,2026-06-24T00:00:00,inbound,0.64,
1666,278,122,rep_2@revos.ai,amanda.davis@qubitlabs.co,Re: Qubitlabs Inc — RevOS Analytics,The ROI numbers you shared were compelling. I've looped in our CFO for budget approval.,2026-06-12T00:00:00,outbound,0.89,
1667,278,122,rep_2@revos.ai,amanda.davis@qubitlabs.co,Re: Qubitlabs Inc — RevOS Analytics,"Hi Rep_2, thanks for the proposal. The team reviewed it and we're keen to move forward. Can we schedule a call this week to discuss next steps?",2026-09-02T00:00:00,outbound,0.83,
1668,278,122,rep_2@revos.ai,amanda.davis@qubitlabs.co,Re: Qubitlabs Inc — RevOS Analytics,Quick update — we got budget approval. Let's finalize the SOW this week.,2026-09-14T00:00:00,outbound,0.71,
1669,278,122,rep_2@revos.ai,amanda.davis@qubitlabs.co,Re: Qubitlabs Inc — RevOS Analytics,Quick update — we got budget approval. Let's finalize the SOW this week.,2026-07-24T00:00:00,outbound,0.6,
1670,278,122,rep_2@revos.ai,amanda.davis@qubitlabs.co,Re: Qubitlabs Inc — RevOS Analytics,The ROI numbers you shared were compelling. I've looped in our CFO for budget approval.,2026-09-12T00:00:00,outbound,0.58,Salesforce Einstein
1671,279,14,ashley.gupta@finlabs.in,rep_7@revos.ai,Re: Finlabs Inc — RevOS Enterprise,We've completed internal review. Legal is looking at the contract now. Expect sign-off by October 02.,2026-09-25T00:00:00,inbound,0.31,
1672,279,14,ashley.gupta@finlabs.in,rep_7@revos.ai,Re: Finlabs Inc — RevOS Enterprise,Great demo yesterday! Our VP was impressed with the forecasting module. Let's discuss pricing for the enterprise tier.,2026-09-04T00:00:00,inbound,0.55,
1673,279,14,rep_7@revos.ai,ashley.gupta@finlabs.in,Re: Finlabs Inc — RevOS Enterprise,"Hi Rep_7, thanks for the proposal. The team reviewed it and we're keen to move forward. Can we schedule a call this week to discuss next steps?",2026-09-06T00:00:00,outbound,0.56,Gong
1674,279,14,ashley.gupta@finlabs.in,rep_7@revos.ai,Re: Finlabs Inc — RevOS Enterprise,Quick update — we got budget approval. Let's finalize the SOW this week.,2026-07-31T00:00:00,inbound,0.79,
1675,279,14,rep_7@revos.ai,ashley.gupta@finlabs.in,Re: Finlabs Inc — RevOS Enterprise,The ROI numbers you shared were compelling. I've looped in our CFO for budget approval.,2026-09-04T00:00:00,outbound,-0.25,Salesforce Einstein
1676,279,14,ashley.gupta@finlabs.in,rep_7@revos.ai,Re: Finlabs Inc — RevOS Enterprise,We've completed internal review. Legal is looking at the contract now. Expect sign-off by September 28.,2026-09-21T00:00:00,inbound,-0.27,
1677,279,14,ashley.gupta@finlabs.in,rep_7@revos.ai,Re: Finlabs Inc — RevOS Enterprise,Thanks for the follow-up. We're still in discussion internally. Will get back to you soon.,2026-07-25T00:00:00,inbound,0.08,Salesforce Einstein
1678,279,14,ashley.gupta@finlabs.in,rep_7@revos.ai,Re: Finlabs Inc — RevOS Enterprise,Quick update — we got budget approval. Let's finalize the SOW this week.,2026-07-24T00:00:00,inbound,0.8,
1679,280,83,rep_10@revos.ai,amanda.brown@brightspark.com,Re: Brightspark Inc — RevOS Pro,"Hi Rep_10, thanks for the proposal. The team reviewed it and we're keen to move forward. Can we schedule a call this week to discuss next steps?",2026-09-13T00:00:00,outbound,-0.1,HubSpot AI
1680,280,83,amanda.brown@brightspark.com,rep_10@revos.ai,Re: Brightspark Inc — RevOS Pro,"Hi Rep_10, thanks for the proposal. The team reviewed it and we're keen to move forward. Can we schedule a call this week to discuss next steps?",2026-09-24T00:00:00,inbound,0.72,People.ai
1681,280,83,rep_10@revos.ai,amanda.brown@brightspark.com,Re: Brightspark Inc — RevOS Pro,We've completed internal review. Legal is looking at the contract now. Expect sign-off by October 05.,2026-09-28T00:00:00,outbound,0.57,
1682,280,83,rep_10@revos.ai,amanda.brown@brightspark.com,Re: Brightspark Inc — RevOS Pro,We've completed internal review. Legal is looking at the contract now. Expect sign-off by October 01.,2026-09-24T00:00:00,outbound,0.78,
1683,280,83,amanda.brown@brightspark.com,rep_10@revos.ai,Re: Brightspark Inc — RevOS Pro,Can you send over the updated pricing sheet? We need it for our internal review.,2026-09-07T00:00:00,inbound,0.55,
1684,280,83,rep_10@revos.ai,amanda.brown@brightspark.com,Re: Brightspark Inc — RevOS Pro,Quick update — we got budget approval. Let's finalize the SOW this week.,2026-08-31T00:00:00,outbound,0.4,
1685,280,83,rep_10@revos.ai,amanda.brown@brightspark.com,Re: Brightspark Inc — RevOS Pro,Quick update — we got budget approval. Let's finalize the SOW this week.,2026-09-13T00:00:00,outbound,0.3,HubSpot AI
1686,280,83,amanda.brown@brightspark.com,rep_10@revos.ai,Re: Brightspark Inc — RevOS Pro,Thanks for the follow-up. We're still in discussion internally. Will get back to you soon.,2026-08-25T00:00:00,inbound,-0.28,
1687,280,83,amanda.brown@brightspark.com,rep_10@revos.ai,Re: Brightspark Inc — RevOS Pro,The ROI numbers you shared were compelling. I've looped in our CFO for budget approval.,2026-09-17T00:00:00,inbound,0.85,
1688,281,96,rep_7@revos.ai,michael.iyer@globecast.in,Re: Globecast Inc — RevOS Analytics,Great demo yesterday! Our VP was impressed with the forecasting module. Let's discuss pricing for the enterprise tier.,2026-09-16T00:00:00,outbound,0.65,People.ai
1689,281,96,michael.iyer@globecast.in,rep_7@revos.ai,Re: Globecast Inc — RevOS Analytics,Great demo yesterday! Our VP was impressed with the forecasting module. Let's discuss pricing for the enterprise tier.,2026-09-28T00:00:00,inbound,0.99,
1690,282,102,lisa.jones@innov8.co,rep_1@revos.ai,Re: Innov8 Inc — RevOS Enterprise,Our CTO left the company last week. New leadership wants to re-evaluate all vendor decisions.,2026-08-06T00:00:00,inbound,-0.36,
1691,282,102,lisa.jones@innov8.co,rep_1@revos.ai,Re: Innov8 Inc — RevOS Enterprise,"Hi Rep_1, we need to push the timeline. Budget freeze until next quarter. I'll keep you posted.",2026-07-09T00:00:00,inbound,-0.95,Clari
1692,282,102,lisa.jones@innov8.co,rep_1@revos.ai,Re: Innov8 Inc — RevOS Enterprise,Our CTO left the company last week. New leadership wants to re-evaluate all vendor decisions.,2026-06-20T00:00:00,inbound,-0.6,Clari
1693,282,102,rep_1@revos.ai,lisa.jones@innov8.co,Re: Innov8 Inc — RevOS Enterprise,"Hi Rep_1, we need to push the timeline. Budget freeze until next quarter. I'll keep you posted.",2026-06-14T00:00:00,outbound,-0.84,
1694,282,102,rep_1@revos.ai,lisa.jones@innov8.co,Re: Innov8 Inc — RevOS Enterprise,The team has concerns about integration complexity. We might need to revisit scope.,2026-07-13T00:00:00,outbound,-0.94,
1695,282,102,lisa.jones@innov8.co,rep_1@revos.ai,Re: Innov8 Inc — RevOS Enterprise,We need to put this on hold. There's a hiring freeze and priorities have shifted.,2026-08-22T00:00:00,inbound,-0.95,
1696,282,102,rep_1@revos.ai,lisa.jones@innov8.co,Re: Innov8 Inc — RevOS Enterprise,We're evaluating a competitor as well. Can you share a comparison deck?,2026-06-20T00:00:00,outbound,-0.43,
1697,283,108,sneha.das@keystone.in,rep_4@revos.ai,Re: Keystone Inc — RevOS Enterprise,Sorry for the silence — been caught up with internal reorg. Not sure about the timeline anymore.,2026-08-21T00:00:00,inbound,-0.65,
1698,283,108,sneha.das@keystone.in,rep_4@revos.ai,Re: Keystone Inc — RevOS Enterprise,We're evaluating Gong as well. Can you share a comparison deck?,2026-05-11T00:00:00,inbound,-0.39,
1699,283,108,rep_4@revos.ai,sneha.das@keystone.in,Re: Keystone Inc — RevOS Enterprise,The team has concerns about integration complexity. We might need to revisit scope.,2026-05-22T00:00:00,outbound,-0.3,
1700,283,108,rep_4@revos.ai,sneha.das@keystone.in,Re: Keystone Inc — RevOS Enterprise,The team has concerns about integration complexity. We might need to revisit scope.,2026-07-09T00:00:00,outbound,-0.18,Clari
1701,283,108,sneha.das@keystone.in,rep_4@revos.ai,Re: Keystone Inc — RevOS Enterprise,We need to put this on hold. There's a hiring freeze and priorities have shifted.,2026-05-27T00:00:00,inbound,-0.51,People.ai
1702,283,108,sneha.das@keystone.in,rep_4@revos.ai,Re: Keystone Inc — RevOS Enterprise,Sorry for the silence — been caught up with internal reorg. Not sure about the timeline anymore.,2026-07-06T00:00:00,inbound,-0.55,HubSpot AI
1703,283,108,rep_4@revos.ai,sneha.das@keystone.in,Re: Keystone Inc — RevOS Enterprise,"Hi Rep_4, we need to push the timeline. Budget freeze until next quarter. I'll keep you posted.",2026-08-27T00:00:00,outbound,-0.5,
1704,283,108,sneha.das@keystone.in,rep_4@revos.ai,Re: Keystone Inc — RevOS Enterprise,Sorry for the silence — been caught up with internal reorg. Not sure about the timeline anymore.,2026-07-22T00:00:00,inbound,-0.45,
1705,284,114,rep_8@revos.ai,priya.iyer@novabridge.com,Re: Novabridge Inc — RevOS API,"Hi Rep_8, thanks for the proposal. The team reviewed it and we're keen to move forward. Can we schedule a call this week to discuss next steps?",2026-09-02T00:00:00,outbound,0.58,
1706,284,114,rep_8@revos.ai,priya.iyer@novabridge.com,Re: Novabridge Inc — RevOS API,Can you send over the updated pricing sheet? We need it for our internal review.,2026-09-07T00:00:00,outbound,0.16,
1707,284,114,priya.iyer@novabridge.com,rep_8@revos.ai,Re: Novabridge Inc — RevOS API,Great demo yesterday! Our VP was impressed with the forecasting module. Let's discuss pricing for the enterprise tier.,2026-10-01T00:00:00,inbound,0.59,
1708,284,114,rep_8@revos.ai,priya.iyer@novabridge.com,Re: Novabridge Inc — RevOS API,We've completed internal review. Legal is looking at the contract now. Expect sign-off by August 29.,2026-08-22T00:00:00,outbound,0.32,
1709,284,114,priya.iyer@novabridge.com,rep_8@revos.ai,Re: Novabridge Inc — RevOS API,Thanks for the follow-up. We're still in discussion internally. Will get back to you soon.,2026-09-01T00:00:00,inbound,0.23,Salesforce Einstein
1710,284,114,rep_8@revos.ai,priya.iyer@novabridge.com,Re: Novabridge Inc — RevOS API,Quick update — we got budget approval. Let's finalize the SOW this week.,2026-09-03T00:00:00,outbound,0.31,
1711,284,114,rep_8@revos.ai,priya.iyer@novabridge.com,Re: Novabridge Inc — RevOS API,The ROI numbers you shared were compelling. I've looped in our CFO for budget approval.,2026-08-19T00:00:00,outbound,0.99,
1712,284,114,priya.iyer@novabridge.com,rep_8@revos.ai,Re: Novabridge Inc — RevOS API,Quick update — we got budget approval. Let's finalize the SOW this week.,2026-08-27T00:00:00,inbound,0.77,
1713,284,114,priya.iyer@novabridge.com,rep_8@revos.ai,Re: Novabridge Inc — RevOS API,Quick update — we got budget approval. Let's finalize the SOW this week.,2026-09-14T00:00:00,inbound,0.47,
1714,285,18,sneha.williams@growthloop.io,rep_2@revos.ai,Re: Growthloop Inc — RevOS Starter,The team has concerns about integration complexity. We might need to revisit scope.,2026-06-17T00:00:00,inbound,-0.44,
1715,285,18,rep_2@revos.ai,sneha.williams@growthloop.io,Re: Growthloop Inc — RevOS Starter,Our CTO left the company last week. New leadership wants to re-evaluate all vendor decisions.,2026-06-28T00:00:00,outbound,-0.25,
1716,285,18,sneha.williams@growthloop.io,rep_2@revos.ai,Re: Growthloop Inc — RevOS Starter,The team has concerns about integration complexity. We might need to revisit scope.,2026-05-27T00:00:00,inbound,-0.14,
1717,285,18,sneha.williams@growthloop.io,rep_2@revos.ai,Re: Growthloop Inc — RevOS Starter,We need to put this on hold. There's a hiring freeze and priorities have shifted.,2026-08-10T00:00:00,inbound,-0.15,Clari
1718,285,18,sneha.williams@growthloop.io,rep_2@revos.ai,Re: Growthloop Inc — RevOS Starter,The team has concerns about integration complexity. We might need to revisit scope.,2026-09-10T00:00:00,inbound,-0.57,
1719,285,18,sneha.williams@growthloop.io,rep_2@revos.ai,Re: Growthloop Inc — RevOS Starter,The team has concerns about integration complexity. We might need to revisit scope.,2026-06-07T00:00:00,inbound,-0.22,
1720,285,18,rep_2@revos.ai,sneha.williams@growthloop.io,Re: Growthloop Inc — RevOS Starter,We need to put this on hold. There's a hiring freeze and priorities have shifted.,2026-06-13T00:00:00,outbound,-0.9,
1721,285,18,sneha.williams@growthloop.io,rep_2@revos.ai,Re: Growthloop Inc — RevOS Starter,We need to put this on hold. There's a hiring freeze and priorities have shifted.,2026-09-07T00:00:00,inbound,-0.68,Clari
1722,285,18,rep_2@revos.ai,sneha.williams@growthloop.io,Re: Growthloop Inc — RevOS Starter,Our CTO left the company last week. New leadership wants to re-evaluate all vendor decisions.,2026-07-07T00:00:00,outbound,-0.37,People.ai
1723,285,18,rep_2@revos.ai,sneha.williams@growthloop.io,Re: Growthloop Inc — RevOS Starter,We need to put this on hold. There's a hiring freeze and priorities have shifted.,2026-09-12T00:00:00,outbound,-0.58,People.ai
1724,286,62,aditya.das@vantagepoint.io,rep_3@revos.ai,Re: Vantagepoint Inc — RevOS Analytics,We're evaluating HubSpot AI as well. Can you share a comparison deck?,2026-04-30T00:00:00,inbound,-0.98,HubSpot AI
1725,286,62,rep_3@revos.ai,aditya.das@vantagepoint.io,Re: Vantagepoint Inc — RevOS Analytics,"Hi Rep_3, we need to push the timeline. Budget freeze until next quarter. I'll keep you posted.",2026-06-03T00:00:00,outbound,-0.94,
1726,286,62,rep_3@revos.ai,aditya.das@vantagepoint.io,Re: Vantagepoint Inc — RevOS Analytics,"Hi Rep_3, we need to push the timeline. Budget freeze until next quarter. I'll keep you posted.",2026-09-02T00:00:00,outbound,-0.56,
1727,286,62,aditya.das@vantagepoint.io,rep_3@revos.ai,Re: Vantagepoint Inc — RevOS Analytics,We need to put this on hold. There's a hiring freeze and priorities have shifted.,2026-06-08T00:00:00,inbound,-0.42,
1728,286,62,aditya.das@vantagepoint.io,rep_3@revos.ai,Re: Vantagepoint Inc — RevOS Analytics,We're evaluating Gong as well. Can you share a comparison deck?,2026-06-11T00:00:00,inbound,-0.63,Gong
1729,287,83,amanda.brown@brightspark.com,rep_8@revos.ai,Re: Brightspark Inc — RevOS Analytics,Great demo yesterday! Our VP was impressed with the forecasting module. Let's discuss pricing for the enterprise tier.,2026-09-28T00:00:00,inbound,0.92,Salesforce Einstein
1730,287,83,amanda.brown@brightspark.com,rep_8@revos.ai,Re: Brightspark Inc — RevOS Analytics,Great demo yesterday! Our VP was impressed with the forecasting module. Let's discuss pricing for the enterprise tier.,2026-09-19T00:00:00,inbound,0.87,
1731,287,83,rep_8@revos.ai,amanda.brown@brightspark.com,Re: Brightspark Inc — RevOS Analytics,We've completed internal review. Legal is looking at the contract now. Expect sign-off by September 19.,2026-09-12T00:00:00,outbound,0.79,
1732,288,18,rep_2@revos.ai,sneha.williams@growthloop.io,Re: Growthloop Inc — RevOS Enterprise,Great demo yesterday! Our VP was impressed with the forecasting module. Let's discuss pricing for the enterprise tier.,2026-09-09T00:00:00,outbound,0.59,
1733,288,18,rep_2@revos.ai,sneha.williams@growthloop.io,Re: Growthloop Inc — RevOS Enterprise,Can you send over the updated pricing sheet? We need it for our internal review.,2026-09-24T00:00:00,outbound,0.43,
1734,288,18,rep_2@revos.ai,sneha.williams@growthloop.io,Re: Growthloop Inc — RevOS Enterprise,We've completed internal review. Legal is looking at the contract now. Expect sign-off by September 18.,2026-09-11T00:00:00,outbound,0.51,
1735,288,18,rep_2@revos.ai,sneha.williams@growthloop.io,Re: Growthloop Inc — RevOS Enterprise,"Hi Rep_2, just checking in. Any updates on the custom integration we discussed?",2026-09-23T00:00:00,outbound,0.35,
1736,288,18,sneha.williams@growthloop.io,rep_2@revos.ai,Re: Growthloop Inc — RevOS Enterprise,Great demo yesterday! Our VP was impressed with the forecasting module. Let's discuss pricing for the enterprise tier.,2026-09-17T00:00:00,inbound,-0.07,
1737,288,18,rep_2@revos.ai,sneha.williams@growthloop.io,Re: Growthloop Inc — RevOS Enterprise,Can you send over the updated pricing sheet? We need it for our internal review.,2026-09-10T00:00:00,outbound,-0.05,
1738,288,18,rep_2@revos.ai,sneha.williams@growthloop.io,Re: Growthloop Inc — RevOS Enterprise,The ROI numbers you shared were compelling. I've looped in our CFO for budget approval.,2026-09-22T00:00:00,outbound,0.02,
1739,289,110,priya.miller@luminance.io,rep_8@revos.ai,Re: Luminance Inc — RevOS API,Our CTO left the company last week. New leadership wants to re-evaluate all vendor decisions.,2026-09-02T00:00:00,inbound,-0.33,People.ai
1740,289,110,rep_8@revos.ai,priya.miller@luminance.io,Re: Luminance Inc — RevOS API,We're evaluating a competitor as well. Can you share a comparison deck?,2026-09-13T00:00:00,outbound,-0.23,
1741,289,110,priya.miller@luminance.io,rep_8@revos.ai,Re: Luminance Inc — RevOS API,Sorry for the silence — been caught up with internal reorg. Not sure about the timeline anymore.,2026-10-01T00:00:00,inbound,-0.25,
1742,289,110,priya.miller@luminance.io,rep_8@revos.ai,Re: Luminance Inc — RevOS API,We need to put this on hold. There's a hiring freeze and priorities have shifted.,2026-08-29T00:00:00,inbound,-0.27,
1743,289,110,priya.miller@luminance.io,rep_8@revos.ai,Re: Luminance Inc — RevOS API,Our CTO left the company last week. New leadership wants to re-evaluate all vendor decisions.,2026-09-28T00:00:00,inbound,-0.74,HubSpot AI
1744,290,110,rep_4@revos.ai,priya.miller@luminance.io,Re: Luminance Inc — RevOS Pro,The ROI numbers you shared were compelling. I've looped in our CFO for budget approval.,2026-07-11T00:00:00,outbound,1.0,
1745,290,110,priya.miller@luminance.io,rep_4@revos.ai,Re: Luminance Inc — RevOS Pro,We've completed internal review. Legal is looking at the contract now. Expect sign-off by October 08.,2026-10-01T00:00:00,inbound,0.52,People.ai
1746,290,110,priya.miller@luminance.io,rep_4@revos.ai,Re: Luminance Inc — RevOS Pro,The ROI numbers you shared were compelling. I've looped in our CFO for budget approval.,2026-05-25T00:00:00,inbound,0.42,
1747,290,110,rep_4@revos.ai,priya.miller@luminance.io,Re: Luminance Inc — RevOS Pro,Quick update — we got budget approval. Let's finalize the SOW this week.,2026-05-30T00:00:00,outbound,0.83,
1748,290,110,rep_4@revos.ai,priya.miller@luminance.io,Re: Luminance Inc — RevOS Pro,Quick update — we got budget approval. Let's finalize the SOW this week.,2026-09-13T00:00:00,outbound,0.52,
1749,290,110,rep_4@revos.ai,priya.miller@luminance.io,Re: Luminance Inc — RevOS Pro,We've completed internal review. Legal is looking at the contract now. Expect sign-off by August 12.,2026-08-05T00:00:00,outbound,0.3,
1750,290,110,priya.miller@luminance.io,rep_4@revos.ai,Re: Luminance Inc — RevOS Pro,Can you send over the updated pricing sheet? We need it for our internal review.,2026-05-18T00:00:00,inbound,0.08,
1751,290,110,priya.miller@luminance.io,rep_4@revos.ai,Re: Luminance Inc — RevOS Pro,Great demo yesterday! Our VP was impressed with the forecasting module. Let's discuss pricing for the enterprise tier.,2026-08-14T00:00:00,inbound,0.78,
1752,291,25,arjun.davis@infoedge.com,rep_1@revos.ai,Re: Infoedge Inc — RevOS Enterprise,Thanks for the follow-up. We're still in discussion internally. Will get back to you soon.,2026-07-27T00:00:00,inbound,0.56,
1753,291,25,rep_1@revos.ai,arjun.davis@infoedge.com,Re: Infoedge Inc — RevOS Enterprise,We've completed internal review. Legal is looking at the contract now. Expect sign-off by June 01.,2026-05-25T00:00:00,outbound,-0.1,Gong
1754,291,25,rep_1@revos.ai,arjun.davis@infoedge.com,Re: Infoedge Inc — RevOS Enterprise,"Hi Rep_1, thanks for the proposal. The team reviewed it and we're keen to move forward. Can we schedule a call this week to discuss next steps?",2026-08-27T00:00:00,outbound,0.44,
1755,291,25,rep_1@revos.ai,arjun.davis@infoedge.com,Re: Infoedge Inc — RevOS Enterprise,Can you send over the updated pricing sheet? We need it for our internal review.,2026-09-03T00:00:00,outbound,0.42,
1756,291,25,arjun.davis@infoedge.com,rep_1@revos.ai,Re: Infoedge Inc — RevOS Enterprise,"Hi Rep_1, thanks for the proposal. The team reviewed it and we're keen to move forward. Can we schedule a call this week to discuss next steps?",2026-05-26T00:00:00,inbound,0.29,
1757,291,25,arjun.davis@infoedge.com,rep_1@revos.ai,Re: Infoedge Inc — RevOS Enterprise,We've completed internal review. Legal is looking at the contract now. Expect sign-off by July 17.,2026-07-10T00:00:00,inbound,-0.13,
1758,292,39,rep_1@revos.ai,manish.reddy@omnilayer.co,Re: Omnilayer Inc — RevOS Pro,Sorry for the silence — been caught up with internal reorg. Not sure about the timeline anymore.,2026-06-20T00:00:00,outbound,-0.18,
1759,292,39,manish.reddy@omnilayer.co,rep_1@revos.ai,Re: Omnilayer Inc — RevOS Pro,"Hi Rep_1, we need to push the timeline. Budget freeze until next quarter. I'll keep you posted.",2026-08-09T00:00:00,inbound,-0.53,
1760,292,39,manish.reddy@omnilayer.co,rep_1@revos.ai,Re: Omnilayer Inc — RevOS Pro,We're evaluating HubSpot AI as well. Can you share a comparison deck?,2026-09-16T00:00:00,inbound,-0.5,
1761,292,39,rep_1@revos.ai,manish.reddy@omnilayer.co,Re: Omnilayer Inc — RevOS Pro,"Hi Rep_1, we need to push the timeline. Budget freeze until next quarter. I'll keep you posted.",2026-08-10T00:00:00,outbound,-0.77,
1762,292,39,manish.reddy@omnilayer.co,rep_1@revos.ai,Re: Omnilayer Inc — RevOS Pro,We're evaluating HubSpot AI as well. Can you share a comparison deck?,2026-05-23T00:00:00,inbound,-0.71,HubSpot AI
1763,292,39,rep_1@revos.ai,manish.reddy@omnilayer.co,Re: Omnilayer Inc — RevOS Pro,The team has concerns about integration complexity. We might need to revisit scope.,2026-07-29T00:00:00,outbound,-0.32,People.ai
1764,293,51,rep_2@revos.ai,siddharth.joshi@raptorx.io,Re: Raptorx Inc — RevOS API,Sorry for the silence — been caught up with internal reorg. Not sure about the timeline anymore.,2026-05-08T00:00:00,outbound,-0.83,
1765,293,51,rep_2@revos.ai,siddharth.joshi@raptorx.io,Re: Raptorx Inc — RevOS API,We're evaluating Gong as well. Can you share a comparison deck?,2026-08-14T00:00:00,outbound,-0.6,
1766,293,51,siddharth.joshi@raptorx.io,rep_2@revos.ai,Re: Raptorx Inc — RevOS API,The team has concerns about integration complexity. We might need to revisit scope.,2026-06-04T00:00:00,inbound,-0.25,
1767,293,51,rep_2@revos.ai,siddharth.joshi@raptorx.io,Re: Raptorx Inc — RevOS API,We need to put this on hold. There's a hiring freeze and priorities have shifted.,2026-08-03T00:00:00,outbound,-0.31,
1768,293,51,rep_2@revos.ai,siddharth.joshi@raptorx.io,Re: Raptorx Inc — RevOS API,"Hi Rep_2, we need to push the timeline. Budget freeze until next quarter. I'll keep you posted.",2026-06-11T00:00:00,outbound,-0.84,
1769,293,51,rep_2@revos.ai,siddharth.joshi@raptorx.io,Re: Raptorx Inc — RevOS API,"Hi Rep_2, we need to push the timeline. Budget freeze until next quarter. I'll keep you posted.",2026-09-08T00:00:00,outbound,-0.54,
1770,293,51,rep_2@revos.ai,siddharth.joshi@raptorx.io,Re: Raptorx Inc — RevOS API,"Hi Rep_2, we need to push the timeline. Budget freeze until next quarter. I'll keep you posted.",2026-08-21T00:00:00,outbound,-0.47,
1771,293,51,siddharth.joshi@raptorx.io,rep_2@revos.ai,Re: Raptorx Inc — RevOS API,Our CTO left the company last week. New leadership wants to re-evaluate all vendor decisions.,2026-08-16T00:00:00,inbound,-0.25,Clari
1772,293,51,rep_2@revos.ai,siddharth.joshi@raptorx.io,Re: Raptorx Inc — RevOS API,Sorry for the silence — been caught up with internal reorg. Not sure about the timeline anymore.,2026-06-29T00:00:00,outbound,-0.33,
1773,294,42,emma.jones@omnilayer.co,rep_3@revos.ai,Re: Omnilayer Inc — RevOS API,The team has concerns about integration complexity. We might need to revisit scope.,2026-08-07T00:00:00,inbound,-0.35,
1774,294,42,emma.jones@omnilayer.co,rep_3@revos.ai,Re: Omnilayer Inc — RevOS API,We need to put this on hold. There's a hiring freeze and priorities have shifted.,2026-09-09T00:00:00,inbound,-0.37,
1775,294,42,emma.jones@omnilayer.co,rep_3@revos.ai,Re: Omnilayer Inc — RevOS API,We're evaluating Gong as well. Can you share a comparison deck?,2026-07-25T00:00:00,inbound,-0.75,Gong
1776,294,42,emma.jones@omnilayer.co,rep_3@revos.ai,Re: Omnilayer Inc — RevOS API,Our CTO left the company last week. New leadership wants to re-evaluate all vendor decisions.,2026-09-01T00:00:00,inbound,-0.69,
1777,294,42,rep_3@revos.ai,emma.jones@omnilayer.co,Re: Omnilayer Inc — RevOS API,We're evaluating a competitor as well. Can you share a comparison deck?,2026-09-18T00:00:00,outbound,-0.95,
1778,294,42,emma.jones@omnilayer.co,rep_3@revos.ai,Re: Omnilayer Inc — RevOS API,The team has concerns about integration complexity. We might need to revisit scope.,2026-08-12T00:00:00,inbound,-0.67,
1779,295,50,david.patel@raptorx.io,rep_2@revos.ai,Re: Raptorx Inc — RevOS Enterprise,Great demo yesterday! Our VP was impressed with the forecasting module. Let's discuss pricing for the enterprise tier.,2026-09-17T00:00:00,inbound,0.48,
1780,295,50,rep_2@revos.ai,david.patel@raptorx.io,Re: Raptorx Inc — RevOS Enterprise,The ROI numbers you shared were compelling. I've looped in our CFO for budget approval.,2026-09-12T00:00:00,outbound,0.43,
1781,295,50,rep_2@revos.ai,david.patel@raptorx.io,Re: Raptorx Inc — RevOS Enterprise,We've completed internal review. Legal is looking at the contract now. Expect sign-off by August 27.,2026-08-20T00:00:00,outbound,0.74,People.ai
1782,295,50,david.patel@raptorx.io,rep_2@revos.ai,Re: Raptorx Inc — RevOS Enterprise,The ROI numbers you shared were compelling. I've looped in our CFO for budget approval.,2026-08-18T00:00:00,inbound,0.92,
1783,296,109,rohan.sharma@luminance.io,rep_3@revos.ai,Re: Luminance Inc — RevOS API,Thanks for the follow-up. We're still in discussion internally. Will get back to you soon.,2026-07-07T00:00:00,inbound,0.3,
1784,296,109,rohan.sharma@luminance.io,rep_3@revos.ai,Re: Luminance Inc — RevOS API,Can you send over the updated pricing sheet? We need it for our internal review.,2026-08-09T00:00:00,inbound,-0.01,
1785,296,109,rohan.sharma@luminance.io,rep_3@revos.ai,Re: Luminance Inc — RevOS API,Can you send over the updated pricing sheet? We need it for our internal review.,2026-07-31T00:00:00,inbound,0.55,
1786,296,109,rohan.sharma@luminance.io,rep_3@revos.ai,Re: Luminance Inc — RevOS API,We've completed internal review. Legal is looking at the contract now. Expect sign-off by August 14.,2026-08-07T00:00:00,inbound,0.43,
1787,296,109,rohan.sharma@luminance.io,rep_3@revos.ai,Re: Luminance Inc — RevOS API,Can you send over the updated pricing sheet? We need it for our internal review.,2026-07-06T00:00:00,inbound,0.46,HubSpot AI
1788,296,109,rohan.sharma@luminance.io,rep_3@revos.ai,Re: Luminance Inc — RevOS API,"Hi Rep_3, just checking in. Any updates on the custom integration we discussed?",2026-08-26T00:00:00,inbound,0.36,
1789,296,109,rohan.sharma@luminance.io,rep_3@revos.ai,Re: Luminance Inc — RevOS API,Thanks for the follow-up. We're still in discussion internally. Will get back to you soon.,2026-08-10T00:00:00,inbound,-0.16,
1790,297,46,divya.verma@quantleap.in,rep_2@revos.ai,Re: Quantleap Inc — RevOS Enterprise,The ROI numbers you shared were compelling. I've looped in our CFO for budget approval.,2026-07-31T00:00:00,inbound,0.6,
1791,297,46,divya.verma@quantleap.in,rep_2@revos.ai,Re: Quantleap Inc — RevOS Enterprise,Quick update — we got budget approval. Let's finalize the SOW this week.,2026-09-17T00:00:00,inbound,0.78,
1792,297,46,rep_2@revos.ai,divya.verma@quantleap.in,Re: Quantleap Inc — RevOS Enterprise,Can you send over the updated pricing sheet? We need it for our internal review.,2026-08-06T00:00:00,outbound,0.04,People.ai
1793,297,46,rep_2@revos.ai,divya.verma@quantleap.in,Re: Quantleap Inc — RevOS Enterprise,Great demo yesterday! Our VP was impressed with the forecasting module. Let's discuss pricing for the enterprise tier.,2026-07-13T00:00:00,outbound,0.3,
1794,297,46,divya.verma@quantleap.in,rep_2@revos.ai,Re: Quantleap Inc — RevOS Enterprise,Quick update — we got budget approval. Let's finalize the SOW this week.,2026-07-29T00:00:00,inbound,0.32,HubSpot AI
1795,298,92,rep_10@revos.ai,nisha.singh@edgeflux.co,Re: Edgeflux Inc — RevOS Starter,Thanks for the follow-up. We're still in discussion internally. Will get back to you soon.,2026-08-29T00:00:00,outbound,0.24,
1796,298,92,rep_10@revos.ai,nisha.singh@edgeflux.co,Re: Edgeflux Inc — RevOS Starter,"Hi Rep_10, thanks for the proposal. The team reviewed it and we're keen to move forward. Can we schedule a call this week to discuss next steps?",2026-08-05T00:00:00,outbound,0.28,Clari
1797,298,92,nisha.singh@edgeflux.co,rep_10@revos.ai,Re: Edgeflux Inc — RevOS Starter,The ROI numbers you shared were compelling. I've looped in our CFO for budget approval.,2026-06-10T00:00:00,inbound,0.32,
1798,298,92,rep_10@revos.ai,nisha.singh@edgeflux.co,Re: Edgeflux Inc — RevOS Starter,Can you send over the updated pricing sheet? We need it for our internal review.,2026-07-23T00:00:00,outbound,0.18,
1799,298,92,nisha.singh@edgeflux.co,rep_10@revos.ai,Re: Edgeflux Inc — RevOS Starter,The ROI numbers you shared were compelling. I've looped in our CFO for budget approval.,2026-09-09T00:00:00,inbound,0.19,Gong
1800,298,92,nisha.singh@edgeflux.co,rep_10@revos.ai,Re: Edgeflux Inc — RevOS Starter,Thanks for the follow-up. We're still in discussion internally. Will get back to you soon.,2026-06-18T00:00:00,inbound,0.1,HubSpot AI
1801,299,87,ritu.williams@datavault.io,rep_7@revos.ai,Re: Datavault Inc — RevOS API,"Hi Rep_7, thanks for the proposal. The team reviewed it and we're keen to move forward. Can we schedule a call this week to discuss next steps?",2026-06-28T00:00:00,inbound,0.37,
1802,299,87,ritu.williams@datavault.io,rep_7@revos.ai,Re: Datavault Inc — RevOS API,Quick update — we got budget approval. Let's finalize the SOW this week.,2026-07-05T00:00:00,inbound,0.42,
1803,299,87,ritu.williams@datavault.io,rep_7@revos.ai,Re: Datavault Inc — RevOS API,Can you send over the updated pricing sheet? We need it for our internal review.,2026-07-08T00:00:00,inbound,0.49,
1804,299,87,ritu.williams@datavault.io,rep_7@revos.ai,Re: Datavault Inc — RevOS API,The ROI numbers you shared were compelling. I've looped in our CFO for budget approval.,2026-08-21T00:00:00,inbound,-0.1,
1805,299,87,ritu.williams@datavault.io,rep_7@revos.ai,Re: Datavault Inc — RevOS API,"Hi Rep_7, thanks for the proposal. The team reviewed it and we're keen to move forward. Can we schedule a call this week to discuss next steps?",2026-10-01T00:00:00,inbound,0.75,
1806,299,87,rep_7@revos.ai,ritu.williams@datavault.io,Re: Datavault Inc — RevOS API,Quick update — we got budget approval. Let's finalize the SOW this week.,2026-07-17T00:00:00,outbound,0.71,
1807,299,87,rep_7@revos.ai,ritu.williams@datavault.io,Re: Datavault Inc — RevOS API,"Hi Rep_7, thanks for the proposal. The team reviewed it and we're keen to move forward. Can we schedule a call this week to discuss next steps?",2026-08-17T00:00:00,outbound,0.32,Salesforce Einstein
1808,300,113,meera.reddy@novabridge.com,rep_3@revos.ai,Re: Novabridge Inc — RevOS Analytics,"Hi Rep_3, thanks for the proposal. The team reviewed it and we're keen to move forward. Can we schedule a call this week to discuss next steps?",2026-06-03T00:00:00,inbound,0.62,
1809,300,113,rep_3@revos.ai,meera.reddy@novabridge.com,Re: Novabridge Inc — RevOS Analytics,Quick update — we got budget approval. Let's finalize the SOW this week.,2026-07-16T00:00:00,outbound,0.89,
1810,300,113,meera.reddy@novabridge.com,rep_3@revos.ai,Re: Novabridge Inc — RevOS Analytics,"Hi Rep_3, thanks for the proposal. The team reviewed it and we're keen to move forward. Can we schedule a call this week to discuss next steps?",2026-06-24T00:00:00,inbound,0.67,Salesforce Einstein
1811,300,113,meera.reddy@novabridge.com,rep_3@revos.ai,Re: Novabridge Inc — RevOS Analytics,We've completed internal review. Legal is looking at the contract now. Expect sign-off by June 13.,2026-06-06T00:00:00,inbound,0.86,
1812,300,113,rep_3@revos.ai,meera.reddy@novabridge.com,Re: Novabridge Inc — RevOS Analytics,Quick update — we got budget approval. Let's finalize the SOW this week.,2026-07-14T00:00:00,outbound,0.63,
1813,300,113,rep_3@revos.ai,meera.reddy@novabridge.com,Re: Novabridge Inc — RevOS Analytics,"Hi Rep_3, thanks for the proposal. The team reviewed it and we're keen to move forward. Can we schedule a call this week to discuss next steps?",2026-08-05T00:00:00,outbound,0.72,
1814,301,146,arjun.davis@xyphorai.io,rep_7@revos.ai,Re: Xyphorai Inc — RevOS API,Sorry for the silence — been caught up with internal reorg. Not sure about the timeline anymore.,2026-06-01T00:00:00,inbound,-0.34,
1815,301,146,rep_7@revos.ai,arjun.davis@xyphorai.io,Re: Xyphorai Inc — RevOS API,Sorry for the silence — been caught up with internal reorg. Not sure about the timeline anymore.,2026-09-17T00:00:00,outbound,-0.78,
1816,301,146,arjun.davis@xyphorai.io,rep_7@revos.ai,Re: Xyphorai Inc — RevOS API,Sorry for the silence — been caught up with internal reorg. Not sure about the timeline anymore.,2026-06-08T00:00:00,inbound,-0.31,
1817,301,146,rep_7@revos.ai,arjun.davis@xyphorai.io,Re: Xyphorai Inc — RevOS API,We're evaluating HubSpot AI as well. Can you share a comparison deck?,2026-08-17T00:00:00,outbound,-0.15,
1818,301,146,arjun.davis@xyphorai.io,rep_7@revos.ai,Re: Xyphorai Inc — RevOS API,"Hi Rep_7, we need to push the timeline. Budget freeze until next quarter. I'll keep you posted.",2026-09-15T00:00:00,inbound,-0.82,
1819,301,146,rep_7@revos.ai,arjun.davis@xyphorai.io,Re: Xyphorai Inc — RevOS API,The team has concerns about integration complexity. We might need to revisit scope.,2026-09-23T00:00:00,outbound,-0.26,
1820,301,146,arjun.davis@xyphorai.io,rep_7@revos.ai,Re: Xyphorai Inc — RevOS API,We're evaluating a competitor as well. Can you share a comparison deck?,2026-05-23T00:00:00,inbound,-0.8,
1821,301,146,rep_7@revos.ai,arjun.davis@xyphorai.io,Re: Xyphorai Inc — RevOS API,The team has concerns about integration complexity. We might need to revisit scope.,2026-07-24T00:00:00,outbound,-0.73,
1822,301,146,arjun.davis@xyphorai.io,rep_7@revos.ai,Re: Xyphorai Inc — RevOS API,Sorry for the silence — been caught up with internal reorg. Not sure about the timeline anymore.,2026-08-17T00:00:00,inbound,-0.82,Salesforce Einstein
1823,302,109,rohan.sharma@luminance.io,rep_10@revos.ai,Re: Luminance Inc — RevOS Enterprise,The ROI numbers you shared were compelling. I've looped in our CFO for budget approval.,2026-08-02T00:00:00,inbound,0.4,
1824,302,109,rohan.sharma@luminance.io,rep_10@revos.ai,Re: Luminance Inc — RevOS Enterprise,Thanks for the follow-up. We're still in discussion internally. Will get back to you soon.,2026-08-10T00:00:00,inbound,-0.03,People.ai
1825,302,109,rep_10@revos.ai,rohan.sharma@luminance.io,Re: Luminance Inc — RevOS Enterprise,The ROI numbers you shared were compelling. I've looped in our CFO for budget approval.,2026-09-07T00:00:00,outbound,-0.06,Gong
1826,302,109,rep_10@revos.ai,rohan.sharma@luminance.io,Re: Luminance Inc — RevOS Enterprise,The ROI numbers you shared were compelling. I've looped in our CFO for budget approval.,2026-08-20T00:00:00,outbound,0.18,
1827,302,109,rep_10@revos.ai,rohan.sharma@luminance.io,Re: Luminance Inc — RevOS Enterprise,"Hi Rep_10, thanks for the proposal. The team reviewed it and we're keen to move forward. Can we schedule a call this week to discuss next steps?",2026-09-22T00:00:00,outbound,0.04,
1828,302,109,rohan.sharma@luminance.io,rep_10@revos.ai,Re: Luminance Inc — RevOS Enterprise,Great demo yesterday! Our VP was impressed with the forecasting module. Let's discuss pricing for the enterprise tier.,2026-08-17T00:00:00,inbound,0.19,
1829,303,136,amanda.das@vertexsys.com,rep_7@revos.ai,Re: Vertexsys Inc — RevOS Enterprise,We've completed internal review. Legal is looking at the contract now. Expect sign-off by September 24.,2026-09-17T00:00:00,inbound,0.22,
1830,303,136,amanda.das@vertexsys.com,rep_7@revos.ai,Re: Vertexsys Inc — RevOS Enterprise,Can you send over the updated pricing sheet? We need it for our internal review.,2026-09-03T00:00:00,inbound,0.3,
1831,303,136,rep_7@revos.ai,amanda.das@vertexsys.com,Re: Vertexsys Inc — RevOS Enterprise,Quick update — we got budget approval. Let's finalize the SOW this week.,2026-09-02T00:00:00,outbound,0.46,Clari
1832,303,136,amanda.das@vertexsys.com,rep_7@revos.ai,Re: Vertexsys Inc — RevOS Enterprise,Thanks for the follow-up. We're still in discussion internally. Will get back to you soon.,2026-09-08T00:00:00,inbound,0.22,Salesforce Einstein
1833,303,136,amanda.das@vertexsys.com,rep_7@revos.ai,Re: Vertexsys Inc — RevOS Enterprise,We've completed internal review. Legal is looking at the contract now. Expect sign-off by September 27.,2026-09-20T00:00:00,inbound,0.64,
1834,304,47,pooja.shah@quantleap.in,rep_4@revos.ai,Re: Quantleap Inc — RevOS Analytics,Quick update — we got budget approval. Let's finalize the SOW this week.,2026-06-17T00:00:00,inbound,0.84,
1835,304,47,pooja.shah@quantleap.in,rep_4@revos.ai,Re: Quantleap Inc — RevOS Analytics,We've completed internal review. Legal is looking at the contract now. Expect sign-off by September 04.,2026-08-28T00:00:00,inbound,0.77,
1836,305,69,rep_2@revos.ai,swati.iyer@xeronova.com,Re: Xeronova Inc — RevOS Starter,Our CTO left the company last week. New leadership wants to re-evaluate all vendor decisions.,2026-08-21T00:00:00,outbound,-0.45,
1837,305,69,rep_2@revos.ai,swati.iyer@xeronova.com,Re: Xeronova Inc — RevOS Starter,We're evaluating Gong as well. Can you share a comparison deck?,2026-07-27T00:00:00,outbound,-0.9,Gong
1838,305,69,rep_2@revos.ai,swati.iyer@xeronova.com,Re: Xeronova Inc — RevOS Starter,Sorry for the silence — been caught up with internal reorg. Not sure about the timeline anymore.,2026-08-24T00:00:00,outbound,-0.68,
1839,305,69,swati.iyer@xeronova.com,rep_2@revos.ai,Re: Xeronova Inc — RevOS Starter,Sorry for the silence — been caught up with internal reorg. Not sure about the timeline anymore.,2026-09-28T00:00:00,inbound,-0.93,Clari
1840,305,69,rep_2@revos.ai,swati.iyer@xeronova.com,Re: Xeronova Inc — RevOS Starter,"Hi Rep_2, we need to push the timeline. Budget freeze until next quarter. I'll keep you posted.",2026-08-29T00:00:00,outbound,-0.11,Gong
1841,305,69,swati.iyer@xeronova.com,rep_2@revos.ai,Re: Xeronova Inc — RevOS Starter,Sorry for the silence — been caught up with internal reorg. Not sure about the timeline anymore.,2026-08-01T00:00:00,inbound,-0.12,
1842,305,69,rep_2@revos.ai,swati.iyer@xeronova.com,Re: Xeronova Inc — RevOS Starter,We need to put this on hold. There's a hiring freeze and priorities have shifted.,2026-09-03T00:00:00,outbound,-0.22,
1843,305,69,rep_2@revos.ai,swati.iyer@xeronova.com,Re: Xeronova Inc — RevOS Starter,Sorry for the silence — been caught up with internal reorg. Not sure about the timeline anymore.,2026-09-11T00:00:00,outbound,-0.8,
1844,305,69,swati.iyer@xeronova.com,rep_2@revos.ai,Re: Xeronova Inc — RevOS Starter,Our CTO left the company last week. New leadership wants to re-evaluate all vendor decisions.,2026-09-22T00:00:00,inbound,-0.24,Clari
1845,305,69,rep_2@revos.ai,swati.iyer@xeronova.com,Re: Xeronova Inc — RevOS Starter,We're evaluating HubSpot AI as well. Can you share a comparison deck?,2026-07-26T00:00:00,outbound,-0.37,HubSpot AI
1846,306,29,kavita.das@kinetiq.io,rep_2@revos.ai,Re: Kinetiq Inc — RevOS Pro,The ROI numbers you shared were compelling. I've looped in our CFO for budget approval.,2026-09-02T00:00:00,inbound,0.54,
1847,306,29,kavita.das@kinetiq.io,rep_2@revos.ai,Re: Kinetiq Inc — RevOS Pro,Great demo yesterday! Our VP was impressed with the forecasting module. Let's discuss pricing for the enterprise tier.,2026-09-09T00:00:00,inbound,0.6,Clari
1848,306,29,kavita.das@kinetiq.io,rep_2@revos.ai,Re: Kinetiq Inc — RevOS Pro,Quick update — we got budget approval. Let's finalize the SOW this week.,2026-09-27T00:00:00,inbound,0.53,
1849,306,29,kavita.das@kinetiq.io,rep_2@revos.ai,Re: Kinetiq Inc — RevOS Pro,"Hi Rep_2, just checking in. Any updates on the custom integration we discussed?",2026-09-16T00:00:00,inbound,-0.08,
1850,306,29,rep_2@revos.ai,kavita.das@kinetiq.io,Re: Kinetiq Inc — RevOS Pro,Quick update — we got budget approval. Let's finalize the SOW this week.,2026-08-27T00:00:00,outbound,0.84,
1851,307,82,rep_7@revos.ai,meera.smith@brightspark.com,Re: Brightspark Inc — RevOS Analytics,Great demo yesterday! Our VP was impressed with the forecasting module. Let's discuss pricing for the enterprise tier.,2026-08-25T00:00:00,outbound,0.78,
1852,307,82,meera.smith@brightspark.com,rep_7@revos.ai,Re: Brightspark Inc — RevOS Analytics,"Hi Rep_7, thanks for the proposal. The team reviewed it and we're keen to move forward. Can we schedule a call this week to discuss next steps?",2026-08-12T00:00:00,inbound,0.24,Salesforce Einstein
1853,307,82,rep_7@revos.ai,meera.smith@brightspark.com,Re: Brightspark Inc — RevOS Analytics,We've completed internal review. Legal is looking at the contract now. Expect sign-off by September 14.,2026-09-07T00:00:00,outbound,0.35,
1854,307,82,rep_7@revos.ai,meera.smith@brightspark.com,Re: Brightspark Inc — RevOS Analytics,Can you send over the updated pricing sheet? We need it for our internal review.,2026-08-20T00:00:00,outbound,0.27,
1855,307,82,rep_7@revos.ai,meera.smith@brightspark.com,Re: Brightspark Inc — RevOS Analytics,Can you send over the updated pricing sheet? We need it for our internal review.,2026-08-29T00:00:00,outbound,0.44,
1856,307,82,rep_7@revos.ai,meera.smith@brightspark.com,Re: Brightspark Inc — RevOS Analytics,Quick update — we got budget approval. Let's finalize the SOW this week.,2026-08-21T00:00:00,outbound,0.58,
1857,307,82,rep_7@revos.ai,meera.smith@brightspark.com,Re: Brightspark Inc — RevOS Analytics,Great demo yesterday! Our VP was impressed with the forecasting module. Let's discuss pricing for the enterprise tier.,2026-08-30T00:00:00,outbound,0.81,
1858,307,82,meera.smith@brightspark.com,rep_7@revos.ai,Re: Brightspark Inc — RevOS Analytics,Great demo yesterday! Our VP was impressed with the forecasting module. Let's discuss pricing for the enterprise tier.,2026-09-06T00:00:00,inbound,0.84,
1859,307,82,rep_7@revos.ai,meera.smith@brightspark.com,Re: Brightspark Inc — RevOS Analytics,We've completed internal review. Legal is looking at the contract now. Expect sign-off by August 05.,2026-07-29T00:00:00,outbound,0.84,
1860,307,82,rep_7@revos.ai,meera.smith@brightspark.com,Re: Brightspark Inc — RevOS Analytics,Quick update — we got budget approval. Let's finalize the SOW this week.,2026-09-20T00:00:00,outbound,-0.18,People.ai
1861,308,10,robert.johnson@deltaforce.co,rep_5@revos.ai,Re: Deltaforce Inc — RevOS API,Can you send over the updated pricing sheet? We need it for our internal review.,2026-08-12T00:00:00,inbound,0.11,
1862,308,10,robert.johnson@deltaforce.co,rep_5@revos.ai,Re: Deltaforce Inc — RevOS API,Can you send over the updated pricing sheet? We need it for our internal review.,2026-08-22T00:00:00,inbound,0.08,
1863,309,127,pooja.johnson@signalops.in,rep_2@revos.ai,Re: Signalops Inc — RevOS Starter,Quick update — we got budget approval. Let's finalize the SOW this week.,2026-09-19T00:00:00,inbound,-0.13,
1864,309,127,rep_2@revos.ai,pooja.johnson@signalops.in,Re: Signalops Inc — RevOS Starter,Thanks for the follow-up. We're still in discussion internally. Will get back to you soon.,2026-09-13T00:00:00,outbound,-0.19,
1865,309,127,rep_2@revos.ai,pooja.johnson@signalops.in,Re: Signalops Inc — RevOS Starter,Thanks for the follow-up. We're still in discussion internally. Will get back to you soon.,2026-09-20T00:00:00,outbound,-0.02,
1866,310,109,rep_6@revos.ai,rohan.sharma@luminance.io,Re: Luminance Inc — RevOS API,We need to put this on hold. There's a hiring freeze and priorities have shifted.,2026-09-28T00:00:00,outbound,-0.44,
1867,310,109,rohan.sharma@luminance.io,rep_6@revos.ai,Re: Luminance Inc — RevOS API,Sorry for the silence — been caught up with internal reorg. Not sure about the timeline anymore.,2026-10-01T00:00:00,inbound,-0.39,Clari
1868,310,109,rohan.sharma@luminance.io,rep_6@revos.ai,Re: Luminance Inc — RevOS API,The team has concerns about integration complexity. We might need to revisit scope.,2026-09-28T00:00:00,inbound,-0.72,Salesforce Einstein
1869,310,109,rohan.sharma@luminance.io,rep_6@revos.ai,Re: Luminance Inc — RevOS API,The team has concerns about integration complexity. We might need to revisit scope.,2026-09-22T00:00:00,inbound,-0.74,
1870,311,90,rep_9@revos.ai,james.brown@datavault.io,Re: Datavault Inc — RevOS Pro,We need to put this on hold. There's a hiring freeze and priorities have shifted.,2026-08-24T00:00:00,outbound,-0.11,Gong
1871,311,90,james.brown@datavault.io,rep_9@revos.ai,Re: Datavault Inc — RevOS Pro,"Hi Rep_9, we need to push the timeline. Budget freeze until next quarter. I'll keep you posted.",2026-08-22T00:00:00,inbound,-0.37,
1872,311,90,rep_9@revos.ai,james.brown@datavault.io,Re: Datavault Inc — RevOS Pro,"Hi Rep_9, we need to push the timeline. Budget freeze until next quarter. I'll keep you posted.",2026-09-08T00:00:00,outbound,-0.89,
1873,311,90,rep_9@revos.ai,james.brown@datavault.io,Re: Datavault Inc — RevOS Pro,"Hi Rep_9, we need to push the timeline. Budget freeze until next quarter. I'll keep you posted.",2026-09-21T00:00:00,outbound,-0.12,
1874,312,97,robert.brown@globecast.in,rep_10@revos.ai,Re: Globecast Inc — RevOS Analytics,Quick update — we got budget approval. Let's finalize the SOW this week.,2026-07-07T00:00:00,inbound,0.5,
1875,312,97,robert.brown@globecast.in,rep_10@revos.ai,Re: Globecast Inc — RevOS Analytics,Quick update — we got budget approval. Let's finalize the SOW this week.,2026-07-26T00:00:00,inbound,0.73,HubSpot AI
1876,312,97,rep_10@revos.ai,robert.brown@globecast.in,Re: Globecast Inc — RevOS Analytics,We've completed internal review. Legal is looking at the contract now. Expect sign-off by June 23.,2026-06-16T00:00:00,outbound,0.52,
1877,312,97,rep_10@revos.ai,robert.brown@globecast.in,Re: Globecast Inc — RevOS Analytics,Quick update — we got budget approval. Let's finalize the SOW this week.,2026-07-13T00:00:00,outbound,0.34,
1878,312,97,rep_10@revos.ai,robert.brown@globecast.in,Re: Globecast Inc — RevOS Analytics,"Hi Rep_10, thanks for the proposal. The team reviewed it and we're keen to move forward. Can we schedule a call this week to discuss next steps?",2026-06-12T00:00:00,outbound,0.32,Clari
1879,312,97,rep_10@revos.ai,robert.brown@globecast.in,Re: Globecast Inc — RevOS Analytics,We've completed internal review. Legal is looking at the contract now. Expect sign-off by August 11.,2026-08-04T00:00:00,outbound,0.43,
1880,312,97,robert.brown@globecast.in,rep_10@revos.ai,Re: Globecast Inc — RevOS Analytics,Great demo yesterday! Our VP was impressed with the forecasting module. Let's discuss pricing for the enterprise tier.,2026-06-11T00:00:00,inbound,0.47,
1881,312,97,rep_10@revos.ai,robert.brown@globecast.in,Re: Globecast Inc — RevOS Analytics,Quick update — we got budget approval. Let's finalize the SOW this week.,2026-08-03T00:00:00,outbound,0.76,
1882,313,90,rep_4@revos.ai,james.brown@datavault.io,Re: Datavault Inc — RevOS Analytics,Great demo yesterday! Our VP was impressed with the forecasting module. Let's discuss pricing for the enterprise tier.,2026-09-20T00:00:00,outbound,0.68,Gong
1883,313,90,james.brown@datavault.io,rep_4@revos.ai,Re: Datavault Inc — RevOS Analytics,Quick update — we got budget approval. Let's finalize the SOW this week.,2026-09-23T00:00:00,inbound,0.85,Clari
1884,313,90,james.brown@datavault.io,rep_4@revos.ai,Re: Datavault Inc — RevOS Analytics,Great demo yesterday! Our VP was impressed with the forecasting module. Let's discuss pricing for the enterprise tier.,2026-09-15T00:00:00,inbound,0.5,
1885,313,90,rep_4@revos.ai,james.brown@datavault.io,Re: Datavault Inc — RevOS Analytics,The ROI numbers you shared were compelling. I've looped in our CFO for budget approval.,2026-09-19T00:00:00,outbound,0.6,Clari
1886,314,102,rep_2@revos.ai,lisa.jones@innov8.co,Re: Innov8 Inc — RevOS Enterprise,We're evaluating Gong as well. Can you share a comparison deck?,2026-08-20T00:00:00,outbound,-0.27,
1887,314,102,lisa.jones@innov8.co,rep_2@revos.ai,Re: Innov8 Inc — RevOS Enterprise,The team has concerns about integration complexity. We might need to revisit scope.,2026-09-23T00:00:00,inbound,-0.81,
1888,314,102,rep_2@revos.ai,lisa.jones@innov8.co,Re: Innov8 Inc — RevOS Enterprise,Our CTO left the company last week. New leadership wants to re-evaluate all vendor decisions.,2026-09-22T00:00:00,outbound,-0.77,Salesforce Einstein
1889,314,102,rep_2@revos.ai,lisa.jones@innov8.co,Re: Innov8 Inc — RevOS Enterprise,We're evaluating People.ai as well. Can you share a comparison deck?,2026-09-10T00:00:00,outbound,-0.74,
1890,314,102,rep_2@revos.ai,lisa.jones@innov8.co,Re: Innov8 Inc — RevOS Enterprise,We're evaluating HubSpot AI as well. Can you share a comparison deck?,2026-08-08T00:00:00,outbound,-0.5,
1891,315,107,manish.singh@keystone.in,rep_4@revos.ai,Re: Keystone Inc — RevOS Enterprise,"Hi Rep_4, just checking in. Any updates on the custom integration we discussed?",2026-08-22T00:00:00,inbound,0.22,
1892,315,107,rep_4@revos.ai,manish.singh@keystone.in,Re: Keystone Inc — RevOS Enterprise,Great demo yesterday! Our VP was impressed with the forecasting module. Let's discuss pricing for the enterprise tier.,2026-09-22T00:00:00,outbound,0.49,
1893,315,107,manish.singh@keystone.in,rep_4@revos.ai,Re: Keystone Inc — RevOS Enterprise,The ROI numbers you shared were compelling. I've looped in our CFO for budget approval.,2026-09-27T00:00:00,inbound,0.43,
1894,315,107,rep_4@revos.ai,manish.singh@keystone.in,Re: Keystone Inc — RevOS Enterprise,"Hi Rep_4, thanks for the proposal. The team reviewed it and we're keen to move forward. Can we schedule a call this week to discuss next steps?",2026-09-01T00:00:00,outbound,-0.01,People.ai
1895,315,107,rep_4@revos.ai,manish.singh@keystone.in,Re: Keystone Inc — RevOS Enterprise,We've completed internal review. Legal is looking at the contract now. Expect sign-off by October 06.,2026-09-29T00:00:00,outbound,-0.26,
1896,315,107,manish.singh@keystone.in,rep_4@revos.ai,Re: Keystone Inc — RevOS Enterprise,"Hi Rep_4, just checking in. Any updates on the custom integration we discussed?",2026-09-25T00:00:00,inbound,0.39,
1897,315,107,rep_4@revos.ai,manish.singh@keystone.in,Re: Keystone Inc — RevOS Enterprise,Quick update — we got budget approval. Let's finalize the SOW this week.,2026-08-26T00:00:00,outbound,-0.11,Gong
1898,315,107,rep_4@revos.ai,manish.singh@keystone.in,Re: Keystone Inc — RevOS Enterprise,The ROI numbers you shared were compelling. I've looped in our CFO for budget approval.,2026-08-23T00:00:00,outbound,0.16,
1899,315,107,rep_4@revos.ai,manish.singh@keystone.in,Re: Keystone Inc — RevOS Enterprise,Great demo yesterday! Our VP was impressed with the forecasting module. Let's discuss pricing for the enterprise tier.,2026-09-01T00:00:00,outbound,0.11,
1900,316,114,priya.iyer@novabridge.com,rep_10@revos.ai,Re: Novabridge Inc — RevOS Analytics,"Hi Rep_10, thanks for the proposal. The team reviewed it and we're keen to move forward. Can we schedule a call this week to discuss next steps?",2026-09-24T00:00:00,inbound,0.89,
1901,316,114,priya.iyer@novabridge.com,rep_10@revos.ai,Re: Novabridge Inc — RevOS Analytics,"Hi Rep_10, thanks for the proposal. The team reviewed it and we're keen to move forward. Can we schedule a call this week to discuss next steps?",2026-08-31T00:00:00,inbound,0.42,Clari
1902,316,114,priya.iyer@novabridge.com,rep_10@revos.ai,Re: Novabridge Inc — RevOS Analytics,We've completed internal review. Legal is looking at the contract now. Expect sign-off by September 30.,2026-09-23T00:00:00,inbound,0.59,
1903,317,92,nisha.singh@edgeflux.co,rep_5@revos.ai,Re: Edgeflux Inc — RevOS API,We need to put this on hold. There's a hiring freeze and priorities have shifted.,2026-08-13T00:00:00,inbound,-0.55,
1904,317,92,rep_5@revos.ai,nisha.singh@edgeflux.co,Re: Edgeflux Inc — RevOS API,We need to put this on hold. There's a hiring freeze and priorities have shifted.,2026-06-12T00:00:00,outbound,-0.74,
1905,318,101,rep_8@revos.ai,jessica.gupta@hexacore.io,Re: Hexacore Inc — RevOS Starter,We're evaluating a competitor as well. Can you share a comparison deck?,2026-06-28T00:00:00,outbound,-0.13,
1906,318,101,rep_8@revos.ai,jessica.gupta@hexacore.io,Re: Hexacore Inc — RevOS Starter,Our CTO left the company last week. New leadership wants to re-evaluate all vendor decisions.,2026-08-09T00:00:00,outbound,-0.71,
1907,318,101,rep_8@revos.ai,jessica.gupta@hexacore.io,Re: Hexacore Inc — RevOS Starter,We need to put this on hold. There's a hiring freeze and priorities have shifted.,2026-07-17T00:00:00,outbound,-0.7,
1908,318,101,jessica.gupta@hexacore.io,rep_8@revos.ai,Re: Hexacore Inc — RevOS Starter,The team has concerns about integration complexity. We might need to revisit scope.,2026-10-01T00:00:00,inbound,-0.72,Salesforce Einstein
1909,319,127,pooja.johnson@signalops.in,rep_3@revos.ai,Re: Signalops Inc — RevOS Enterprise,The ROI numbers you shared were compelling. I've looped in our CFO for budget approval.,2026-09-26T00:00:00,inbound,0.88,
1910,319,127,rep_3@revos.ai,pooja.johnson@signalops.in,Re: Signalops Inc — RevOS Enterprise,"Hi Rep_3, thanks for the proposal. The team reviewed it and we're keen to move forward. Can we schedule a call this week to discuss next steps?",2026-08-10T00:00:00,outbound,0.89,
1911,319,127,pooja.johnson@signalops.in,rep_3@revos.ai,Re: Signalops Inc — RevOS Enterprise,The ROI numbers you shared were compelling. I've looped in our CFO for budget approval.,2026-10-01T00:00:00,inbound,0.6,HubSpot AI
1912,319,127,rep_3@revos.ai,pooja.johnson@signalops.in,Re: Signalops Inc — RevOS Enterprise,Can you send over the updated pricing sheet? We need it for our internal review.,2026-08-24T00:00:00,outbound,0.27,
1913,319,127,rep_3@revos.ai,pooja.johnson@signalops.in,Re: Signalops Inc — RevOS Enterprise,The ROI numbers you shared were compelling. I've looped in our CFO for budget approval.,2026-08-15T00:00:00,outbound,0.9,
1914,319,127,rep_3@revos.ai,pooja.johnson@signalops.in,Re: Signalops Inc — RevOS Enterprise,We've completed internal review. Legal is looking at the contract now. Expect sign-off by September 18.,2026-09-11T00:00:00,outbound,0.45,
1915,320,114,priya.iyer@novabridge.com,rep_6@revos.ai,Re: Novabridge Inc — RevOS Enterprise,Quick update — we got budget approval. Let's finalize the SOW this week.,2026-05-23T00:00:00,inbound,0.19,
1916,320,114,priya.iyer@novabridge.com,rep_6@revos.ai,Re: Novabridge Inc — RevOS Enterprise,"Hi Rep_6, thanks for the proposal. The team reviewed it and we're keen to move forward. Can we schedule a call this week to discuss next steps?",2026-08-11T00:00:00,inbound,-0.3,HubSpot AI
1917,320,114,rep_6@revos.ai,priya.iyer@novabridge.com,Re: Novabridge Inc — RevOS Enterprise,Quick update — we got budget approval. Let's finalize the SOW this week.,2026-09-23T00:00:00,outbound,0.11,
1918,321,106,sarah.nair@keystone.in,rep_9@revos.ai,Re: Keystone Inc — RevOS Starter,Great demo yesterday! Our VP was impressed with the forecasting module. Let's discuss pricing for the enterprise tier.,2026-08-01T00:00:00,inbound,0.34,Salesforce Einstein
1919,321,106,sarah.nair@keystone.in,rep_9@revos.ai,Re: Keystone Inc — RevOS Starter,We've completed internal review. Legal is looking at the contract now. Expect sign-off by September 25.,2026-09-18T00:00:00,inbound,0.45,
1920,321,106,rep_9@revos.ai,sarah.nair@keystone.in,Re: Keystone Inc — RevOS Starter,We're evaluating a competitor as well. Can you share a comparison deck?,2026-09-15T00:00:00,outbound,-0.79,
1921,321,106,sarah.nair@keystone.in,rep_9@revos.ai,Re: Keystone Inc — RevOS Starter,The ROI numbers you shared were compelling. I've looped in our CFO for budget approval.,2026-08-04T00:00:00,inbound,0.78,Gong
1922,321,106,rep_9@revos.ai,sarah.nair@keystone.in,Re: Keystone Inc — RevOS Starter,Sorry for the silence — been caught up with internal reorg. Not sure about the timeline anymore.,2026-08-01T00:00:00,outbound,-0.73,
1923,321,106,rep_9@revos.ai,sarah.nair@keystone.in,Re: Keystone Inc — RevOS Starter,The ROI numbers you shared were compelling. I've looped in our CFO for budget approval.,2026-09-23T00:00:00,outbound,0.92,
1924,321,106,rep_9@revos.ai,sarah.nair@keystone.in,Re: Keystone Inc — RevOS Starter,"Hi Rep_9, thanks for the proposal. The team reviewed it and we're keen to move forward. Can we schedule a call this week to discuss next steps?",2026-09-14T00:00:00,outbound,0.66,
1925,321,106,rep_9@revos.ai,sarah.nair@keystone.in,Re: Keystone Inc — RevOS Starter,The team has concerns about integration complexity. We might need to revisit scope.,2026-09-26T00:00:00,outbound,-0.45,
1926,321,106,rep_9@revos.ai,sarah.nair@keystone.in,Re: Keystone Inc — RevOS Starter,We're evaluating HubSpot AI as well. Can you share a comparison deck?,2026-08-25T00:00:00,outbound,-0.47,
1927,322,137,rep_9@revos.ai,sarah.das@vertexsys.com,Re: Vertexsys Inc — RevOS API,"Hi Rep_9, we need to push the timeline. Budget freeze until next quarter. I'll keep you posted.",2026-10-01T00:00:00,outbound,-0.13,
1928,322,137,rep_9@revos.ai,sarah.das@vertexsys.com,Re: Vertexsys Inc — RevOS API,Sorry for the silence — been caught up with internal reorg. Not sure about the timeline anymore.,2026-09-27T00:00:00,outbound,-0.5,Salesforce Einstein
1929,322,137,sarah.das@vertexsys.com,rep_9@revos.ai,Re: Vertexsys Inc — RevOS API,Sorry for the silence — been caught up with internal reorg. Not sure about the timeline anymore.,2026-09-24T00:00:00,inbound,-0.62,
1930,322,137,rep_9@revos.ai,sarah.das@vertexsys.com,Re: Vertexsys Inc — RevOS API,We're evaluating People.ai as well. Can you share a comparison deck?,2026-09-24T00:00:00,outbound,-0.73,People.ai
1931,322,137,sarah.das@vertexsys.com,rep_9@revos.ai,Re: Vertexsys Inc — RevOS API,We're evaluating a competitor as well. Can you share a comparison deck?,2026-09-27T00:00:00,inbound,-0.95,
1932,322,137,sarah.das@vertexsys.com,rep_9@revos.ai,Re: Vertexsys Inc — RevOS API,We need to put this on hold. There's a hiring freeze and priorities have shifted.,2026-09-29T00:00:00,inbound,-0.35,
1933,322,137,sarah.das@vertexsys.com,rep_9@revos.ai,Re: Vertexsys Inc — RevOS API,The team has concerns about integration complexity. We might need to revisit scope.,2026-09-24T00:00:00,inbound,-0.64,
1934,322,137,sarah.das@vertexsys.com,rep_9@revos.ai,Re: Vertexsys Inc — RevOS API,The team has concerns about integration complexity. We might need to revisit scope.,2026-09-22T00:00:00,inbound,-0.35,
1935,322,137,sarah.das@vertexsys.com,rep_9@revos.ai,Re: Vertexsys Inc — RevOS API,The team has concerns about integration complexity. We might need to revisit scope.,2026-09-25T00:00:00,inbound,-0.41,
1936,323,104,jessica.reddy@junctionai.com,rep_8@revos.ai,Re: Junctionai Inc — RevOS Pro,Thanks for the follow-up. We're still in discussion internally. Will get back to you soon.,2026-09-02T00:00:00,inbound,0.55,
1937,323,104,jessica.reddy@junctionai.com,rep_8@revos.ai,Re: Junctionai Inc — RevOS Pro,Great demo yesterday! Our VP was impressed with the forecasting module. Let's discuss pricing for the enterprise tier.,2026-08-14T00:00:00,inbound,0.12,
1938,323,104,jessica.reddy@junctionai.com,rep_8@revos.ai,Re: Junctionai Inc — RevOS Pro,"Hi Rep_8, just checking in. Any updates on the custom integration we discussed?",2026-09-17T00:00:00,inbound,0.36,
1939,323,104,rep_8@revos.ai,jessica.reddy@junctionai.com,Re: Junctionai Inc — RevOS Pro,Can you send over the updated pricing sheet? We need it for our internal review.,2026-09-18T00:00:00,outbound,-0.23,
1940,323,104,rep_8@revos.ai,jessica.reddy@junctionai.com,Re: Junctionai Inc — RevOS Pro,Can you send over the updated pricing sheet? We need it for our internal review.,2026-09-19T00:00:00,outbound,-0.22,People.ai
1941,324,105,david.rao@junctionai.com,rep_4@revos.ai,Re: Junctionai Inc — RevOS API,Sorry for the silence — been caught up with internal reorg. Not sure about the timeline anymore.,2026-08-12T00:00:00,inbound,-0.29,
1942,324,105,rep_4@revos.ai,david.rao@junctionai.com,Re: Junctionai Inc — RevOS API,"Hi Rep_4, we need to push the timeline. Budget freeze until next quarter. I'll keep you posted.",2026-07-14T00:00:00,outbound,-0.72,
1943,324,105,rep_4@revos.ai,david.rao@junctionai.com,Re: Junctionai Inc — RevOS API,Our CTO left the company last week. New leadership wants to re-evaluate all vendor decisions.,2026-08-05T00:00:00,outbound,-0.42,
1944,324,105,rep_4@revos.ai,david.rao@junctionai.com,Re: Junctionai Inc — RevOS API,"Hi Rep_4, we need to push the timeline. Budget freeze until next quarter. I'll keep you posted.",2026-08-13T00:00:00,outbound,-0.75,
1945,324,105,rep_4@revos.ai,david.rao@junctionai.com,Re: Junctionai Inc — RevOS API,We need to put this on hold. There's a hiring freeze and priorities have shifted.,2026-08-07T00:00:00,outbound,-0.41,
1946,324,105,david.rao@junctionai.com,rep_4@revos.ai,Re: Junctionai Inc — RevOS API,Our CTO left the company last week. New leadership wants to re-evaluate all vendor decisions.,2026-07-28T00:00:00,inbound,-0.99,
1947,324,105,david.rao@junctionai.com,rep_4@revos.ai,Re: Junctionai Inc — RevOS API,Sorry for the silence — been caught up with internal reorg. Not sure about the timeline anymore.,2026-07-26T00:00:00,inbound,-0.69,
1948,325,102,lisa.jones@innov8.co,rep_8@revos.ai,Re: Innov8 Inc — RevOS Analytics,We need to put this on hold. There's a hiring freeze and priorities have shifted.,2026-07-14T00:00:00,inbound,-0.79,People.ai
1949,325,102,lisa.jones@innov8.co,rep_8@revos.ai,Re: Innov8 Inc — RevOS Analytics,We've completed internal review. Legal is looking at the contract now. Expect sign-off by August 11.,2026-08-04T00:00:00,inbound,0.9,
1950,325,102,lisa.jones@innov8.co,rep_8@revos.ai,Re: Innov8 Inc — RevOS Analytics,Great demo yesterday! Our VP was impressed with the forecasting module. Let's discuss pricing for the enterprise tier.,2026-09-11T00:00:00,inbound,0.94,HubSpot AI
1951,325,102,rep_8@revos.ai,lisa.jones@innov8.co,Re: Innov8 Inc — RevOS Analytics,"Hi Rep_8, thanks for the proposal. The team reviewed it and we're keen to move forward. Can we schedule a call this week to discuss next steps?",2026-07-19T00:00:00,outbound,0.67,
1952,325,102,rep_8@revos.ai,lisa.jones@innov8.co,Re: Innov8 Inc — RevOS Analytics,Great demo yesterday! Our VP was impressed with the forecasting module. Let's discuss pricing for the enterprise tier.,2026-08-20T00:00:00,outbound,0.45,
1953,325,102,rep_8@revos.ai,lisa.jones@innov8.co,Re: Innov8 Inc — RevOS Analytics,Our CTO left the company last week. New leadership wants to re-evaluate all vendor decisions.,2026-07-23T00:00:00,outbound,-0.69,Salesforce Einstein
1954,325,102,rep_8@revos.ai,lisa.jones@innov8.co,Re: Innov8 Inc — RevOS Analytics,We've completed internal review. Legal is looking at the contract now. Expect sign-off by August 26.,2026-08-19T00:00:00,outbound,0.72,Gong
1955,326,88,kavita.mehta@datavault.io,rep_7@revos.ai,Re: Datavault Inc — RevOS API,Great demo yesterday! Our VP was impressed with the forecasting module. Let's discuss pricing for the enterprise tier.,2026-10-01T00:00:00,inbound,0.85,
1956,326,88,kavita.mehta@datavault.io,rep_7@revos.ai,Re: Datavault Inc — RevOS API,"Hi Rep_7, thanks for the proposal. The team reviewed it and we're keen to move forward. Can we schedule a call this week to discuss next steps?",2026-08-13T00:00:00,inbound,0.68,
1957,327,54,rep_10@revos.ai,ritu.singh@stratosai.co,Re: Stratosai Inc — RevOS Enterprise,Sorry for the silence — been caught up with internal reorg. Not sure about the timeline anymore.,2026-08-04T00:00:00,outbound,-0.73,Salesforce Einstein
1958,327,54,rep_10@revos.ai,ritu.singh@stratosai.co,Re: Stratosai Inc — RevOS Enterprise,Our CTO left the company last week. New leadership wants to re-evaluate all vendor decisions.,2026-07-09T00:00:00,outbound,-0.39,Clari
1959,327,54,rep_10@revos.ai,ritu.singh@stratosai.co,Re: Stratosai Inc — RevOS Enterprise,The team has concerns about integration complexity. We might need to revisit scope.,2026-07-28T00:00:00,outbound,-0.19,
1960,327,54,rep_10@revos.ai,ritu.singh@stratosai.co,Re: Stratosai Inc — RevOS Enterprise,"Hi Rep_10, we need to push the timeline. Budget freeze until next quarter. I'll keep you posted.",2026-09-19T00:00:00,outbound,-0.69,
1961,327,54,rep_10@revos.ai,ritu.singh@stratosai.co,Re: Stratosai Inc — RevOS Enterprise,We're evaluating a competitor as well. Can you share a comparison deck?,2026-08-19T00:00:00,outbound,-0.38,
1962,327,54,rep_10@revos.ai,ritu.singh@stratosai.co,Re: Stratosai Inc — RevOS Enterprise,Our CTO left the company last week. New leadership wants to re-evaluate all vendor decisions.,2026-08-14T00:00:00,outbound,-0.27,People.ai
1963,327,54,rep_10@revos.ai,ritu.singh@stratosai.co,Re: Stratosai Inc — RevOS Enterprise,We need to put this on hold. There's a hiring freeze and priorities have shifted.,2026-08-25T00:00:00,outbound,-0.29,
1964,327,54,ritu.singh@stratosai.co,rep_10@revos.ai,Re: Stratosai Inc — RevOS Enterprise,Sorry for the silence — been caught up with internal reorg. Not sure about the timeline anymore.,2026-06-22T00:00:00,inbound,-0.7,
1965,328,3,rep_2@revos.ai,jessica.patel@betaworks.in,Re: Betaworks Inc — RevOS Pro,Thanks for the follow-up. We're still in discussion internally. Will get back to you soon.,2026-07-11T00:00:00,outbound,-0.11,People.ai
1966,328,3,jessica.patel@betaworks.in,rep_2@revos.ai,Re: Betaworks Inc — RevOS Pro,Quick update — we got budget approval. Let's finalize the SOW this week.,2026-04-30T00:00:00,inbound,0.36,
1967,328,3,jessica.patel@betaworks.in,rep_2@revos.ai,Re: Betaworks Inc — RevOS Pro,Can you send over the updated pricing sheet? We need it for our internal review.,2026-04-16T00:00:00,inbound,0.44,
1968,329,74,swati.verma@zenithops.io,rep_5@revos.ai,Re: Zenithops Inc — RevOS Analytics,Thanks for the follow-up. We're still in discussion internally. Will get back to you soon.,2026-06-22T00:00:00,inbound,-0.02,
1969,329,74,swati.verma@zenithops.io,rep_5@revos.ai,Re: Zenithops Inc — RevOS Analytics,We've completed internal review. Legal is looking at the contract now. Expect sign-off by June 03.,2026-05-27T00:00:00,inbound,0.22,
1970,329,74,swati.verma@zenithops.io,rep_5@revos.ai,Re: Zenithops Inc — RevOS Analytics,Can you send over the updated pricing sheet? We need it for our internal review.,2026-06-17T00:00:00,inbound,-0.14,
1971,329,74,rep_5@revos.ai,swati.verma@zenithops.io,Re: Zenithops Inc — RevOS Analytics,"Hi Rep_5, thanks for the proposal. The team reviewed it and we're keen to move forward. Can we schedule a call this week to discuss next steps?",2026-05-26T00:00:00,outbound,0.51,
1972,329,74,swati.verma@zenithops.io,rep_5@revos.ai,Re: Zenithops Inc — RevOS Analytics,We've completed internal review. Legal is looking at the contract now. Expect sign-off by June 13.,2026-06-06T00:00:00,inbound,0.55,
1973,330,86,william.mehta@corelogic.in,rep_8@revos.ai,Re: Corelogic Inc — RevOS Enterprise,We've completed internal review. Legal is looking at the contract now. Expect sign-off by August 08.,2026-08-01T00:00:00,inbound,0.51,
1974,330,86,william.mehta@corelogic.in,rep_8@revos.ai,Re: Corelogic Inc — RevOS Enterprise,"Hi Rep_8, just checking in. Any updates on the custom integration we discussed?",2026-09-24T00:00:00,inbound,0.25,
1975,330,86,rep_8@revos.ai,william.mehta@corelogic.in,Re: Corelogic Inc — RevOS Enterprise,We've completed internal review. Legal is looking at the contract now. Expect sign-off by August 30.,2026-08-23T00:00:00,outbound,0.52,
1976,331,105,rep_7@revos.ai,david.rao@junctionai.com,Re: Junctionai Inc — RevOS API,The team has concerns about integration complexity. We might need to revisit scope.,2026-07-06T00:00:00,outbound,-0.89,
1977,331,105,david.rao@junctionai.com,rep_7@revos.ai,Re: Junctionai Inc — RevOS API,Sorry for the silence — been caught up with internal reorg. Not sure about the timeline anymore.,2026-06-23T00:00:00,inbound,-0.16,
1978,331,105,rep_7@revos.ai,david.rao@junctionai.com,Re: Junctionai Inc — RevOS API,"Hi Rep_7, we need to push the timeline. Budget freeze until next quarter. I'll keep you posted.",2026-07-14T00:00:00,outbound,-0.62,
1979,331,105,david.rao@junctionai.com,rep_7@revos.ai,Re: Junctionai Inc — RevOS API,"Hi Rep_7, we need to push the timeline. Budget freeze until next quarter. I'll keep you posted.",2026-06-02T00:00:00,inbound,-0.17,
1980,331,105,david.rao@junctionai.com,rep_7@revos.ai,Re: Junctionai Inc — RevOS API,"Hi Rep_7, we need to push the timeline. Budget freeze until next quarter. I'll keep you posted.",2026-08-12T00:00:00,inbound,-0.19,
1981,331,105,david.rao@junctionai.com,rep_7@revos.ai,Re: Junctionai Inc — RevOS API,We need to put this on hold. There's a hiring freeze and priorities have shifted.,2026-09-18T00:00:00,inbound,-0.77,
1982,331,105,rep_7@revos.ai,david.rao@junctionai.com,Re: Junctionai Inc — RevOS API,We're evaluating HubSpot AI as well. Can you share a comparison deck?,2026-06-07T00:00:00,outbound,-0.62,
1983,331,105,david.rao@junctionai.com,rep_7@revos.ai,Re: Junctionai Inc — RevOS API,"Hi Rep_7, we need to push the timeline. Budget freeze until next quarter. I'll keep you posted.",2026-06-08T00:00:00,inbound,-0.43,
1984,332,66,rep_5@revos.ai,arjun.joshi@wavefront.co,Re: Wavefront Inc — RevOS Starter,We need to put this on hold. There's a hiring freeze and priorities have shifted.,2026-09-22T00:00:00,outbound,-0.3,
1985,332,66,arjun.joshi@wavefront.co,rep_5@revos.ai,Re: Wavefront Inc — RevOS Starter,Our CTO left the company last week. New leadership wants to re-evaluate all vendor decisions.,2026-09-24T00:00:00,inbound,-0.83,Clari
1986,332,66,arjun.joshi@wavefront.co,rep_5@revos.ai,Re: Wavefront Inc — RevOS Starter,The team has concerns about integration complexity. We might need to revisit scope.,2026-09-05T00:00:00,inbound,-0.49,Clari
1987,332,66,rep_5@revos.ai,arjun.joshi@wavefront.co,Re: Wavefront Inc — RevOS Starter,We're evaluating Gong as well. Can you share a comparison deck?,2026-09-22T00:00:00,outbound,-0.5,
1988,332,66,arjun.joshi@wavefront.co,rep_5@revos.ai,Re: Wavefront Inc — RevOS Starter,"Hi Rep_5, we need to push the timeline. Budget freeze until next quarter. I'll keep you posted.",2026-09-12T00:00:00,inbound,-0.96,
1989,332,66,rep_5@revos.ai,arjun.joshi@wavefront.co,Re: Wavefront Inc — RevOS Starter,The team has concerns about integration complexity. We might need to revisit scope.,2026-09-29T00:00:00,outbound,-0.45,
1990,332,66,arjun.joshi@wavefront.co,rep_5@revos.ai,Re: Wavefront Inc — RevOS Starter,Sorry for the silence — been caught up with internal reorg. Not sure about the timeline anymore.,2026-09-16T00:00:00,inbound,-0.15,HubSpot AI
1991,332,66,arjun.joshi@wavefront.co,rep_5@revos.ai,Re: Wavefront Inc — RevOS Starter,The team has concerns about integration complexity. We might need to revisit scope.,2026-09-22T00:00:00,inbound,-0.83,
1992,332,66,rep_5@revos.ai,arjun.joshi@wavefront.co,Re: Wavefront Inc — RevOS Starter,Our CTO left the company last week. New leadership wants to re-evaluate all vendor decisions.,2026-09-02T00:00:00,outbound,-0.2,
1993,333,141,rep_5@revos.ai,ritu.jones@windrose.in,Re: Windrose Inc — RevOS Analytics,"Hi Rep_5, just checking in. Any updates on the custom integration we discussed?",2026-07-01T00:00:00,outbound,-0.04,Clari
1994,333,141,rep_5@revos.ai,ritu.jones@windrose.in,Re: Windrose Inc — RevOS Analytics,We've completed internal review. Legal is looking at the contract now. Expect sign-off by July 17.,2026-07-10T00:00:00,outbound,0.89,
1995,334,111,rep_7@revos.ai,daniel.kumar@maplesoft.co,Re: Maplesoft Inc — RevOS Analytics,We've completed internal review. Legal is looking at the contract now. Expect sign-off by September 04.,2026-08-28T00:00:00,outbound,-0.26,
1996,334,111,daniel.kumar@maplesoft.co,rep_7@revos.ai,Re: Maplesoft Inc — RevOS Analytics,Can you send over the updated pricing sheet? We need it for our internal review.,2026-09-30T00:00:00,inbound,0.27,
1997,334,111,rep_7@revos.ai,daniel.kumar@maplesoft.co,Re: Maplesoft Inc — RevOS Analytics,The ROI numbers you shared were compelling. I've looped in our CFO for budget approval.,2026-10-01T00:00:00,outbound,0.57,Salesforce Einstein
1998,334,111,daniel.kumar@maplesoft.co,rep_7@revos.ai,Re: Maplesoft Inc — RevOS Analytics,We've completed internal review. Legal is looking at the contract now. Expect sign-off by May 21.,2026-05-14T00:00:00,inbound,0.26,
1999,334,111,daniel.kumar@maplesoft.co,rep_7@revos.ai,Re: Maplesoft Inc — RevOS Analytics,Quick update — we got budget approval. Let's finalize the SOW this week.,2026-06-08T00:00:00,inbound,0.18,
2000,334,111,rep_7@revos.ai,daniel.kumar@maplesoft.co,Re: Maplesoft Inc — RevOS Analytics,The ROI numbers you shared were compelling. I've looped in our CFO for budget approval.,2026-08-26T00:00:00,outbound,0.33,
2001,335,71,nisha.williams@yieldmax.in,rep_5@revos.ai,Re: Yieldmax Inc — RevOS API,"Hi Rep_5, just checking in. Any updates on the custom integration we discussed?",2026-06-15T00:00:00,inbound,0.08,Salesforce Einstein
2002,335,71,nisha.williams@yieldmax.in,rep_5@revos.ai,Re: Yieldmax Inc — RevOS API,Can you send over the updated pricing sheet? We need it for our internal review.,2026-06-23T00:00:00,inbound,0.42,
2003,335,71,rep_5@revos.ai,nisha.williams@yieldmax.in,Re: Yieldmax Inc — RevOS API,Great demo yesterday! Our VP was impressed with the forecasting module. Let's discuss pricing for the enterprise tier.,2026-08-16T00:00:00,outbound,0.13,
2004,335,71,rep_5@revos.ai,nisha.williams@yieldmax.in,Re: Yieldmax Inc — RevOS API,"Hi Rep_5, just checking in. Any updates on the custom integration we discussed?",2026-08-30T00:00:00,outbound,-0.11,Clari
2005,335,71,nisha.williams@yieldmax.in,rep_5@revos.ai,Re: Yieldmax Inc — RevOS API,Great demo yesterday! Our VP was impressed with the forecasting module. Let's discuss pricing for the enterprise tier.,2026-07-18T00:00:00,inbound,0.47,
2006,336,79,rep_10@revos.ai,kavita.gupta@alphacloud.co,Re: Alphacloud Inc — RevOS Analytics,Great demo yesterday! Our VP was impressed with the forecasting module. Let's discuss pricing for the enterprise tier.,2026-09-13T00:00:00,outbound,0.69,
2007,336,79,rep_10@revos.ai,kavita.gupta@alphacloud.co,Re: Alphacloud Inc — RevOS Analytics,"Hi Rep_10, thanks for the proposal. The team reviewed it and we're keen to move forward. Can we schedule a call this week to discuss next steps?",2026-09-21T00:00:00,outbound,0.71,
2008,336,79,rep_10@revos.ai,kavita.gupta@alphacloud.co,Re: Alphacloud Inc — RevOS Analytics,"Hi Rep_10, thanks for the proposal. The team reviewed it and we're keen to move forward. Can we schedule a call this week to discuss next steps?",2026-08-23T00:00:00,outbound,0.97,HubSpot AI
2009,336,79,kavita.gupta@alphacloud.co,rep_10@revos.ai,Re: Alphacloud Inc — RevOS Analytics,Great demo yesterday! Our VP was impressed with the forecasting module. Let's discuss pricing for the enterprise tier.,2026-09-04T00:00:00,inbound,0.71,
2010,336,79,rep_10@revos.ai,kavita.gupta@alphacloud.co,Re: Alphacloud Inc — RevOS Analytics,Great demo yesterday! Our VP was impressed with the forecasting module. Let's discuss pricing for the enterprise tier.,2026-09-23T00:00:00,outbound,0.75,
2011,336,79,kavita.gupta@alphacloud.co,rep_10@revos.ai,Re: Alphacloud Inc — RevOS Analytics,The ROI numbers you shared were compelling. I've looped in our CFO for budget approval.,2026-08-28T00:00:00,inbound,0.65,
2012,336,79,rep_10@revos.ai,kavita.gupta@alphacloud.co,Re: Alphacloud Inc — RevOS Analytics,Quick update — we got budget approval. Let's finalize the SOW this week.,2026-08-23T00:00:00,outbound,0.82,
2013,336,79,rep_10@revos.ai,kavita.gupta@alphacloud.co,Re: Alphacloud Inc — RevOS Analytics,Great demo yesterday! Our VP was impressed with the forecasting module. Let's discuss pricing for the enterprise tier.,2026-09-02T00:00:00,outbound,0.72,Salesforce Einstein
2014,336,79,kavita.gupta@alphacloud.co,rep_10@revos.ai,Re: Alphacloud Inc — RevOS Analytics,Quick update — we got budget approval. Let's finalize the SOW this week.,2026-09-25T00:00:00,inbound,0.93,
2015,336,79,kavita.gupta@alphacloud.co,rep_10@revos.ai,Re: Alphacloud Inc — RevOS Analytics,Great demo yesterday! Our VP was impressed with the forecasting module. Let's discuss pricing for the enterprise tier.,2026-08-07T00:00:00,inbound,0.41,
2016,337,58,rep_8@revos.ai,jennifer.das@ultradev.in,Re: Ultradev Inc — RevOS Starter,Great demo yesterday! Our VP was impressed with the forecasting module. Let's discuss pricing for the enterprise tier.,2026-08-28T00:00:00,outbound,0.31,
2017,337,58,rep_8@revos.ai,jennifer.das@ultradev.in,Re: Ultradev Inc — RevOS Starter,Quick update — we got budget approval. Let's finalize the SOW this week.,2026-09-10T00:00:00,outbound,0.15,
2018,338,38,rep_2@revos.ai,rohan.sharma@nexatech.io,Re: Nexatech Inc — RevOS Enterprise,We're evaluating HubSpot AI as well. Can you share a comparison deck?,2026-07-28T00:00:00,outbound,-0.57,HubSpot AI
2019,338,38,rep_2@revos.ai,rohan.sharma@nexatech.io,Re: Nexatech Inc — RevOS Enterprise,Sorry for the silence — been caught up with internal reorg. Not sure about the timeline anymore.,2026-07-28T00:00:00,outbound,-0.7,HubSpot AI
2020,338,38,rohan.sharma@nexatech.io,rep_2@revos.ai,Re: Nexatech Inc — RevOS Enterprise,Sorry for the silence — been caught up with internal reorg. Not sure about the timeline anymore.,2026-08-17T00:00:00,inbound,-0.71,
2021,338,38,rohan.sharma@nexatech.io,rep_2@revos.ai,Re: Nexatech Inc — RevOS Enterprise,We need to put this on hold. There's a hiring freeze and priorities have shifted.,2026-08-10T00:00:00,inbound,-0.44,HubSpot AI
2022,338,38,rep_2@revos.ai,rohan.sharma@nexatech.io,Re: Nexatech Inc — RevOS Enterprise,We need to put this on hold. There's a hiring freeze and priorities have shifted.,2026-09-12T00:00:00,outbound,-0.94,
2023,338,38,rep_2@revos.ai,rohan.sharma@nexatech.io,Re: Nexatech Inc — RevOS Enterprise,We're evaluating a competitor as well. Can you share a comparison deck?,2026-09-29T00:00:00,outbound,-0.61,
2024,338,38,rohan.sharma@nexatech.io,rep_2@revos.ai,Re: Nexatech Inc — RevOS Enterprise,We need to put this on hold. There's a hiring freeze and priorities have shifted.,2026-08-08T00:00:00,inbound,-0.89,
2025,338,38,rep_2@revos.ai,rohan.sharma@nexatech.io,Re: Nexatech Inc — RevOS Enterprise,The team has concerns about integration complexity. We might need to revisit scope.,2026-09-21T00:00:00,outbound,-0.8,
2026,339,103,priya.singh@innov8.co,rep_7@revos.ai,Re: Innov8 Inc — RevOS Starter,The ROI numbers you shared were compelling. I've looped in our CFO for budget approval.,2026-08-29T00:00:00,inbound,-0.02,People.ai
2027,339,103,rep_7@revos.ai,priya.singh@innov8.co,Re: Innov8 Inc — RevOS Starter,Great demo yesterday! Our VP was impressed with the forecasting module. Let's discuss pricing for the enterprise tier.,2026-09-09T00:00:00,outbound,0.95,HubSpot AI
2028,339,103,priya.singh@innov8.co,rep_7@revos.ai,Re: Innov8 Inc — RevOS Starter,Thanks for the follow-up. We're still in discussion internally. Will get back to you soon.,2026-07-26T00:00:00,inbound,-0.25,People.ai
2029,339,103,priya.singh@innov8.co,rep_7@revos.ai,Re: Innov8 Inc — RevOS Starter,We've completed internal review. Legal is looking at the contract now. Expect sign-off by August 20.,2026-08-13T00:00:00,inbound,0.22,
2030,339,103,priya.singh@innov8.co,rep_7@revos.ai,Re: Innov8 Inc — RevOS Starter,Quick update — we got budget approval. Let's finalize the SOW this week.,2026-08-08T00:00:00,inbound,0.5,
2031,339,103,rep_7@revos.ai,priya.singh@innov8.co,Re: Innov8 Inc — RevOS Starter,Quick update — we got budget approval. Let's finalize the SOW this week.,2026-08-16T00:00:00,outbound,0.04,
2032,339,103,priya.singh@innov8.co,rep_7@revos.ai,Re: Innov8 Inc — RevOS Starter,Great demo yesterday! Our VP was impressed with the forecasting module. Let's discuss pricing for the enterprise tier.,2026-09-28T00:00:00,inbound,0.09,
2033,340,7,ritu.smith@clearstack.io,rep_6@revos.ai,Re: Clearstack Inc — RevOS Enterprise,"Hi Rep_6, just checking in. Any updates on the custom integration we discussed?",2026-09-30T00:00:00,inbound,0.41,People.ai
2034,340,7,ritu.smith@clearstack.io,rep_6@revos.ai,Re: Clearstack Inc — RevOS Enterprise,We've completed internal review. Legal is looking at the contract now. Expect sign-off by September 24.,2026-09-17T00:00:00,inbound,0.48,
2035,340,7,rep_6@revos.ai,ritu.smith@clearstack.io,Re: Clearstack Inc — RevOS Enterprise,The ROI numbers you shared were compelling. I've looped in our CFO for budget approval.,2026-09-13T00:00:00,outbound,0.06,
2036,341,104,rep_2@revos.ai,jessica.reddy@junctionai.com,Re: Junctionai Inc — RevOS Starter,Great demo yesterday! Our VP was impressed with the forecasting module. Let's discuss pricing for the enterprise tier.,2026-07-09T00:00:00,outbound,0.08,People.ai
2037,341,104,jessica.reddy@junctionai.com,rep_2@revos.ai,Re: Junctionai Inc — RevOS Starter,"Hi Rep_2, just checking in. Any updates on the custom integration we discussed?",2026-06-13T00:00:00,inbound,0.25,
2038,341,104,rep_2@revos.ai,jessica.reddy@junctionai.com,Re: Junctionai Inc — RevOS Starter,Thanks for the follow-up. We're still in discussion internally. Will get back to you soon.,2026-06-19T00:00:00,outbound,0.15,
2039,342,30,rep_10@revos.ai,william.brown@kinetiq.io,Re: Kinetiq Inc — RevOS Analytics,We've completed internal review. Legal is looking at the contract now. Expect sign-off by September 08.,2026-09-01T00:00:00,outbound,0.74,
2040,342,30,william.brown@kinetiq.io,rep_10@revos.ai,Re: Kinetiq Inc — RevOS Analytics,We've completed internal review. Legal is looking at the contract now. Expect sign-off by June 28.,2026-06-21T00:00:00,inbound,0.07,
2041,343,43,rep_9@revos.ai,arjun.patel@prismdata.com,Re: Prismdata Inc — RevOS Starter,"Hi Rep_9, thanks for the proposal. The team reviewed it and we're keen to move forward. Can we schedule a call this week to discuss next steps?",2026-08-23T00:00:00,outbound,0.92,
2042,343,43,rep_9@revos.ai,arjun.patel@prismdata.com,Re: Prismdata Inc — RevOS Starter,"Hi Rep_9, thanks for the proposal. The team reviewed it and we're keen to move forward. Can we schedule a call this week to discuss next steps?",2026-07-17T00:00:00,outbound,0.2,
2043,343,43,rep_9@revos.ai,arjun.patel@prismdata.com,Re: Prismdata Inc — RevOS Starter,We've completed internal review. Legal is looking at the contract now. Expect sign-off by April 29.,2026-04-22T00:00:00,outbound,0.68,Salesforce Einstein
2044,343,43,rep_9@revos.ai,arjun.patel@prismdata.com,Re: Prismdata Inc — RevOS Starter,Great demo yesterday! Our VP was impressed with the forecasting module. Let's discuss pricing for the enterprise tier.,2026-05-27T00:00:00,outbound,0.96,
2045,344,59,rep_3@revos.ai,jennifer.miller@ultradev.in,Re: Ultradev Inc — RevOS Enterprise,The ROI numbers you shared were compelling. I've looped in our CFO for budget approval.,2026-08-23T00:00:00,outbound,0.3,
2046,344,59,jennifer.miller@ultradev.in,rep_3@revos.ai,Re: Ultradev Inc — RevOS Enterprise,We've completed internal review. Legal is looking at the contract now. Expect sign-off by September 16.,2026-09-09T00:00:00,inbound,0.36,
2047,344,59,jennifer.miller@ultradev.in,rep_3@revos.ai,Re: Ultradev Inc — RevOS Enterprise,Quick update — we got budget approval. Let's finalize the SOW this week.,2026-08-13T00:00:00,inbound,0.35,
2048,344,59,jennifer.miller@ultradev.in,rep_3@revos.ai,Re: Ultradev Inc — RevOS Enterprise,Quick update — we got budget approval. Let's finalize the SOW this week.,2026-07-19T00:00:00,inbound,0.77,Gong
2049,344,59,rep_3@revos.ai,jennifer.miller@ultradev.in,Re: Ultradev Inc — RevOS Enterprise,Great demo yesterday! Our VP was impressed with the forecasting module. Let's discuss pricing for the enterprise tier.,2026-06-14T00:00:00,outbound,0.54,
2050,344,59,rep_3@revos.ai,jennifer.miller@ultradev.in,Re: Ultradev Inc — RevOS Enterprise,Quick update — we got budget approval. Let's finalize the SOW this week.,2026-07-26T00:00:00,outbound,0.42,
2051,344,59,jennifer.miller@ultradev.in,rep_3@revos.ai,Re: Ultradev Inc — RevOS Enterprise,We've completed internal review. Legal is looking at the contract now. Expect sign-off by September 14.,2026-09-07T00:00:00,inbound,0.76,
2052,344,59,rep_3@revos.ai,jennifer.miller@ultradev.in,Re: Ultradev Inc — RevOS Enterprise,We've completed internal review. Legal is looking at the contract now. Expect sign-off by August 04.,2026-07-28T00:00:00,outbound,0.57,
2053,344,59,jennifer.miller@ultradev.in,rep_3@revos.ai,Re: Ultradev Inc — RevOS Enterprise,"Hi Rep_3, thanks for the proposal. The team reviewed it and we're keen to move forward. Can we schedule a call this week to discuss next steps?",2026-09-24T00:00:00,inbound,0.55,
2054,345,54,ritu.singh@stratosai.co,rep_10@revos.ai,Re: Stratosai Inc — RevOS Enterprise,The team has concerns about integration complexity. We might need to revisit scope.,2026-09-16T00:00:00,inbound,-0.8,
2055,345,54,rep_10@revos.ai,ritu.singh@stratosai.co,Re: Stratosai Inc — RevOS Enterprise,Sorry for the silence — been caught up with internal reorg. Not sure about the timeline anymore.,2026-09-24T00:00:00,outbound,-0.41,HubSpot AI
2056,345,54,rep_10@revos.ai,ritu.singh@stratosai.co,Re: Stratosai Inc — RevOS Enterprise,We're evaluating HubSpot AI as well. Can you share a comparison deck?,2026-09-30T00:00:00,outbound,-0.14,
2057,345,54,rep_10@revos.ai,ritu.singh@stratosai.co,Re: Stratosai Inc — RevOS Enterprise,"Hi Rep_10, we need to push the timeline. Budget freeze until next quarter. I'll keep you posted.",2026-09-28T00:00:00,outbound,-0.56,
2058,345,54,ritu.singh@stratosai.co,rep_10@revos.ai,Re: Stratosai Inc — RevOS Enterprise,"Hi Rep_10, we need to push the timeline. Budget freeze until next quarter. I'll keep you posted.",2026-09-19T00:00:00,inbound,-0.69,
2059,345,54,rep_10@revos.ai,ritu.singh@stratosai.co,Re: Stratosai Inc — RevOS Enterprise,"Hi Rep_10, we need to push the timeline. Budget freeze until next quarter. I'll keep you posted.",2026-09-04T00:00:00,outbound,-0.4,Clari
2060,346,54,rep_10@revos.ai,ritu.singh@stratosai.co,Re: Stratosai Inc — RevOS Pro,Sorry for the silence — been caught up with internal reorg. Not sure about the timeline anymore.,2026-08-19T00:00:00,outbound,-0.23,
2061,346,54,rep_10@revos.ai,ritu.singh@stratosai.co,Re: Stratosai Inc — RevOS Pro,We need to put this on hold. There's a hiring freeze and priorities have shifted.,2026-08-15T00:00:00,outbound,-0.94,
2062,346,54,rep_10@revos.ai,ritu.singh@stratosai.co,Re: Stratosai Inc — RevOS Pro,We're evaluating Gong as well. Can you share a comparison deck?,2026-07-01T00:00:00,outbound,-0.68,
2063,346,54,rep_10@revos.ai,ritu.singh@stratosai.co,Re: Stratosai Inc — RevOS Pro,The team has concerns about integration complexity. We might need to revisit scope.,2026-09-29T00:00:00,outbound,-0.91,
2064,346,54,rep_10@revos.ai,ritu.singh@stratosai.co,Re: Stratosai Inc — RevOS Pro,"Hi Rep_10, we need to push the timeline. Budget freeze until next quarter. I'll keep you posted.",2026-08-19T00:00:00,outbound,-0.65,
2065,346,54,rep_10@revos.ai,ritu.singh@stratosai.co,Re: Stratosai Inc — RevOS Pro,We're evaluating Salesforce Einstein as well. Can you share a comparison deck?,2026-08-20T00:00:00,outbound,-0.44,
2066,346,54,ritu.singh@stratosai.co,rep_10@revos.ai,Re: Stratosai Inc — RevOS Pro,The team has concerns about integration complexity. We might need to revisit scope.,2026-06-28T00:00:00,inbound,-0.13,
2067,347,124,rep_6@revos.ai,ritu.rao@qubitlabs.co,Re: Qubitlabs Inc — RevOS Analytics,Great demo yesterday! Our VP was impressed with the forecasting module. Let's discuss pricing for the enterprise tier.,2026-08-14T00:00:00,outbound,0.45,
2068,347,124,ritu.rao@qubitlabs.co,rep_6@revos.ai,Re: Qubitlabs Inc — RevOS Analytics,The ROI numbers you shared were compelling. I've looped in our CFO for budget approval.,2026-08-18T00:00:00,inbound,0.06,
2069,348,12,rep_8@revos.ai,david.mehta@ecomsprint.com,Re: Ecomsprint Inc — RevOS Pro,"Hi Rep_8, thanks for the proposal. The team reviewed it and we're keen to move forward. Can we schedule a call this week to discuss next steps?",2026-09-22T00:00:00,outbound,0.84,
2070,348,12,david.mehta@ecomsprint.com,rep_8@revos.ai,Re: Ecomsprint Inc — RevOS Pro,Great demo yesterday! Our VP was impressed with the forecasting module. Let's discuss pricing for the enterprise tier.,2026-09-15T00:00:00,inbound,0.82,
2071,348,12,rep_8@revos.ai,david.mehta@ecomsprint.com,Re: Ecomsprint Inc — RevOS Pro,"Hi Rep_8, thanks for the proposal. The team reviewed it and we're keen to move forward. Can we schedule a call this week to discuss next steps?",2026-09-29T00:00:00,outbound,0.51,
2072,348,12,rep_8@revos.ai,david.mehta@ecomsprint.com,Re: Ecomsprint Inc — RevOS Pro,The ROI numbers you shared were compelling. I've looped in our CFO for budget approval.,2026-09-05T00:00:00,outbound,0.74,HubSpot AI
2073,349,95,rep_1@revos.ai,priya.jones@fusionware.com,Re: Fusionware Inc — RevOS Pro,"Hi Rep_1, thanks for the proposal. The team reviewed it and we're keen to move forward. Can we schedule a call this week to discuss next steps?",2026-09-22T00:00:00,outbound,0.58,
2074,349,95,rep_1@revos.ai,priya.jones@fusionware.com,Re: Fusionware Inc — RevOS Pro,We've completed internal review. Legal is looking at the contract now. Expect sign-off by June 01.,2026-05-25T00:00:00,outbound,1.0,
2075,349,95,priya.jones@fusionware.com,rep_1@revos.ai,Re: Fusionware Inc — RevOS Pro,We've completed internal review. Legal is looking at the contract now. Expect sign-off by September 10.,2026-09-03T00:00:00,inbound,0.34,
2076,349,95,rep_1@revos.ai,priya.jones@fusionware.com,Re: Fusionware Inc — RevOS Pro,The ROI numbers you shared were compelling. I've looped in our CFO for budget approval.,2026-05-25T00:00:00,outbound,0.37,Clari
2077,349,95,priya.jones@fusionware.com,rep_1@revos.ai,Re: Fusionware Inc — RevOS Pro,Can you send over the updated pricing sheet? We need it for our internal review.,2026-07-22T00:00:00,inbound,0.09,
2078,349,95,rep_1@revos.ai,priya.jones@fusionware.com,Re: Fusionware Inc — RevOS Pro,We've completed internal review. Legal is looking at the contract now. Expect sign-off by May 10.,2026-05-03T00:00:00,outbound,0.7,
2079,349,95,priya.jones@fusionware.com,rep_1@revos.ai,Re: Fusionware Inc — RevOS Pro,"Hi Rep_1, thanks for the proposal. The team reviewed it and we're keen to move forward. Can we schedule a call this week to discuss next steps?",2026-08-12T00:00:00,inbound,0.58,
2080,349,95,rep_1@revos.ai,priya.jones@fusionware.com,Re: Fusionware Inc — RevOS Pro,"Hi Rep_1, thanks for the proposal. The team reviewed it and we're keen to move forward. Can we schedule a call this week to discuss next steps?",2026-05-22T00:00:00,outbound,0.3,
2081,349,95,rep_1@revos.ai,priya.jones@fusionware.com,Re: Fusionware Inc — RevOS Pro,Great demo yesterday! Our VP was impressed with the forecasting module. Let's discuss pricing for the enterprise tier.,2026-09-20T00:00:00,outbound,0.55,Salesforce Einstein
2082,350,87,ritu.williams@datavault.io,rep_1@revos.ai,Re: Datavault Inc — RevOS API,We've completed internal review. Legal is looking at the contract now. Expect sign-off by August 16.,2026-08-09T00:00:00,inbound,0.33,
2083,350,87,rep_1@revos.ai,ritu.williams@datavault.io,Re: Datavault Inc — RevOS API,Great demo yesterday! Our VP was impressed with the forecasting module. Let's discuss pricing for the enterprise tier.,2026-06-13T00:00:00,outbound,0.67,Clari
2084,350,87,ritu.williams@datavault.io,rep_1@revos.ai,Re: Datavault Inc — RevOS API,We've completed internal review. Legal is looking at the contract now. Expect sign-off by September 22.,2026-09-15T00:00:00,inbound,0.87,
2085,350,87,ritu.williams@datavault.io,rep_1@revos.ai,Re: Datavault Inc — RevOS API,"Hi Rep_1, thanks for the proposal. The team reviewed it and we're keen to move forward. Can we schedule a call this week to discuss next steps?",2026-08-25T00:00:00,inbound,0.72,
2086,350,87,ritu.williams@datavault.io,rep_1@revos.ai,Re: Datavault Inc — RevOS API,"Hi Rep_1, thanks for the proposal. The team reviewed it and we're keen to move forward. Can we schedule a call this week to discuss next steps?",2026-07-17T00:00:00,inbound,0.09,
2087,350,87,rep_1@revos.ai,ritu.williams@datavault.io,Re: Datavault Inc — RevOS API,The ROI numbers you shared were compelling. I've looped in our CFO for budget approval.,2026-07-06T00:00:00,outbound,0.1,
2088,350,87,rep_1@revos.ai,ritu.williams@datavault.io,Re: Datavault Inc — RevOS API,"Hi Rep_1, thanks for the proposal. The team reviewed it and we're keen to move forward. Can we schedule a call this week to discuss next steps?",2026-06-16T00:00:00,outbound,0.33,
2089,350,87,ritu.williams@datavault.io,rep_1@revos.ai,Re: Datavault Inc — RevOS API,The ROI numbers you shared were compelling. I've looped in our CFO for budget approval.,2026-09-30T00:00:00,inbound,0.77,
2090,351,98,rep_10@revos.ai,siddharth.johnson@hexacore.io,Re: Hexacore Inc — RevOS Starter,Our CTO left the company last week. New leadership wants to re-evaluate all vendor decisions.,2026-09-09T00:00:00,outbound,-0.27,
2091,351,98,siddharth.johnson@hexacore.io,rep_10@revos.ai,Re: Hexacore Inc — RevOS Starter,We're evaluating People.ai as well. Can you share a comparison deck?,2026-07-28T00:00:00,inbound,-0.15,
2092,351,98,rep_10@revos.ai,siddharth.johnson@hexacore.io,Re: Hexacore Inc — RevOS Starter,The team has concerns about integration complexity. We might need to revisit scope.,2026-08-24T00:00:00,outbound,-0.36,
2093,351,98,rep_10@revos.ai,siddharth.johnson@hexacore.io,Re: Hexacore Inc — RevOS Starter,Our CTO left the company last week. New leadership wants to re-evaluate all vendor decisions.,2026-08-12T00:00:00,outbound,-0.91,
2094,351,98,siddharth.johnson@hexacore.io,rep_10@revos.ai,Re: Hexacore Inc — RevOS Starter,"Hi Rep_10, we need to push the timeline. Budget freeze until next quarter. I'll keep you posted.",2026-08-10T00:00:00,inbound,-0.76,
2095,352,78,rep_3@revos.ai,aditya.nair@alphacloud.co,Re: Alphacloud Inc — RevOS Pro,"Hi Rep_3, we need to push the timeline. Budget freeze until next quarter. I'll keep you posted.",2026-06-07T00:00:00,outbound,-0.47,
2096,352,78,aditya.nair@alphacloud.co,rep_3@revos.ai,Re: Alphacloud Inc — RevOS Pro,Our CTO left the company last week. New leadership wants to re-evaluate all vendor decisions.,2026-09-14T00:00:00,inbound,-0.22,
2097,352,78,rep_3@revos.ai,aditya.nair@alphacloud.co,Re: Alphacloud Inc — RevOS Pro,We need to put this on hold. There's a hiring freeze and priorities have shifted.,2026-07-18T00:00:00,outbound,-0.43,
2098,352,78,aditya.nair@alphacloud.co,rep_3@revos.ai,Re: Alphacloud Inc — RevOS Pro,The team has concerns about integration complexity. We might need to revisit scope.,2026-08-01T00:00:00,inbound,-0.38,
2099,352,78,aditya.nair@alphacloud.co,rep_3@revos.ai,Re: Alphacloud Inc — RevOS Pro,Our CTO left the company last week. New leadership wants to re-evaluate all vendor decisions.,2026-07-10T00:00:00,inbound,-0.91,
2100,352,78,rep_3@revos.ai,aditya.nair@alphacloud.co,Re: Alphacloud Inc — RevOS Pro,We're evaluating Clari as well. Can you share a comparison deck?,2026-09-11T00:00:00,outbound,-0.66,
2101,352,78,aditya.nair@alphacloud.co,rep_3@revos.ai,Re: Alphacloud Inc — RevOS Pro,The team has concerns about integration complexity. We might need to revisit scope.,2026-09-05T00:00:00,inbound,-0.87,
2102,353,30,william.brown@kinetiq.io,rep_7@revos.ai,Re: Kinetiq Inc — RevOS Analytics,The ROI numbers you shared were compelling. I've looped in our CFO for budget approval.,2026-09-12T00:00:00,inbound,0.89,
2103,353,30,rep_7@revos.ai,william.brown@kinetiq.io,Re: Kinetiq Inc — RevOS Analytics,We've completed internal review. Legal is looking at the contract now. Expect sign-off by September 03.,2026-08-27T00:00:00,outbound,0.9,
2104,353,30,rep_7@revos.ai,william.brown@kinetiq.io,Re: Kinetiq Inc — RevOS Analytics,"Hi Rep_7, thanks for the proposal. The team reviewed it and we're keen to move forward. Can we schedule a call this week to discuss next steps?",2026-08-06T00:00:00,outbound,0.96,
2105,353,30,william.brown@kinetiq.io,rep_7@revos.ai,Re: Kinetiq Inc — RevOS Analytics,We've completed internal review. Legal is looking at the contract now. Expect sign-off by August 13.,2026-08-06T00:00:00,inbound,0.98,
2106,353,30,william.brown@kinetiq.io,rep_7@revos.ai,Re: Kinetiq Inc — RevOS Analytics,Great demo yesterday! Our VP was impressed with the forecasting module. Let's discuss pricing for the enterprise tier.,2026-07-18T00:00:00,inbound,0.94,Salesforce Einstein
2107,354,72,rep_10@revos.ai,anjali.iyer@yieldmax.in,Re: Yieldmax Inc — RevOS Enterprise,The team has concerns about integration complexity. We might need to revisit scope.,2026-08-03T00:00:00,outbound,-0.58,
2108,354,72,anjali.iyer@yieldmax.in,rep_10@revos.ai,Re: Yieldmax Inc — RevOS Enterprise,We need to put this on hold. There's a hiring freeze and priorities have shifted.,2026-08-31T00:00:00,inbound,-0.4,
2109,355,2,rep_9@revos.ai,karthik.shah@acmetech.com,Re: Acmetech Inc — RevOS Enterprise,Quick update — we got budget approval. Let's finalize the SOW this week.,2026-08-29T00:00:00,outbound,0.56,
2110,355,2,karthik.shah@acmetech.com,rep_9@revos.ai,Re: Acmetech Inc — RevOS Enterprise,"Hi Rep_9, thanks for the proposal. The team reviewed it and we're keen to move forward. Can we schedule a call this week to discuss next steps?",2026-09-29T00:00:00,inbound,0.65,
2111,355,2,rep_9@revos.ai,karthik.shah@acmetech.com,Re: Acmetech Inc — RevOS Enterprise,Quick update — we got budget approval. Let's finalize the SOW this week.,2026-08-04T00:00:00,outbound,0.58,HubSpot AI
2112,355,2,karthik.shah@acmetech.com,rep_9@revos.ai,Re: Acmetech Inc — RevOS Enterprise,Quick update — we got budget approval. Let's finalize the SOW this week.,2026-09-06T00:00:00,inbound,0.46,HubSpot AI
2113,355,2,rep_9@revos.ai,karthik.shah@acmetech.com,Re: Acmetech Inc — RevOS Enterprise,Sorry for the silence — been caught up with internal reorg. Not sure about the timeline anymore.,2026-08-19T00:00:00,outbound,-0.77,
2114,355,2,karthik.shah@acmetech.com,rep_9@revos.ai,Re: Acmetech Inc — RevOS Enterprise,Sorry for the silence — been caught up with internal reorg. Not sure about the timeline anymore.,2026-09-06T00:00:00,inbound,-0.97,
2115,355,2,karthik.shah@acmetech.com,rep_9@revos.ai,Re: Acmetech Inc — RevOS Enterprise,The team has concerns about integration complexity. We might need to revisit scope.,2026-08-28T00:00:00,inbound,-0.28,
2116,355,2,karthik.shah@acmetech.com,rep_9@revos.ai,Re: Acmetech Inc — RevOS Enterprise,We've completed internal review. Legal is looking at the contract now. Expect sign-off by October 07.,2026-09-30T00:00:00,inbound,0.87,
2117,355,2,karthik.shah@acmetech.com,rep_9@revos.ai,Re: Acmetech Inc — RevOS Enterprise,We've completed internal review. Legal is looking at the contract now. Expect sign-off by October 02.,2026-09-25T00:00:00,inbound,0.69,Clari
2118,355,2,karthik.shah@acmetech.com,rep_9@revos.ai,Re: Acmetech Inc — RevOS Enterprise,"Hi Rep_9, thanks for the proposal. The team reviewed it and we're keen to move forward. Can we schedule a call this week to discuss next steps?",2026-09-18T00:00:00,inbound,0.62,HubSpot AI
2119,356,106,sarah.nair@keystone.in,rep_4@revos.ai,Re: Keystone Inc — RevOS API,"Hi Rep_4, thanks for the proposal. The team reviewed it and we're keen to move forward. Can we schedule a call this week to discuss next steps?",2026-09-23T00:00:00,inbound,0.27,
2120,356,106,rep_4@revos.ai,sarah.nair@keystone.in,Re: Keystone Inc — RevOS API,The ROI numbers you shared were compelling. I've looped in our CFO for budget approval.,2026-06-14T00:00:00,outbound,0.42,Gong
2121,356,106,rep_4@revos.ai,sarah.nair@keystone.in,Re: Keystone Inc — RevOS API,"Hi Rep_4, just checking in. Any updates on the custom integration we discussed?",2026-06-11T00:00:00,outbound,0.2,
2122,356,106,rep_4@revos.ai,sarah.nair@keystone.in,Re: Keystone Inc — RevOS API,"Hi Rep_4, just checking in. Any updates on the custom integration we discussed?",2026-07-13T00:00:00,outbound,-0.17,
2123,356,106,sarah.nair@keystone.in,rep_4@revos.ai,Re: Keystone Inc — RevOS API,We've completed internal review. Legal is looking at the contract now. Expect sign-off by August 20.,2026-08-13T00:00:00,inbound,0.19,
2124,356,106,rep_4@revos.ai,sarah.nair@keystone.in,Re: Keystone Inc — RevOS API,Can you send over the updated pricing sheet? We need it for our internal review.,2026-09-10T00:00:00,outbound,-0.3,
2125,356,106,rep_4@revos.ai,sarah.nair@keystone.in,Re: Keystone Inc — RevOS API,Quick update — we got budget approval. Let's finalize the SOW this week.,2026-06-27T00:00:00,outbound,-0.02,
2126,357,17,rep_10@revos.ai,daniel.williams@finlabs.in,Re: Finlabs Inc — RevOS Analytics,"Hi Rep_10, we need to push the timeline. Budget freeze until next quarter. I'll keep you posted.",2026-08-25T00:00:00,outbound,-0.21,
2127,357,17,daniel.williams@finlabs.in,rep_10@revos.ai,Re: Finlabs Inc — RevOS Analytics,We're evaluating Clari as well. Can you share a comparison deck?,2026-09-05T00:00:00,inbound,-0.18,Clari
2128,357,17,rep_10@revos.ai,daniel.williams@finlabs.in,Re: Finlabs Inc — RevOS Analytics,Our CTO left the company last week. New leadership wants to re-evaluate all vendor decisions.,2026-08-09T00:00:00,outbound,-0.14,
2129,357,17,daniel.williams@finlabs.in,rep_10@revos.ai,Re: Finlabs Inc — RevOS Analytics,The team has concerns about integration complexity. We might need to revisit scope.,2026-09-28T00:00:00,inbound,-0.27,
2130,357,17,daniel.williams@finlabs.in,rep_10@revos.ai,Re: Finlabs Inc — RevOS Analytics,Sorry for the silence — been caught up with internal reorg. Not sure about the timeline anymore.,2026-09-25T00:00:00,inbound,-0.93,
2131,357,17,daniel.williams@finlabs.in,rep_10@revos.ai,Re: Finlabs Inc — RevOS Analytics,The team has concerns about integration complexity. We might need to revisit scope.,2026-08-01T00:00:00,inbound,-0.63,
2132,357,17,rep_10@revos.ai,daniel.williams@finlabs.in,Re: Finlabs Inc — RevOS Analytics,We're evaluating Clari as well. Can you share a comparison deck?,2026-08-05T00:00:00,outbound,-0.77,
2133,357,17,daniel.williams@finlabs.in,rep_10@revos.ai,Re: Finlabs Inc — RevOS Analytics,"Hi Rep_10, we need to push the timeline. Budget freeze until next quarter. I'll keep you posted.",2026-09-15T00:00:00,inbound,-0.13,People.ai
2134,358,9,rep_2@revos.ai,aarav.singh@clearstack.io,Re: Clearstack Inc — RevOS Analytics,We're evaluating Gong as well. Can you share a comparison deck?,2026-09-28T00:00:00,outbound,-0.6,
2135,358,9,rep_2@revos.ai,aarav.singh@clearstack.io,Re: Clearstack Inc — RevOS Analytics,Sorry for the silence — been caught up with internal reorg. Not sure about the timeline anymore.,2026-09-11T00:00:00,outbound,-0.58,
2136,358,9,aarav.singh@clearstack.io,rep_2@revos.ai,Re: Clearstack Inc — RevOS Analytics,The team has concerns about integration complexity. We might need to revisit scope.,2026-09-09T00:00:00,inbound,-0.8,
2137,358,9,rep_2@revos.ai,aarav.singh@clearstack.io,Re: Clearstack Inc — RevOS Analytics,We need to put this on hold. There's a hiring freeze and priorities have shifted.,2026-09-28T00:00:00,outbound,-0.4,
2138,358,9,aarav.singh@clearstack.io,rep_2@revos.ai,Re: Clearstack Inc — RevOS Analytics,Sorry for the silence — been caught up with internal reorg. Not sure about the timeline anymore.,2026-09-15T00:00:00,inbound,-0.32,
2139,359,117,meera.jones@orchidtech.in,rep_6@revos.ai,Re: Orchidtech Inc — RevOS Starter,The ROI numbers you shared were compelling. I've looped in our CFO for budget approval.,2026-08-04T00:00:00,inbound,0.82,
2140,359,117,rep_6@revos.ai,meera.jones@orchidtech.in,Re: Orchidtech Inc — RevOS Starter,Great demo yesterday! Our VP was impressed with the forecasting module. Let's discuss pricing for the enterprise tier.,2026-09-01T00:00:00,outbound,0.6,
2141,360,77,rep_3@revos.ai,jessica.shah@zenithops.io,Re: Zenithops Inc — RevOS Analytics,Great demo yesterday! Our VP was impressed with the forecasting module. Let's discuss pricing for the enterprise tier.,2026-07-14T00:00:00,outbound,0.33,
2142,360,77,jessica.shah@zenithops.io,rep_3@revos.ai,Re: Zenithops Inc — RevOS Analytics,We've completed internal review. Legal is looking at the contract now. Expect sign-off by June 29.,2026-06-22T00:00:00,inbound,0.57,
2143,361,76,rep_4@revos.ai,daniel.miller@zenithops.io,Re: Zenithops Inc — RevOS API,Quick update — we got budget approval. Let's finalize the SOW this week.,2026-06-27T00:00:00,outbound,0.23,
2144,361,76,rep_4@revos.ai,daniel.miller@zenithops.io,Re: Zenithops Inc — RevOS API,The ROI numbers you shared were compelling. I've looped in our CFO for budget approval.,2026-08-17T00:00:00,outbound,0.45,Salesforce Einstein
2145,361,76,rep_4@revos.ai,daniel.miller@zenithops.io,Re: Zenithops Inc — RevOS API,Quick update — we got budget approval. Let's finalize the SOW this week.,2026-05-30T00:00:00,outbound,0.05,
2146,361,76,rep_4@revos.ai,daniel.miller@zenithops.io,Re: Zenithops Inc — RevOS API,We've completed internal review. Legal is looking at the contract now. Expect sign-off by August 24.,2026-08-17T00:00:00,outbound,0.08,
2147,361,76,daniel.miller@zenithops.io,rep_4@revos.ai,Re: Zenithops Inc — RevOS API,Quick update — we got budget approval. Let's finalize the SOW this week.,2026-09-12T00:00:00,inbound,-0.16,
2148,361,76,rep_4@revos.ai,daniel.miller@zenithops.io,Re: Zenithops Inc — RevOS API,We've completed internal review. Legal is looking at the contract now. Expect sign-off by July 16.,2026-07-09T00:00:00,outbound,-0.06,
2149,362,35,sarah.joshi@metaverse.in,rep_2@revos.ai,Re: Metaverse Inc — RevOS Pro,Our CTO left the company last week. New leadership wants to re-evaluate all vendor decisions.,2026-08-11T00:00:00,inbound,-0.77,
2150,362,35,rep_2@revos.ai,sarah.joshi@metaverse.in,Re: Metaverse Inc — RevOS Pro,Sorry for the silence — been caught up with internal reorg. Not sure about the timeline anymore.,2026-09-21T00:00:00,outbound,-0.99,
2151,363,36,manish.williams@metaverse.in,rep_8@revos.ai,Re: Metaverse Inc — RevOS API,We need to put this on hold. There's a hiring freeze and priorities have shifted.,2026-07-14T00:00:00,inbound,-0.22,
2152,363,36,manish.williams@metaverse.in,rep_8@revos.ai,Re: Metaverse Inc — RevOS API,We're evaluating HubSpot AI as well. Can you share a comparison deck?,2026-04-25T00:00:00,inbound,-0.16,
2153,363,36,manish.williams@metaverse.in,rep_8@revos.ai,Re: Metaverse Inc — RevOS API,Sorry for the silence — been caught up with internal reorg. Not sure about the timeline anymore.,2026-08-07T00:00:00,inbound,-0.21,
2154,363,36,rep_8@revos.ai,manish.williams@metaverse.in,Re: Metaverse Inc — RevOS API,"Hi Rep_8, we need to push the timeline. Budget freeze until next quarter. I'll keep you posted.",2026-07-29T00:00:00,outbound,-0.32,Salesforce Einstein
2155,363,36,rep_8@revos.ai,manish.williams@metaverse.in,Re: Metaverse Inc — RevOS API,Sorry for the silence — been caught up with internal reorg. Not sure about the timeline anymore.,2026-08-30T00:00:00,outbound,-0.8,
2156,363,36,rep_8@revos.ai,manish.williams@metaverse.in,Re: Metaverse Inc — RevOS API,We need to put this on hold. There's a hiring freeze and priorities have shifted.,2026-05-25T00:00:00,outbound,-0.29,Clari
2157,363,36,manish.williams@metaverse.in,rep_8@revos.ai,Re: Metaverse Inc — RevOS API,"Hi Rep_8, we need to push the timeline. Budget freeze until next quarter. I'll keep you posted.",2026-07-29T00:00:00,inbound,-0.88,
2158,363,36,manish.williams@metaverse.in,rep_8@revos.ai,Re: Metaverse Inc — RevOS API,"Hi Rep_8, we need to push the timeline. Budget freeze until next quarter. I'll keep you posted.",2026-05-22T00:00:00,inbound,-0.63,
2159,364,40,jennifer.brown@omnilayer.co,rep_3@revos.ai,Re: Omnilayer Inc — RevOS API,Great demo yesterday! Our VP was impressed with the forecasting module. Let's discuss pricing for the enterprise tier.,2026-09-01T00:00:00,inbound,0.34,Gong
2160,364,40,jennifer.brown@omnilayer.co,rep_3@revos.ai,Re: Omnilayer Inc — RevOS API,"Hi Rep_3, thanks for the proposal. The team reviewed it and we're keen to move forward. Can we schedule a call this week to discuss next steps?",2026-09-22T00:00:00,inbound,0.85,
2161,364,40,rep_3@revos.ai,jennifer.brown@omnilayer.co,Re: Omnilayer Inc — RevOS API,Great demo yesterday! Our VP was impressed with the forecasting module. Let's discuss pricing for the enterprise tier.,2026-08-15T00:00:00,outbound,0.34,
2162,364,40,rep_3@revos.ai,jennifer.brown@omnilayer.co,Re: Omnilayer Inc — RevOS API,Great demo yesterday! Our VP was impressed with the forecasting module. Let's discuss pricing for the enterprise tier.,2026-08-14T00:00:00,outbound,0.43,
2163,365,56,sarah.sharma@truepathsys.com,rep_9@revos.ai,Re: Truepathsys Inc — RevOS Enterprise,Great demo yesterday! Our VP was impressed with the forecasting module. Let's discuss pricing for the enterprise tier.,2026-08-10T00:00:00,inbound,-0.22,
2164,365,56,rep_9@revos.ai,sarah.sharma@truepathsys.com,Re: Truepathsys Inc — RevOS Enterprise,"Hi Rep_9, just checking in. Any updates on the custom integration we discussed?",2026-07-31T00:00:00,outbound,-0.27,
2165,365,56,rep_9@revos.ai,sarah.sharma@truepathsys.com,Re: Truepathsys Inc — RevOS Enterprise,We've completed internal review. Legal is looking at the contract now. Expect sign-off by August 24.,2026-08-17T00:00:00,outbound,-0.04,
2166,365,56,sarah.sharma@truepathsys.com,rep_9@revos.ai,Re: Truepathsys Inc — RevOS Enterprise,Can you send over the updated pricing sheet? We need it for our internal review.,2026-08-12T00:00:00,inbound,0.57,
2167,365,56,sarah.sharma@truepathsys.com,rep_9@revos.ai,Re: Truepathsys Inc — RevOS Enterprise,Thanks for the follow-up. We're still in discussion internally. Will get back to you soon.,2026-09-04T00:00:00,inbound,0.03,
2168,365,56,sarah.sharma@truepathsys.com,rep_9@revos.ai,Re: Truepathsys Inc — RevOS Enterprise,"Hi Rep_9, thanks for the proposal. The team reviewed it and we're keen to move forward. Can we schedule a call this week to discuss next steps?",2026-07-18T00:00:00,inbound,0.58,
2169,365,56,sarah.sharma@truepathsys.com,rep_9@revos.ai,Re: Truepathsys Inc — RevOS Enterprise,We've completed internal review. Legal is looking at the contract now. Expect sign-off by August 14.,2026-08-07T00:00:00,inbound,0.42,
2170,365,56,rep_9@revos.ai,sarah.sharma@truepathsys.com,Re: Truepathsys Inc — RevOS Enterprise,The ROI numbers you shared were compelling. I've looped in our CFO for budget approval.,2026-08-23T00:00:00,outbound,-0.28,HubSpot AI
2171,366,28,chris.mehta@jetscale.in,rep_4@revos.ai,Re: Jetscale Inc — RevOS Enterprise,"Hi Rep_4, thanks for the proposal. The team reviewed it and we're keen to move forward. Can we schedule a call this week to discuss next steps?",2026-09-29T00:00:00,inbound,0.94,Gong
2172,366,28,rep_4@revos.ai,chris.mehta@jetscale.in,Re: Jetscale Inc — RevOS Enterprise,The ROI numbers you shared were compelling. I've looped in our CFO for budget approval.,2026-09-19T00:00:00,outbound,0.95,
2173,366,28,chris.mehta@jetscale.in,rep_4@revos.ai,Re: Jetscale Inc — RevOS Enterprise,Quick update — we got budget approval. Let's finalize the SOW this week.,2026-09-30T00:00:00,inbound,-0.16,
2174,366,28,chris.mehta@jetscale.in,rep_4@revos.ai,Re: Jetscale Inc — RevOS Enterprise,Great demo yesterday! Our VP was impressed with the forecasting module. Let's discuss pricing for the enterprise tier.,2026-09-25T00:00:00,inbound,0.86,
2175,366,28,rep_4@revos.ai,chris.mehta@jetscale.in,Re: Jetscale Inc — RevOS Enterprise,"Hi Rep_4, thanks for the proposal. The team reviewed it and we're keen to move forward. Can we schedule a call this week to discuss next steps?",2026-09-27T00:00:00,outbound,0.63,
2176,367,72,rep_4@revos.ai,anjali.iyer@yieldmax.in,Re: Yieldmax Inc — RevOS Analytics,Great demo yesterday! Our VP was impressed with the forecasting module. Let's discuss pricing for the enterprise tier.,2026-06-25T00:00:00,outbound,0.44,Clari
2177,367,72,anjali.iyer@yieldmax.in,rep_4@revos.ai,Re: Yieldmax Inc — RevOS Analytics,We've completed internal review. Legal is looking at the contract now. Expect sign-off by September 03.,2026-08-27T00:00:00,inbound,0.36,Salesforce Einstein
2178,367,72,rep_4@revos.ai,anjali.iyer@yieldmax.in,Re: Yieldmax Inc — RevOS Analytics,"Hi Rep_4, thanks for the proposal. The team reviewed it and we're keen to move forward. Can we schedule a call this week to discuss next steps?",2026-08-19T00:00:00,outbound,0.41,People.ai
2179,367,72,anjali.iyer@yieldmax.in,rep_4@revos.ai,Re: Yieldmax Inc — RevOS Analytics,"Hi Rep_4, just checking in. Any updates on the custom integration we discussed?",2026-09-28T00:00:00,inbound,-0.23,
2180,367,72,rep_4@revos.ai,anjali.iyer@yieldmax.in,Re: Yieldmax Inc — RevOS Analytics,We've completed internal review. Legal is looking at the contract now. Expect sign-off by August 17.,2026-08-10T00:00:00,outbound,0.35,People.ai
2181,367,72,anjali.iyer@yieldmax.in,rep_4@revos.ai,Re: Yieldmax Inc — RevOS Analytics,Can you send over the updated pricing sheet? We need it for our internal review.,2026-08-12T00:00:00,inbound,-0.25,
2182,367,72,rep_4@revos.ai,anjali.iyer@yieldmax.in,Re: Yieldmax Inc — RevOS Analytics,The ROI numbers you shared were compelling. I've looped in our CFO for budget approval.,2026-06-14T00:00:00,outbound,0.52,
2183,367,72,rep_4@revos.ai,anjali.iyer@yieldmax.in,Re: Yieldmax Inc — RevOS Analytics,Quick update — we got budget approval. Let's finalize the SOW this week.,2026-05-02T00:00:00,outbound,0.61,Gong
2184,368,59,rep_9@revos.ai,jennifer.miller@ultradev.in,Re: Ultradev Inc — RevOS Analytics,The ROI numbers you shared were compelling. I've looped in our CFO for budget approval.,2026-07-06T00:00:00,outbound,0.67,
2185,368,59,jennifer.miller@ultradev.in,rep_9@revos.ai,Re: Ultradev Inc — RevOS Analytics,"Hi Rep_9, thanks for the proposal. The team reviewed it and we're keen to move forward. Can we schedule a call this week to discuss next steps?",2026-07-22T00:00:00,inbound,0.7,
2186,369,75,divya.sharma@zenithops.io,rep_5@revos.ai,Re: Zenithops Inc — RevOS API,Our CTO left the company last week. New leadership wants to re-evaluate all vendor decisions.,2026-07-12T00:00:00,inbound,-0.81,
2187,369,75,divya.sharma@zenithops.io,rep_5@revos.ai,Re: Zenithops Inc — RevOS API,"Hi Rep_5, we need to push the timeline. Budget freeze until next quarter. I'll keep you posted.",2026-08-31T00:00:00,inbound,-0.28,
2188,369,75,rep_5@revos.ai,divya.sharma@zenithops.io,Re: Zenithops Inc — RevOS API,We're evaluating HubSpot AI as well. Can you share a comparison deck?,2026-08-05T00:00:00,outbound,-0.79,
2189,369,75,rep_5@revos.ai,divya.sharma@zenithops.io,Re: Zenithops Inc — RevOS API,We need to put this on hold. There's a hiring freeze and priorities have shifted.,2026-07-03T00:00:00,outbound,-0.52,
2190,369,75,divya.sharma@zenithops.io,rep_5@revos.ai,Re: Zenithops Inc — RevOS API,We need to put this on hold. There's a hiring freeze and priorities have shifted.,2026-08-27T00:00:00,inbound,-0.59,HubSpot AI
2191,369,75,divya.sharma@zenithops.io,rep_5@revos.ai,Re: Zenithops Inc — RevOS API,Sorry for the silence — been caught up with internal reorg. Not sure about the timeline anymore.,2026-06-29T00:00:00,inbound,-0.55,
2192,369,75,divya.sharma@zenithops.io,rep_5@revos.ai,Re: Zenithops Inc — RevOS API,Our CTO left the company last week. New leadership wants to re-evaluate all vendor decisions.,2026-08-24T00:00:00,inbound,-0.88,Clari
2193,369,75,divya.sharma@zenithops.io,rep_5@revos.ai,Re: Zenithops Inc — RevOS API,Our CTO left the company last week. New leadership wants to re-evaluate all vendor decisions.,2026-07-10T00:00:00,inbound,-0.86,
2194,369,75,divya.sharma@zenithops.io,rep_5@revos.ai,Re: Zenithops Inc — RevOS API,We're evaluating Gong as well. Can you share a comparison deck?,2026-08-08T00:00:00,inbound,-0.37,
2195,370,5,rep_2@revos.ai,karthik.verma@betaworks.in,Re: Betaworks Inc — RevOS Starter,We're evaluating HubSpot AI as well. Can you share a comparison deck?,2026-07-27T00:00:00,outbound,-0.32,
2196,370,5,karthik.verma@betaworks.in,rep_2@revos.ai,Re: Betaworks Inc — RevOS Starter,The team has concerns about integration complexity. We might need to revisit scope.,2026-09-29T00:00:00,inbound,-0.52,
2197,370,5,rep_2@revos.ai,karthik.verma@betaworks.in,Re: Betaworks Inc — RevOS Starter,Great demo yesterday! Our VP was impressed with the forecasting module. Let's discuss pricing for the enterprise tier.,2026-09-12T00:00:00,outbound,0.86,
2198,370,5,rep_2@revos.ai,karthik.verma@betaworks.in,Re: Betaworks Inc — RevOS Starter,"Hi Rep_2, thanks for the proposal. The team reviewed it and we're keen to move forward. Can we schedule a call this week to discuss next steps?",2026-08-06T00:00:00,outbound,0.93,
2199,370,5,rep_2@revos.ai,karthik.verma@betaworks.in,Re: Betaworks Inc — RevOS Starter,The team has concerns about integration complexity. We might need to revisit scope.,2026-09-23T00:00:00,outbound,-0.18,
2200,370,5,rep_2@revos.ai,karthik.verma@betaworks.in,Re: Betaworks Inc — RevOS Starter,Great demo yesterday! Our VP was impressed with the forecasting module. Let's discuss pricing for the enterprise tier.,2026-09-03T00:00:00,outbound,0.57,
2201,370,5,karthik.verma@betaworks.in,rep_2@revos.ai,Re: Betaworks Inc — RevOS Starter,We've completed internal review. Legal is looking at the contract now. Expect sign-off by August 13.,2026-08-06T00:00:00,inbound,0.76,
2202,370,5,rep_2@revos.ai,karthik.verma@betaworks.in,Re: Betaworks Inc — RevOS Starter,We need to put this on hold. There's a hiring freeze and priorities have shifted.,2026-09-25T00:00:00,outbound,-0.61,
2203,370,5,karthik.verma@betaworks.in,rep_2@revos.ai,Re: Betaworks Inc — RevOS Starter,We've completed internal review. Legal is looking at the contract now. Expect sign-off by October 03.,2026-09-26T00:00:00,inbound,0.44,
2204,371,113,rep_8@revos.ai,meera.reddy@novabridge.com,Re: Novabridge Inc — RevOS Enterprise,Our CTO left the company last week. New leadership wants to re-evaluate all vendor decisions.,2026-08-25T00:00:00,outbound,-0.12,
2205,371,113,meera.reddy@novabridge.com,rep_8@revos.ai,Re: Novabridge Inc — RevOS Enterprise,Sorry for the silence — been caught up with internal reorg. Not sure about the timeline anymore.,2026-08-28T00:00:00,inbound,-0.32,
2206,371,113,meera.reddy@novabridge.com,rep_8@revos.ai,Re: Novabridge Inc — RevOS Enterprise,Our CTO left the company last week. New leadership wants to re-evaluate all vendor decisions.,2026-06-25T00:00:00,inbound,-0.18,Gong
2207,371,113,rep_8@revos.ai,meera.reddy@novabridge.com,Re: Novabridge Inc — RevOS Enterprise,We need to put this on hold. There's a hiring freeze and priorities have shifted.,2026-06-25T00:00:00,outbound,-0.98,HubSpot AI
2208,371,113,rep_8@revos.ai,meera.reddy@novabridge.com,Re: Novabridge Inc — RevOS Enterprise,Sorry for the silence — been caught up with internal reorg. Not sure about the timeline anymore.,2026-07-13T00:00:00,outbound,-0.14,
2209,371,113,rep_8@revos.ai,meera.reddy@novabridge.com,Re: Novabridge Inc — RevOS Enterprise,Our CTO left the company last week. New leadership wants to re-evaluate all vendor decisions.,2026-05-11T00:00:00,outbound,-0.94,
2210,372,102,rep_7@revos.ai,lisa.jones@innov8.co,Re: Innov8 Inc — RevOS Starter,Great demo yesterday! Our VP was impressed with the forecasting module. Let's discuss pricing for the enterprise tier.,2026-08-03T00:00:00,outbound,0.5,Salesforce Einstein
2211,372,102,lisa.jones@innov8.co,rep_7@revos.ai,Re: Innov8 Inc — RevOS Starter,We've completed internal review. Legal is looking at the contract now. Expect sign-off by August 29.,2026-08-22T00:00:00,inbound,0.48,Gong
2212,372,102,lisa.jones@innov8.co,rep_7@revos.ai,Re: Innov8 Inc — RevOS Starter,Quick update — we got budget approval. Let's finalize the SOW this week.,2026-07-09T00:00:00,inbound,0.46,
2213,372,102,rep_7@revos.ai,lisa.jones@innov8.co,Re: Innov8 Inc — RevOS Starter,"Hi Rep_7, thanks for the proposal. The team reviewed it and we're keen to move forward. Can we schedule a call this week to discuss next steps?",2026-07-15T00:00:00,outbound,0.94,
2214,372,102,rep_7@revos.ai,lisa.jones@innov8.co,Re: Innov8 Inc — RevOS Starter,The ROI numbers you shared were compelling. I've looped in our CFO for budget approval.,2026-09-29T00:00:00,outbound,0.47,
2215,372,102,rep_7@revos.ai,lisa.jones@innov8.co,Re: Innov8 Inc — RevOS Starter,Great demo yesterday! Our VP was impressed with the forecasting module. Let's discuss pricing for the enterprise tier.,2026-07-19T00:00:00,outbound,0.58,
2216,372,102,rep_7@revos.ai,lisa.jones@innov8.co,Re: Innov8 Inc — RevOS Starter,The ROI numbers you shared were compelling. I've looped in our CFO for budget approval.,2026-08-07T00:00:00,outbound,0.7,
2217,372,102,lisa.jones@innov8.co,rep_7@revos.ai,Re: Innov8 Inc — RevOS Starter,We've completed internal review. Legal is looking at the contract now. Expect sign-off by July 13.,2026-07-06T00:00:00,inbound,0.39,
2218,372,102,lisa.jones@innov8.co,rep_7@revos.ai,Re: Innov8 Inc — RevOS Starter,Quick update — we got budget approval. Let's finalize the SOW this week.,2026-08-02T00:00:00,inbound,0.67,
2219,373,104,jessica.reddy@junctionai.com,rep_5@revos.ai,Re: Junctionai Inc — RevOS Analytics,Our CTO left the company last week. New leadership wants to re-evaluate all vendor decisions.,2026-09-04T00:00:00,inbound,-0.52,Gong
2220,373,104,rep_5@revos.ai,jessica.reddy@junctionai.com,Re: Junctionai Inc — RevOS Analytics,Sorry for the silence — been caught up with internal reorg. Not sure about the timeline anymore.,2026-09-26T00:00:00,outbound,-0.38,
2221,373,104,rep_5@revos.ai,jessica.reddy@junctionai.com,Re: Junctionai Inc — RevOS Analytics,The team has concerns about integration complexity. We might need to revisit scope.,2026-09-15T00:00:00,outbound,-0.78,
2222,373,104,jessica.reddy@junctionai.com,rep_5@revos.ai,Re: Junctionai Inc — RevOS Analytics,We're evaluating Salesforce Einstein as well. Can you share a comparison deck?,2026-08-26T00:00:00,inbound,-0.33,
2223,373,104,rep_5@revos.ai,jessica.reddy@junctionai.com,Re: Junctionai Inc — RevOS Analytics,"Hi Rep_5, we need to push the timeline. Budget freeze until next quarter. I'll keep you posted.",2026-08-31T00:00:00,outbound,-0.96,People.ai
2224,373,104,jessica.reddy@junctionai.com,rep_5@revos.ai,Re: Junctionai Inc — RevOS Analytics,"Hi Rep_5, we need to push the timeline. Budget freeze until next quarter. I'll keep you posted.",2026-09-23T00:00:00,inbound,-0.37,
2225,373,104,rep_5@revos.ai,jessica.reddy@junctionai.com,Re: Junctionai Inc — RevOS Analytics,Sorry for the silence — been caught up with internal reorg. Not sure about the timeline anymore.,2026-09-12T00:00:00,outbound,-0.94,
2226,373,104,rep_5@revos.ai,jessica.reddy@junctionai.com,Re: Junctionai Inc — RevOS Analytics,Sorry for the silence — been caught up with internal reorg. Not sure about the timeline anymore.,2026-09-04T00:00:00,outbound,-0.55,Gong
2227,373,104,rep_5@revos.ai,jessica.reddy@junctionai.com,Re: Junctionai Inc — RevOS Analytics,The team has concerns about integration complexity. We might need to revisit scope.,2026-09-30T00:00:00,outbound,-0.41,People.ai
2228,374,23,amanda.rao@infoedge.com,rep_10@revos.ai,Re: Infoedge Inc — RevOS Starter,Sorry for the silence — been caught up with internal reorg. Not sure about the timeline anymore.,2026-06-03T00:00:00,inbound,-0.44,
2229,374,23,rep_10@revos.ai,amanda.rao@infoedge.com,Re: Infoedge Inc — RevOS Starter,The team has concerns about integration complexity. We might need to revisit scope.,2026-05-04T00:00:00,outbound,-0.27,Salesforce Einstein
2230,374,23,amanda.rao@infoedge.com,rep_10@revos.ai,Re: Infoedge Inc — RevOS Starter,We're evaluating HubSpot AI as well. Can you share a comparison deck?,2026-09-12T00:00:00,inbound,-0.72,HubSpot AI
2231,374,23,rep_10@revos.ai,amanda.rao@infoedge.com,Re: Infoedge Inc — RevOS Starter,"Hi Rep_10, we need to push the timeline. Budget freeze until next quarter. I'll keep you posted.",2026-09-13T00:00:00,outbound,-0.75,
2232,374,23,amanda.rao@infoedge.com,rep_10@revos.ai,Re: Infoedge Inc — RevOS Starter,The team has concerns about integration complexity. We might need to revisit scope.,2026-09-17T00:00:00,inbound,-0.84,
2233,374,23,amanda.rao@infoedge.com,rep_10@revos.ai,Re: Infoedge Inc — RevOS Starter,Sorry for the silence — been caught up with internal reorg. Not sure about the timeline anymore.,2026-08-17T00:00:00,inbound,-0.82,
2234,375,63,sarah.miller@wavefront.co,rep_7@revos.ai,Re: Wavefront Inc — RevOS Starter,"Hi Rep_7, we need to push the timeline. Budget freeze until next quarter. I'll keep you posted.",2026-06-17T00:00:00,inbound,-0.16,Gong
2235,375,63,sarah.miller@wavefront.co,rep_7@revos.ai,Re: Wavefront Inc — RevOS Starter,We need to put this on hold. There's a hiring freeze and priorities have shifted.,2026-08-18T00:00:00,inbound,-0.81,
2236,375,63,sarah.miller@wavefront.co,rep_7@revos.ai,Re: Wavefront Inc — RevOS Starter,The team has concerns about integration complexity. We might need to revisit scope.,2026-07-08T00:00:00,inbound,-0.91,Salesforce Einstein
2237,375,63,rep_7@revos.ai,sarah.miller@wavefront.co,Re: Wavefront Inc — RevOS Starter,"Hi Rep_7, we need to push the timeline. Budget freeze until next quarter. I'll keep you posted.",2026-08-06T00:00:00,outbound,-0.43,
2238,375,63,rep_7@revos.ai,sarah.miller@wavefront.co,Re: Wavefront Inc — RevOS Starter,"Hi Rep_7, we need to push the timeline. Budget freeze until next quarter. I'll keep you posted.",2026-07-10T00:00:00,outbound,-0.78,
2239,375,63,sarah.miller@wavefront.co,rep_7@revos.ai,Re: Wavefront Inc — RevOS Starter,"Hi Rep_7, we need to push the timeline. Budget freeze until next quarter. I'll keep you posted.",2026-08-13T00:00:00,inbound,-0.89,
2240,375,63,sarah.miller@wavefront.co,rep_7@revos.ai,Re: Wavefront Inc — RevOS Starter,Sorry for the silence — been caught up with internal reorg. Not sure about the timeline anymore.,2026-08-14T00:00:00,inbound,-0.36,
2241,375,63,rep_7@revos.ai,sarah.miller@wavefront.co,Re: Wavefront Inc — RevOS Starter,Sorry for the silence — been caught up with internal reorg. Not sure about the timeline anymore.,2026-08-22T00:00:00,outbound,-0.95,
2242,375,63,sarah.miller@wavefront.co,rep_7@revos.ai,Re: Wavefront Inc — RevOS Starter,We're evaluating People.ai as well. Can you share a comparison deck?,2026-07-30T00:00:00,inbound,-0.86,
2243,375,63,rep_7@revos.ai,sarah.miller@wavefront.co,Re: Wavefront Inc — RevOS Starter,The team has concerns about integration complexity. We might need to revisit scope.,2026-08-07T00:00:00,outbound,-0.94,
2244,376,140,rep_4@revos.ai,pooja.joshi@windrose.in,Re: Windrose Inc — RevOS Starter,Great demo yesterday! Our VP was impressed with the forecasting module. Let's discuss pricing for the enterprise tier.,2026-07-26T00:00:00,outbound,0.66,
2245,376,140,pooja.joshi@windrose.in,rep_4@revos.ai,Re: Windrose Inc — RevOS Starter,Great demo yesterday! Our VP was impressed with the forecasting module. Let's discuss pricing for the enterprise tier.,2026-08-10T00:00:00,inbound,0.88,
2246,376,140,rep_4@revos.ai,pooja.joshi@windrose.in,Re: Windrose Inc — RevOS Starter,Great demo yesterday! Our VP was impressed with the forecasting module. Let's discuss pricing for the enterprise tier.,2026-09-30T00:00:00,outbound,0.81,
2247,376,140,pooja.joshi@windrose.in,rep_4@revos.ai,Re: Windrose Inc — RevOS Starter,Sorry for the silence — been caught up with internal reorg. Not sure about the timeline anymore.,2026-07-11T00:00:00,inbound,-0.9,
2248,377,86,rep_10@revos.ai,william.mehta@corelogic.in,Re: Corelogic Inc — RevOS Pro,The ROI numbers you shared were compelling. I've looped in our CFO for budget approval.,2026-08-15T00:00:00,outbound,0.09,Clari
2249,377,86,william.mehta@corelogic.in,rep_10@revos.ai,Re: Corelogic Inc — RevOS Pro,The ROI numbers you shared were compelling. I've looped in our CFO for budget approval.,2026-09-04T00:00:00,inbound,-0.08,
2250,377,86,william.mehta@corelogic.in,rep_10@revos.ai,Re: Corelogic Inc — RevOS Pro,The ROI numbers you shared were compelling. I've looped in our CFO for budget approval.,2026-08-25T00:00:00,inbound,-0.18,
2251,377,86,rep_10@revos.ai,william.mehta@corelogic.in,Re: Corelogic Inc — RevOS Pro,The ROI numbers you shared were compelling. I've looped in our CFO for budget approval.,2026-07-10T00:00:00,outbound,-0.09,
2252,377,86,william.mehta@corelogic.in,rep_10@revos.ai,Re: Corelogic Inc — RevOS Pro,Quick update — we got budget approval. Let's finalize the SOW this week.,2026-07-17T00:00:00,inbound,0.09,Clari
2253,377,86,rep_10@revos.ai,william.mehta@corelogic.in,Re: Corelogic Inc — RevOS Pro,"Hi Rep_10, just checking in. Any updates on the custom integration we discussed?",2026-07-06T00:00:00,outbound,-0.02,
2254,377,86,rep_10@revos.ai,william.mehta@corelogic.in,Re: Corelogic Inc — RevOS Pro,The ROI numbers you shared were compelling. I've looped in our CFO for budget approval.,2026-08-19T00:00:00,outbound,0.24,
2255,378,136,amanda.das@vertexsys.com,rep_9@revos.ai,Re: Vertexsys Inc — RevOS API,Great demo yesterday! Our VP was impressed with the forecasting module. Let's discuss pricing for the enterprise tier.,2026-09-19T00:00:00,inbound,0.78,
2256,378,136,amanda.das@vertexsys.com,rep_9@revos.ai,Re: Vertexsys Inc — RevOS API,"Hi Rep_9, just checking in. Any updates on the custom integration we discussed?",2026-09-23T00:00:00,inbound,-0.2,
2257,378,136,rep_9@revos.ai,amanda.das@vertexsys.com,Re: Vertexsys Inc — RevOS API,"Hi Rep_9, just checking in. Any updates on the custom integration we discussed?",2026-06-09T00:00:00,outbound,0.36,
2258,378,136,amanda.das@vertexsys.com,rep_9@revos.ai,Re: Vertexsys Inc — RevOS API,"Hi Rep_9, thanks for the proposal. The team reviewed it and we're keen to move forward. Can we schedule a call this week to discuss next steps?",2026-07-31T00:00:00,inbound,0.5,
2259,378,136,amanda.das@vertexsys.com,rep_9@revos.ai,Re: Vertexsys Inc — RevOS API,Can you send over the updated pricing sheet? We need it for our internal review.,2026-07-19T00:00:00,inbound,0.07,
2260,378,136,rep_9@revos.ai,amanda.das@vertexsys.com,Re: Vertexsys Inc — RevOS API,We've completed internal review. Legal is looking at the contract now. Expect sign-off by September 04.,2026-08-28T00:00:00,outbound,0.95,
2261,378,136,rep_9@revos.ai,amanda.das@vertexsys.com,Re: Vertexsys Inc — RevOS API,Quick update — we got budget approval. Let's finalize the SOW this week.,2026-06-04T00:00:00,outbound,0.57,
2262,378,136,amanda.das@vertexsys.com,rep_9@revos.ai,Re: Vertexsys Inc — RevOS API,Quick update — we got budget approval. Let's finalize the SOW this week.,2026-07-20T00:00:00,inbound,0.32,
2263,378,136,rep_9@revos.ai,amanda.das@vertexsys.com,Re: Vertexsys Inc — RevOS API,Can you send over the updated pricing sheet? We need it for our internal review.,2026-06-18T00:00:00,outbound,0.31,
2264,379,98,siddharth.johnson@hexacore.io,rep_3@revos.ai,Re: Hexacore Inc — RevOS Analytics,We're evaluating a competitor as well. Can you share a comparison deck?,2026-07-29T00:00:00,inbound,-0.59,
2265,379,98,rep_3@revos.ai,siddharth.johnson@hexacore.io,Re: Hexacore Inc — RevOS Analytics,"Hi Rep_3, we need to push the timeline. Budget freeze until next quarter. I'll keep you posted.",2026-07-17T00:00:00,outbound,-0.58,People.ai
2266,379,98,siddharth.johnson@hexacore.io,rep_3@revos.ai,Re: Hexacore Inc — RevOS Analytics,We're evaluating HubSpot AI as well. Can you share a comparison deck?,2026-09-02T00:00:00,inbound,-0.96,
2267,379,98,rep_3@revos.ai,siddharth.johnson@hexacore.io,Re: Hexacore Inc — RevOS Analytics,We need to put this on hold. There's a hiring freeze and priorities have shifted.,2026-07-28T00:00:00,outbound,-0.77,
2268,379,98,siddharth.johnson@hexacore.io,rep_3@revos.ai,Re: Hexacore Inc — RevOS Analytics,Sorry for the silence — been caught up with internal reorg. Not sure about the timeline anymore.,2026-08-18T00:00:00,inbound,-0.2,Salesforce Einstein
2269,379,98,rep_3@revos.ai,siddharth.johnson@hexacore.io,Re: Hexacore Inc — RevOS Analytics,"Hi Rep_3, we need to push the timeline. Budget freeze until next quarter. I'll keep you posted.",2026-08-02T00:00:00,outbound,-0.15,
2270,380,10,rep_10@revos.ai,robert.johnson@deltaforce.co,Re: Deltaforce Inc — RevOS Starter,Quick update — we got budget approval. Let's finalize the SOW this week.,2026-07-25T00:00:00,outbound,0.54,
2271,380,10,robert.johnson@deltaforce.co,rep_10@revos.ai,Re: Deltaforce Inc — RevOS Starter,The ROI numbers you shared were compelling. I've looped in our CFO for budget approval.,2026-05-05T00:00:00,inbound,0.33,
2272,380,10,rep_10@revos.ai,robert.johnson@deltaforce.co,Re: Deltaforce Inc — RevOS Starter,"Hi Rep_10, thanks for the proposal. The team reviewed it and we're keen to move forward. Can we schedule a call this week to discuss next steps?",2026-07-12T00:00:00,outbound,0.53,Gong
2273,380,10,rep_10@revos.ai,robert.johnson@deltaforce.co,Re: Deltaforce Inc — RevOS Starter,Great demo yesterday! Our VP was impressed with the forecasting module. Let's discuss pricing for the enterprise tier.,2026-04-22T00:00:00,outbound,0.31,Gong
2274,380,10,rep_10@revos.ai,robert.johnson@deltaforce.co,Re: Deltaforce Inc — RevOS Starter,Great demo yesterday! Our VP was impressed with the forecasting module. Let's discuss pricing for the enterprise tier.,2026-07-08T00:00:00,outbound,0.47,
2275,380,10,rep_10@revos.ai,robert.johnson@deltaforce.co,Re: Deltaforce Inc — RevOS Starter,Great demo yesterday! Our VP was impressed with the forecasting module. Let's discuss pricing for the enterprise tier.,2026-08-10T00:00:00,outbound,0.37,
2276,380,10,rep_10@revos.ai,robert.johnson@deltaforce.co,Re: Deltaforce Inc — RevOS Starter,Great demo yesterday! Our VP was impressed with the forecasting module. Let's discuss pricing for the enterprise tier.,2026-08-30T00:00:00,outbound,0.89,Clari
2277,380,10,rep_10@revos.ai,robert.johnson@deltaforce.co,Re: Deltaforce Inc — RevOS Starter,"Hi Rep_10, thanks for the proposal. The team reviewed it and we're keen to move forward. Can we schedule a call this week to discuss next steps?",2026-06-21T00:00:00,outbound,0.4,
2278,380,10,robert.johnson@deltaforce.co,rep_10@revos.ai,Re: Deltaforce Inc — RevOS Starter,Great demo yesterday! Our VP was impressed with the forecasting module. Let's discuss pricing for the enterprise tier.,2026-09-27T00:00:00,inbound,0.0,Gong
2279,380,10,rep_10@revos.ai,robert.johnson@deltaforce.co,Re: Deltaforce Inc — RevOS Starter,"Hi Rep_10, thanks for the proposal. The team reviewed it and we're keen to move forward. Can we schedule a call this week to discuss next steps?",2026-04-24T00:00:00,outbound,0.66,
2280,381,59,jennifer.miller@ultradev.in,rep_6@revos.ai,Re: Ultradev Inc — RevOS Enterprise,Quick update — we got budget approval. Let's finalize the SOW this week.,2026-08-22T00:00:00,inbound,0.06,
2281,381,59,rep_6@revos.ai,jennifer.miller@ultradev.in,Re: Ultradev Inc — RevOS Enterprise,Great demo yesterday! Our VP was impressed with the forecasting module. Let's discuss pricing for the enterprise tier.,2026-08-03T00:00:00,outbound,0.04,
2282,382,116,rep_3@revos.ai,kavita.kumar@orchidtech.in,Re: Orchidtech Inc — RevOS Pro,"Hi Rep_3, thanks for the proposal. The team reviewed it and we're keen to move forward. Can we schedule a call this week to discuss next steps?",2026-07-11T00:00:00,outbound,0.4,Gong
2283,382,116,kavita.kumar@orchidtech.in,rep_3@revos.ai,Re: Orchidtech Inc — RevOS Pro,"Hi Rep_3, thanks for the proposal. The team reviewed it and we're keen to move forward. Can we schedule a call this week to discuss next steps?",2026-06-19T00:00:00,inbound,-0.02,
2284,383,26,rep_5@revos.ai,vikram.sharma@jetscale.in,Re: Jetscale Inc — RevOS Analytics,We've completed internal review. Legal is looking at the contract now. Expect sign-off by August 16.,2026-08-09T00:00:00,outbound,0.37,
2285,383,26,rep_5@revos.ai,vikram.sharma@jetscale.in,Re: Jetscale Inc — RevOS Analytics,We've completed internal review. Legal is looking at the contract now. Expect sign-off by September 20.,2026-09-13T00:00:00,outbound,0.59,
2286,383,26,rep_5@revos.ai,vikram.sharma@jetscale.in,Re: Jetscale Inc — RevOS Analytics,Great demo yesterday! Our VP was impressed with the forecasting module. Let's discuss pricing for the enterprise tier.,2026-09-09T00:00:00,outbound,0.55,
2287,383,26,rep_5@revos.ai,vikram.sharma@jetscale.in,Re: Jetscale Inc — RevOS Analytics,Great demo yesterday! Our VP was impressed with the forecasting module. Let's discuss pricing for the enterprise tier.,2026-09-10T00:00:00,outbound,0.54,
2288,383,26,rep_5@revos.ai,vikram.sharma@jetscale.in,Re: Jetscale Inc — RevOS Analytics,"Hi Rep_5, thanks for the proposal. The team reviewed it and we're keen to move forward. Can we schedule a call this week to discuss next steps?",2026-08-28T00:00:00,outbound,0.42,Clari
2289,384,2,rep_4@revos.ai,karthik.shah@acmetech.com,Re: Acmetech Inc — RevOS Starter,The ROI numbers you shared were compelling. I've looped in our CFO for budget approval.,2026-07-14T00:00:00,outbound,0.62,
2290,384,2,karthik.shah@acmetech.com,rep_4@revos.ai,Re: Acmetech Inc — RevOS Starter,We've completed internal review. Legal is looking at the contract now. Expect sign-off by June 20.,2026-06-13T00:00:00,inbound,0.66,
2291,384,2,karthik.shah@acmetech.com,rep_4@revos.ai,Re: Acmetech Inc — RevOS Starter,Thanks for the follow-up. We're still in discussion internally. Will get back to you soon.,2026-07-24T00:00:00,inbound,0.39,
2292,384,2,rep_4@revos.ai,karthik.shah@acmetech.com,Re: Acmetech Inc — RevOS Starter,The ROI numbers you shared were compelling. I've looped in our CFO for budget approval.,2026-05-21T00:00:00,outbound,0.33,
2293,385,84,chris.shah@corelogic.in,rep_1@revos.ai,Re: Corelogic Inc — RevOS Starter,We're evaluating HubSpot AI as well. Can you share a comparison deck?,2026-09-23T00:00:00,inbound,-0.56,
2294,385,84,rep_1@revos.ai,chris.shah@corelogic.in,Re: Corelogic Inc — RevOS Starter,Our CTO left the company last week. New leadership wants to re-evaluate all vendor decisions.,2026-09-25T00:00:00,outbound,-0.97,
2295,385,84,rep_1@revos.ai,chris.shah@corelogic.in,Re: Corelogic Inc — RevOS Starter,Sorry for the silence — been caught up with internal reorg. Not sure about the timeline anymore.,2026-09-29T00:00:00,outbound,-0.93,Gong
2296,386,8,rep_5@revos.ai,william.brown@clearstack.io,Re: Clearstack Inc — RevOS Starter,"Hi Rep_5, thanks for the proposal. The team reviewed it and we're keen to move forward. Can we schedule a call this week to discuss next steps?",2026-09-20T00:00:00,outbound,0.4,
2297,386,8,william.brown@clearstack.io,rep_5@revos.ai,Re: Clearstack Inc — RevOS Starter,The ROI numbers you shared were compelling. I've looped in our CFO for budget approval.,2026-09-16T00:00:00,inbound,0.43,People.ai
2298,386,8,william.brown@clearstack.io,rep_5@revos.ai,Re: Clearstack Inc — RevOS Starter,We've completed internal review. Legal is looking at the contract now. Expect sign-off by October 06.,2026-09-29T00:00:00,inbound,0.33,
2299,386,8,william.brown@clearstack.io,rep_5@revos.ai,Re: Clearstack Inc — RevOS Starter,The ROI numbers you shared were compelling. I've looped in our CFO for budget approval.,2026-09-07T00:00:00,inbound,0.74,
2300,386,8,rep_5@revos.ai,william.brown@clearstack.io,Re: Clearstack Inc — RevOS Starter,"Hi Rep_5, thanks for the proposal. The team reviewed it and we're keen to move forward. Can we schedule a call this week to discuss next steps?",2026-09-07T00:00:00,outbound,0.3,
2301,386,8,william.brown@clearstack.io,rep_5@revos.ai,Re: Clearstack Inc — RevOS Starter,"Hi Rep_5, thanks for the proposal. The team reviewed it and we're keen to move forward. Can we schedule a call this week to discuss next steps?",2026-09-24T00:00:00,inbound,0.91,
2302,386,8,william.brown@clearstack.io,rep_5@revos.ai,Re: Clearstack Inc — RevOS Starter,Thanks for the follow-up. We're still in discussion internally. Will get back to you soon.,2026-09-07T00:00:00,inbound,0.36,
2303,386,8,william.brown@clearstack.io,rep_5@revos.ai,Re: Clearstack Inc — RevOS Starter,The ROI numbers you shared were compelling. I've looped in our CFO for budget approval.,2026-09-24T00:00:00,inbound,0.2,
2304,387,104,jessica.reddy@junctionai.com,rep_6@revos.ai,Re: Junctionai Inc — RevOS Enterprise,"Hi Rep_6, thanks for the proposal. The team reviewed it and we're keen to move forward. Can we schedule a call this week to discuss next steps?",2026-07-10T00:00:00,inbound,0.5,Clari
2305,387,104,jessica.reddy@junctionai.com,rep_6@revos.ai,Re: Junctionai Inc — RevOS Enterprise,Our CTO left the company last week. New leadership wants to re-evaluate all vendor decisions.,2026-05-14T00:00:00,inbound,-0.43,
2306,387,104,jessica.reddy@junctionai.com,rep_6@revos.ai,Re: Junctionai Inc — RevOS Enterprise,We're evaluating a competitor as well. Can you share a comparison deck?,2026-07-23T00:00:00,inbound,-0.72,
2307,387,104,rep_6@revos.ai,jessica.reddy@junctionai.com,Re: Junctionai Inc — RevOS Enterprise,The team has concerns about integration complexity. We might need to revisit scope.,2026-05-26T00:00:00,outbound,-0.72,HubSpot AI
2308,387,104,rep_6@revos.ai,jessica.reddy@junctionai.com,Re: Junctionai Inc — RevOS Enterprise,We've completed internal review. Legal is looking at the contract now. Expect sign-off by August 04.,2026-07-28T00:00:00,outbound,0.85,
2309,388,143,nikhil.verma@windrose.in,rep_6@revos.ai,Re: Windrose Inc — RevOS Enterprise,Quick update — we got budget approval. Let's finalize the SOW this week.,2026-09-20T00:00:00,inbound,0.62,People.ai
2310,388,143,nikhil.verma@windrose.in,rep_6@revos.ai,Re: Windrose Inc — RevOS Enterprise,We've completed internal review. Legal is looking at the contract now. Expect sign-off by September 13.,2026-09-06T00:00:00,inbound,0.87,
2311,388,143,rep_6@revos.ai,nikhil.verma@windrose.in,Re: Windrose Inc — RevOS Enterprise,The ROI numbers you shared were compelling. I've looped in our CFO for budget approval.,2026-09-18T00:00:00,outbound,0.39,
2312,388,143,rep_6@revos.ai,nikhil.verma@windrose.in,Re: Windrose Inc — RevOS Enterprise,The ROI numbers you shared were compelling. I've looped in our CFO for budget approval.,2026-09-20T00:00:00,outbound,0.72,
2313,388,143,nikhil.verma@windrose.in,rep_6@revos.ai,Re: Windrose Inc — RevOS Enterprise,We've completed internal review. Legal is looking at the contract now. Expect sign-off by October 08.,2026-10-01T00:00:00,inbound,0.32,Salesforce Einstein
2314,388,143,rep_6@revos.ai,nikhil.verma@windrose.in,Re: Windrose Inc — RevOS Enterprise,Quick update — we got budget approval. Let's finalize the SOW this week.,2026-09-20T00:00:00,outbound,0.74,
2315,388,143,rep_6@revos.ai,nikhil.verma@windrose.in,Re: Windrose Inc — RevOS Enterprise,Quick update — we got budget approval. Let's finalize the SOW this week.,2026-09-22T00:00:00,outbound,0.96,Clari
2316,388,143,nikhil.verma@windrose.in,rep_6@revos.ai,Re: Windrose Inc — RevOS Enterprise,Quick update — we got budget approval. Let's finalize the SOW this week.,2026-09-09T00:00:00,inbound,0.5,Salesforce Einstein
2317,389,113,meera.reddy@novabridge.com,rep_5@revos.ai,Re: Novabridge Inc — RevOS API,"Hi Rep_5, just checking in. Any updates on the custom integration we discussed?",2026-06-29T00:00:00,inbound,-0.1,
2318,389,113,rep_5@revos.ai,meera.reddy@novabridge.com,Re: Novabridge Inc — RevOS API,"Hi Rep_5, just checking in. Any updates on the custom integration we discussed?",2026-08-07T00:00:00,outbound,0.01,
2319,389,113,meera.reddy@novabridge.com,rep_5@revos.ai,Re: Novabridge Inc — RevOS API,"Hi Rep_5, just checking in. Any updates on the custom integration we discussed?",2026-07-24T00:00:00,inbound,-0.23,
2320,389,113,rep_5@revos.ai,meera.reddy@novabridge.com,Re: Novabridge Inc — RevOS API,The ROI numbers you shared were compelling. I've looped in our CFO for budget approval.,2026-09-15T00:00:00,outbound,0.85,
2321,389,113,rep_5@revos.ai,meera.reddy@novabridge.com,Re: Novabridge Inc — RevOS API,The ROI numbers you shared were compelling. I've looped in our CFO for budget approval.,2026-05-26T00:00:00,outbound,0.95,Gong
2322,389,113,rep_5@revos.ai,meera.reddy@novabridge.com,Re: Novabridge Inc — RevOS API,The ROI numbers you shared were compelling. I've looped in our CFO for budget approval.,2026-06-24T00:00:00,outbound,0.12,
2323,389,113,rep_5@revos.ai,meera.reddy@novabridge.com,Re: Novabridge Inc — RevOS API,Great demo yesterday! Our VP was impressed with the forecasting module. Let's discuss pricing for the enterprise tier.,2026-09-04T00:00:00,outbound,0.16,
2324,389,113,meera.reddy@novabridge.com,rep_5@revos.ai,Re: Novabridge Inc — RevOS API,Great demo yesterday! Our VP was impressed with the forecasting module. Let's discuss pricing for the enterprise tier.,2026-08-24T00:00:00,inbound,0.58,Salesforce Einstein
2325,390,48,rep_8@revos.ai,sarah.shah@quantleap.in,Re: Quantleap Inc — RevOS API,Can you send over the updated pricing sheet? We need it for our internal review.,2026-08-10T00:00:00,outbound,0.1,
2326,390,48,rep_8@revos.ai,sarah.shah@quantleap.in,Re: Quantleap Inc — RevOS API,Great demo yesterday! Our VP was impressed with the forecasting module. Let's discuss pricing for the enterprise tier.,2026-06-11T00:00:00,outbound,0.24,
2327,391,41,vikram.gupta@omnilayer.co,rep_4@revos.ai,Re: Omnilayer Inc — RevOS Pro,"Hi Rep_4, we need to push the timeline. Budget freeze until next quarter. I'll keep you posted.",2026-09-29T00:00:00,inbound,-0.6,
2328,391,41,vikram.gupta@omnilayer.co,rep_4@revos.ai,Re: Omnilayer Inc — RevOS Pro,"Hi Rep_4, thanks for the proposal. The team reviewed it and we're keen to move forward. Can we schedule a call this week to discuss next steps?",2026-09-28T00:00:00,inbound,0.42,Clari
2329,392,61,aarav.williams@vantagepoint.io,rep_5@revos.ai,Re: Vantagepoint Inc — RevOS Enterprise,Quick update — we got budget approval. Let's finalize the SOW this week.,2026-06-26T00:00:00,inbound,0.6,People.ai
2330,392,61,aarav.williams@vantagepoint.io,rep_5@revos.ai,Re: Vantagepoint Inc — RevOS Enterprise,Great demo yesterday! Our VP was impressed with the forecasting module. Let's discuss pricing for the enterprise tier.,2026-06-10T00:00:00,inbound,0.3,
2331,392,61,rep_5@revos.ai,aarav.williams@vantagepoint.io,Re: Vantagepoint Inc — RevOS Enterprise,"Hi Rep_5, thanks for the proposal. The team reviewed it and we're keen to move forward. Can we schedule a call this week to discuss next steps?",2026-07-25T00:00:00,outbound,0.21,People.ai
2332,392,61,aarav.williams@vantagepoint.io,rep_5@revos.ai,Re: Vantagepoint Inc — RevOS Enterprise,Great demo yesterday! Our VP was impressed with the forecasting module. Let's discuss pricing for the enterprise tier.,2026-04-18T00:00:00,inbound,0.93,
2333,392,61,rep_5@revos.ai,aarav.williams@vantagepoint.io,Re: Vantagepoint Inc — RevOS Enterprise,Thanks for the follow-up. We're still in discussion internally. Will get back to you soon.,2026-04-26T00:00:00,outbound,0.05,
2334,392,61,aarav.williams@vantagepoint.io,rep_5@revos.ai,Re: Vantagepoint Inc — RevOS Enterprise,"Hi Rep_5, thanks for the proposal. The team reviewed it and we're keen to move forward. Can we schedule a call this week to discuss next steps?",2026-07-10T00:00:00,inbound,0.97,
2335,393,105,david.rao@junctionai.com,rep_10@revos.ai,Re: Junctionai Inc — RevOS API,Sorry for the silence — been caught up with internal reorg. Not sure about the timeline anymore.,2026-09-22T00:00:00,inbound,-0.81,
2336,393,105,rep_10@revos.ai,david.rao@junctionai.com,Re: Junctionai Inc — RevOS API,We're evaluating a competitor as well. Can you share a comparison deck?,2026-09-12T00:00:00,outbound,-0.75,
2337,393,105,david.rao@junctionai.com,rep_10@revos.ai,Re: Junctionai Inc — RevOS API,We need to put this on hold. There's a hiring freeze and priorities have shifted.,2026-09-24T00:00:00,inbound,-0.27,
2338,393,105,rep_10@revos.ai,david.rao@junctionai.com,Re: Junctionai Inc — RevOS API,We need to put this on hold. There's a hiring freeze and priorities have shifted.,2026-09-26T00:00:00,outbound,-0.78,
2339,393,105,rep_10@revos.ai,david.rao@junctionai.com,Re: Junctionai Inc — RevOS API,Sorry for the silence — been caught up with internal reorg. Not sure about the timeline anymore.,2026-09-23T00:00:00,outbound,-0.4,HubSpot AI
2340,393,105,david.rao@junctionai.com,rep_10@revos.ai,Re: Junctionai Inc — RevOS API,Our CTO left the company last week. New leadership wants to re-evaluate all vendor decisions.,2026-08-29T00:00:00,inbound,-0.82,People.ai
2341,393,105,rep_10@revos.ai,david.rao@junctionai.com,Re: Junctionai Inc — RevOS API,"Hi Rep_10, we need to push the timeline. Budget freeze until next quarter. I'll keep you posted.",2026-09-23T00:00:00,outbound,-0.61,
2342,393,105,david.rao@junctionai.com,rep_10@revos.ai,Re: Junctionai Inc — RevOS API,We're evaluating Salesforce Einstein as well. Can you share a comparison deck?,2026-09-28T00:00:00,inbound,-0.26,
2343,393,105,david.rao@junctionai.com,rep_10@revos.ai,Re: Junctionai Inc — RevOS API,"Hi Rep_10, we need to push the timeline. Budget freeze until next quarter. I'll keep you posted.",2026-09-01T00:00:00,inbound,-0.65,
2344,394,92,rep_6@revos.ai,nisha.singh@edgeflux.co,Re: Edgeflux Inc — RevOS API,Our CTO left the company last week. New leadership wants to re-evaluate all vendor decisions.,2026-04-16T00:00:00,outbound,-0.5,
2345,394,92,rep_6@revos.ai,nisha.singh@edgeflux.co,Re: Edgeflux Inc — RevOS API,Sorry for the silence — been caught up with internal reorg. Not sure about the timeline anymore.,2026-05-28T00:00:00,outbound,-0.73,People.ai
2346,394,92,rep_6@revos.ai,nisha.singh@edgeflux.co,Re: Edgeflux Inc — RevOS API,"Hi Rep_6, we need to push the timeline. Budget freeze until next quarter. I'll keep you posted.",2026-09-08T00:00:00,outbound,-0.16,
2347,394,92,rep_6@revos.ai,nisha.singh@edgeflux.co,Re: Edgeflux Inc — RevOS API,Sorry for the silence — been caught up with internal reorg. Not sure about the timeline anymore.,2026-09-17T00:00:00,outbound,-1.0,
2348,394,92,nisha.singh@edgeflux.co,rep_6@revos.ai,Re: Edgeflux Inc — RevOS API,We need to put this on hold. There's a hiring freeze and priorities have shifted.,2026-09-10T00:00:00,inbound,-0.88,
2349,394,92,rep_6@revos.ai,nisha.singh@edgeflux.co,Re: Edgeflux Inc — RevOS API,We need to put this on hold. There's a hiring freeze and priorities have shifted.,2026-05-05T00:00:00,outbound,-0.48,Salesforce Einstein
2350,394,92,nisha.singh@edgeflux.co,rep_6@revos.ai,Re: Edgeflux Inc — RevOS API,We need to put this on hold. There's a hiring freeze and priorities have shifted.,2026-07-01T00:00:00,inbound,-0.95,HubSpot AI
2351,395,100,sarah.nair@hexacore.io,rep_6@revos.ai,Re: Hexacore Inc — RevOS Enterprise,"Hi Rep_6, thanks for the proposal. The team reviewed it and we're keen to move forward. Can we schedule a call this week to discuss next steps?",2026-08-22T00:00:00,inbound,0.85,
2352,395,100,sarah.nair@hexacore.io,rep_6@revos.ai,Re: Hexacore Inc — RevOS Enterprise,The ROI numbers you shared were compelling. I've looped in our CFO for budget approval.,2026-07-18T00:00:00,inbound,-0.23,Clari
2353,395,100,rep_6@revos.ai,sarah.nair@hexacore.io,Re: Hexacore Inc — RevOS Enterprise,We've completed internal review. Legal is looking at the contract now. Expect sign-off by September 23.,2026-09-16T00:00:00,outbound,0.98,
2354,395,100,sarah.nair@hexacore.io,rep_6@revos.ai,Re: Hexacore Inc — RevOS Enterprise,"Hi Rep_6, thanks for the proposal. The team reviewed it and we're keen to move forward. Can we schedule a call this week to discuss next steps?",2026-09-22T00:00:00,inbound,-0.3,
2355,396,71,nisha.williams@yieldmax.in,rep_6@revos.ai,Re: Yieldmax Inc — RevOS Enterprise,Great demo yesterday! Our VP was impressed with the forecasting module. Let's discuss pricing for the enterprise tier.,2026-08-19T00:00:00,inbound,0.3,
2356,396,71,nisha.williams@yieldmax.in,rep_6@revos.ai,Re: Yieldmax Inc — RevOS Enterprise,The ROI numbers you shared were compelling. I've looped in our CFO for budget approval.,2026-08-02T00:00:00,inbound,0.13,
2357,396,71,nisha.williams@yieldmax.in,rep_6@revos.ai,Re: Yieldmax Inc — RevOS Enterprise,We've completed internal review. Legal is looking at the contract now. Expect sign-off by July 17.,2026-07-10T00:00:00,inbound,0.67,
2358,396,71,nisha.williams@yieldmax.in,rep_6@revos.ai,Re: Yieldmax Inc — RevOS Enterprise,We've completed internal review. Legal is looking at the contract now. Expect sign-off by August 20.,2026-08-13T00:00:00,inbound,0.57,
2359,396,71,rep_6@revos.ai,nisha.williams@yieldmax.in,Re: Yieldmax Inc — RevOS Enterprise,Thanks for the follow-up. We're still in discussion internally. Will get back to you soon.,2026-09-15T00:00:00,outbound,0.59,
2360,396,71,nisha.williams@yieldmax.in,rep_6@revos.ai,Re: Yieldmax Inc — RevOS Enterprise,Great demo yesterday! Our VP was impressed with the forecasting module. Let's discuss pricing for the enterprise tier.,2026-08-21T00:00:00,inbound,0.83,
2361,396,71,rep_6@revos.ai,nisha.williams@yieldmax.in,Re: Yieldmax Inc — RevOS Enterprise,"Hi Rep_6, thanks for the proposal. The team reviewed it and we're keen to move forward. Can we schedule a call this week to discuss next steps?",2026-08-04T00:00:00,outbound,0.75,
2362,396,71,nisha.williams@yieldmax.in,rep_6@revos.ai,Re: Yieldmax Inc — RevOS Enterprise,The ROI numbers you shared were compelling. I've looped in our CFO for budget approval.,2026-09-14T00:00:00,inbound,0.48,Clari
2363,396,71,rep_6@revos.ai,nisha.williams@yieldmax.in,Re: Yieldmax Inc — RevOS Enterprise,Quick update — we got budget approval. Let's finalize the SOW this week.,2026-09-03T00:00:00,outbound,0.43,
2364,396,71,nisha.williams@yieldmax.in,rep_6@revos.ai,Re: Yieldmax Inc — RevOS Enterprise,The ROI numbers you shared were compelling. I've looped in our CFO for budget approval.,2026-09-01T00:00:00,inbound,-0.05,
2365,397,93,jessica.shah@fusionware.com,rep_4@revos.ai,Re: Fusionware Inc — RevOS Pro,Our CTO left the company last week. New leadership wants to re-evaluate all vendor decisions.,2026-08-04T00:00:00,inbound,-0.34,
2366,397,93,jessica.shah@fusionware.com,rep_4@revos.ai,Re: Fusionware Inc — RevOS Pro,We're evaluating People.ai as well. Can you share a comparison deck?,2026-09-29T00:00:00,inbound,-0.29,
2367,397,93,rep_4@revos.ai,jessica.shah@fusionware.com,Re: Fusionware Inc — RevOS Pro,"Hi Rep_4, we need to push the timeline. Budget freeze until next quarter. I'll keep you posted.",2026-09-26T00:00:00,outbound,-0.84,
2368,397,93,rep_4@revos.ai,jessica.shah@fusionware.com,Re: Fusionware Inc — RevOS Pro,The team has concerns about integration complexity. We might need to revisit scope.,2026-08-06T00:00:00,outbound,-0.46,
2369,398,91,siddharth.nair@edgeflux.co,rep_9@revos.ai,Re: Edgeflux Inc — RevOS Pro,We're evaluating People.ai as well. Can you share a comparison deck?,2026-07-03T00:00:00,inbound,-0.18,
2370,398,91,rep_9@revos.ai,siddharth.nair@edgeflux.co,Re: Edgeflux Inc — RevOS Pro,We need to put this on hold. There's a hiring freeze and priorities have shifted.,2026-07-26T00:00:00,outbound,-0.53,
2371,398,91,rep_9@revos.ai,siddharth.nair@edgeflux.co,Re: Edgeflux Inc — RevOS Pro,We need to put this on hold. There's a hiring freeze and priorities have shifted.,2026-07-24T00:00:00,outbound,-0.51,
2372,398,91,siddharth.nair@edgeflux.co,rep_9@revos.ai,Re: Edgeflux Inc — RevOS Pro,"Hi Rep_9, we need to push the timeline. Budget freeze until next quarter. I'll keep you posted.",2026-09-28T00:00:00,inbound,-0.72,
2373,398,91,siddharth.nair@edgeflux.co,rep_9@revos.ai,Re: Edgeflux Inc — RevOS Pro,The team has concerns about integration complexity. We might need to revisit scope.,2026-07-17T00:00:00,inbound,-0.98,
2374,398,91,rep_9@revos.ai,siddharth.nair@edgeflux.co,Re: Edgeflux Inc — RevOS Pro,Sorry for the silence — been caught up with internal reorg. Not sure about the timeline anymore.,2026-05-28T00:00:00,outbound,-0.57,
2375,398,91,rep_9@revos.ai,siddharth.nair@edgeflux.co,Re: Edgeflux Inc — RevOS Pro,We need to put this on hold. There's a hiring freeze and priorities have shifted.,2026-08-11T00:00:00,outbound,-0.41,
2376,399,90,rep_2@revos.ai,james.brown@datavault.io,Re: Datavault Inc — RevOS API,Quick update — we got budget approval. Let's finalize the SOW this week.,2026-06-23T00:00:00,outbound,0.34,
2377,399,90,james.brown@datavault.io,rep_2@revos.ai,Re: Datavault Inc — RevOS API,Great demo yesterday! Our VP was impressed with the forecasting module. Let's discuss pricing for the enterprise tier.,2026-06-06T00:00:00,inbound,0.56,
2378,399,90,james.brown@datavault.io,rep_2@revos.ai,Re: Datavault Inc — RevOS API,The ROI numbers you shared were compelling. I've looped in our CFO for budget approval.,2026-09-08T00:00:00,inbound,0.58,Clari
2379,399,90,james.brown@datavault.io,rep_2@revos.ai,Re: Datavault Inc — RevOS API,"Hi Rep_2, thanks for the proposal. The team reviewed it and we're keen to move forward. Can we schedule a call this week to discuss next steps?",2026-06-18T00:00:00,inbound,0.67,People.ai
2380,399,90,rep_2@revos.ai,james.brown@datavault.io,Re: Datavault Inc — RevOS API,Quick update — we got budget approval. Let's finalize the SOW this week.,2026-08-01T00:00:00,outbound,0.12,
2381,399,90,rep_2@revos.ai,james.brown@datavault.io,Re: Datavault Inc — RevOS API,We've completed internal review. Legal is looking at the contract now. Expect sign-off by July 16.,2026-07-09T00:00:00,outbound,0.98,
2382,399,90,rep_2@revos.ai,james.brown@datavault.io,Re: Datavault Inc — RevOS API,Great demo yesterday! Our VP was impressed with the forecasting module. Let's discuss pricing for the enterprise tier.,2026-07-31T00:00:00,outbound,0.48,
2383,399,90,james.brown@datavault.io,rep_2@revos.ai,Re: Datavault Inc — RevOS API,Great demo yesterday! Our VP was impressed with the forecasting module. Let's discuss pricing for the enterprise tier.,2026-06-02T00:00:00,inbound,0.99,
2384,400,146,arjun.davis@xyphorai.io,rep_4@revos.ai,Re: Xyphorai Inc — RevOS Enterprise,Our CTO left the company last week. New leadership wants to re-evaluate all vendor decisions.,2026-09-17T00:00:00,inbound,-0.62,
2385,400,146,rep_4@revos.ai,arjun.davis@xyphorai.io,Re: Xyphorai Inc — RevOS Enterprise,Sorry for the silence — been caught up with internal reorg. Not sure about the timeline anymore.,2026-09-22T00:00:00,outbound,-0.22,
2386,400,146,arjun.davis@xyphorai.io,rep_4@revos.ai,Re: Xyphorai Inc — RevOS Enterprise,The team has concerns about integration complexity. We might need to revisit scope.,2026-09-18T00:00:00,inbound,-0.15,Gong
2387,400,146,arjun.davis@xyphorai.io,rep_4@revos.ai,Re: Xyphorai Inc — RevOS Enterprise,We're evaluating Gong as well. Can you share a comparison deck?,2026-09-30T00:00:00,inbound,-0.97,Gong
2388,400,146,rep_4@revos.ai,arjun.davis@xyphorai.io,Re: Xyphorai Inc — RevOS Enterprise,We're evaluating Salesforce Einstein as well. Can you share a comparison deck?,2026-09-17T00:00:00,outbound,-0.97,
2389,400,146,arjun.davis@xyphorai.io,rep_4@revos.ai,Re: Xyphorai Inc — RevOS Enterprise,We're evaluating HubSpot AI as well. Can you share a comparison deck?,2026-09-28T00:00:00,inbound,-0.43,
2390,400,146,arjun.davis@xyphorai.io,rep_4@revos.ai,Re: Xyphorai Inc — RevOS Enterprise,Sorry for the silence — been caught up with internal reorg. Not sure about the timeline anymore.,2026-09-25T00:00:00,inbound,-0.8,
2391,400,146,arjun.davis@xyphorai.io,rep_4@revos.ai,Re: Xyphorai Inc — RevOS Enterprise,"Hi Rep_4, we need to push the timeline. Budget freeze until next quarter. I'll keep you posted.",2026-09-30T00:00:00,inbound,-0.2,
2392,400,146,arjun.davis@xyphorai.io,rep_4@revos.ai,Re: Xyphorai Inc — RevOS Enterprise,We're evaluating Clari as well. Can you share a comparison deck?,2026-09-25T00:00:00,inbound,-0.43,Clari
2393,401,21,rep_4@revos.ai,kavita.jones@hyperion.co,Re: Hyperion Inc — RevOS Pro,Great demo yesterday! Our VP was impressed with the forecasting module. Let's discuss pricing for the enterprise tier.,2026-08-28T00:00:00,outbound,0.3,HubSpot AI
2394,401,21,rep_4@revos.ai,kavita.jones@hyperion.co,Re: Hyperion Inc — RevOS Pro,Great demo yesterday! Our VP was impressed with the forecasting module. Let's discuss pricing for the enterprise tier.,2026-07-22T00:00:00,outbound,0.68,Clari
2395,401,21,rep_4@revos.ai,kavita.jones@hyperion.co,Re: Hyperion Inc — RevOS Pro,Quick update — we got budget approval. Let's finalize the SOW this week.,2026-07-22T00:00:00,outbound,0.25,
2396,401,21,kavita.jones@hyperion.co,rep_4@revos.ai,Re: Hyperion Inc — RevOS Pro,"Hi Rep_4, thanks for the proposal. The team reviewed it and we're keen to move forward. Can we schedule a call this week to discuss next steps?",2026-09-07T00:00:00,inbound,0.41,
2397,401,21,rep_4@revos.ai,kavita.jones@hyperion.co,Re: Hyperion Inc — RevOS Pro,"Hi Rep_4, thanks for the proposal. The team reviewed it and we're keen to move forward. Can we schedule a call this week to discuss next steps?",2026-08-24T00:00:00,outbound,0.31,
2398,401,21,kavita.jones@hyperion.co,rep_4@revos.ai,Re: Hyperion Inc — RevOS Pro,We've completed internal review. Legal is looking at the contract now. Expect sign-off by July 31.,2026-07-24T00:00:00,inbound,0.78,
2399,401,21,kavita.jones@hyperion.co,rep_4@revos.ai,Re: Hyperion Inc — RevOS Pro,"Hi Rep_4, thanks for the proposal. The team reviewed it and we're keen to move forward. Can we schedule a call this week to discuss next steps?",2026-07-30T00:00:00,inbound,0.32,Salesforce Einstein
2400,401,21,kavita.jones@hyperion.co,rep_4@revos.ai,Re: Hyperion Inc — RevOS Pro,Great demo yesterday! Our VP was impressed with the forecasting module. Let's discuss pricing for the enterprise tier.,2026-09-05T00:00:00,inbound,0.53,Salesforce Einstein
2401,402,50,david.patel@raptorx.io,rep_10@revos.ai,Re: Raptorx Inc — RevOS Enterprise,We need to put this on hold. There's a hiring freeze and priorities have shifted.,2026-08-10T00:00:00,inbound,-0.76,
2402,402,50,rep_10@revos.ai,david.patel@raptorx.io,Re: Raptorx Inc — RevOS Enterprise,The team has concerns about integration complexity. We might need to revisit scope.,2026-07-30T00:00:00,outbound,-0.27,
2403,402,50,david.patel@raptorx.io,rep_10@revos.ai,Re: Raptorx Inc — RevOS Enterprise,Quick update — we got budget approval. Let's finalize the SOW this week.,2026-09-05T00:00:00,inbound,0.38,
2404,402,50,david.patel@raptorx.io,rep_10@revos.ai,Re: Raptorx Inc — RevOS Enterprise,The ROI numbers you shared were compelling. I've looped in our CFO for budget approval.,2026-08-31T00:00:00,inbound,0.73,
2405,402,50,rep_10@revos.ai,david.patel@raptorx.io,Re: Raptorx Inc — RevOS Enterprise,"Hi Rep_10, thanks for the proposal. The team reviewed it and we're keen to move forward. Can we schedule a call this week to discuss next steps?",2026-09-10T00:00:00,outbound,0.48,Clari
2406,402,50,david.patel@raptorx.io,rep_10@revos.ai,Re: Raptorx Inc — RevOS Enterprise,The ROI numbers you shared were compelling. I've looped in our CFO for budget approval.,2026-08-13T00:00:00,inbound,0.57,
2407,402,50,david.patel@raptorx.io,rep_10@revos.ai,Re: Raptorx Inc — RevOS Enterprise,We've completed internal review. Legal is looking at the contract now. Expect sign-off by July 19.,2026-07-12T00:00:00,inbound,0.85,
2408,402,50,david.patel@raptorx.io,rep_10@revos.ai,Re: Raptorx Inc — RevOS Enterprise,"Hi Rep_10, thanks for the proposal. The team reviewed it and we're keen to move forward. Can we schedule a call this week to discuss next steps?",2026-08-23T00:00:00,inbound,0.64,Clari
2409,402,50,rep_10@revos.ai,david.patel@raptorx.io,Re: Raptorx Inc — RevOS Enterprise,"Hi Rep_10, thanks for the proposal. The team reviewed it and we're keen to move forward. Can we schedule a call this week to discuss next steps?",2026-09-24T00:00:00,outbound,0.71,
2410,402,50,david.patel@raptorx.io,rep_10@revos.ai,Re: Raptorx Inc — RevOS Enterprise,We've completed internal review. Legal is looking at the contract now. Expect sign-off by August 25.,2026-08-18T00:00:00,inbound,0.87,
2411,403,22,rep_3@revos.ai,anjali.shah@infoedge.com,Re: Infoedge Inc — RevOS Analytics,We need to put this on hold. There's a hiring freeze and priorities have shifted.,2026-09-29T00:00:00,outbound,-0.35,Clari
2412,403,22,anjali.shah@infoedge.com,rep_3@revos.ai,Re: Infoedge Inc — RevOS Analytics,The team has concerns about integration complexity. We might need to revisit scope.,2026-09-20T00:00:00,inbound,-0.66,
2413,403,22,anjali.shah@infoedge.com,rep_3@revos.ai,Re: Infoedge Inc — RevOS Analytics,We need to put this on hold. There's a hiring freeze and priorities have shifted.,2026-09-17T00:00:00,inbound,-0.29,
2414,403,22,rep_3@revos.ai,anjali.shah@infoedge.com,Re: Infoedge Inc — RevOS Analytics,Our CTO left the company last week. New leadership wants to re-evaluate all vendor decisions.,2026-09-11T00:00:00,outbound,-0.83,
2415,403,22,rep_3@revos.ai,anjali.shah@infoedge.com,Re: Infoedge Inc — RevOS Analytics,The team has concerns about integration complexity. We might need to revisit scope.,2026-09-24T00:00:00,outbound,-0.17,
2416,403,22,rep_3@revos.ai,anjali.shah@infoedge.com,Re: Infoedge Inc — RevOS Analytics,We're evaluating Salesforce Einstein as well. Can you share a comparison deck?,2026-09-19T00:00:00,outbound,-0.16,
2417,403,22,anjali.shah@infoedge.com,rep_3@revos.ai,Re: Infoedge Inc — RevOS Analytics,The team has concerns about integration complexity. We might need to revisit scope.,2026-10-01T00:00:00,inbound,-0.96,HubSpot AI
2418,403,22,rep_3@revos.ai,anjali.shah@infoedge.com,Re: Infoedge Inc — RevOS Analytics,The team has concerns about integration complexity. We might need to revisit scope.,2026-09-13T00:00:00,outbound,-0.71,
2419,404,129,rep_2@revos.ai,ritu.brown@signalops.in,Re: Signalops Inc — RevOS API,Our CTO left the company last week. New leadership wants to re-evaluate all vendor decisions.,2026-08-21T00:00:00,outbound,-0.5,
2420,404,129,rep_2@revos.ai,ritu.brown@signalops.in,Re: Signalops Inc — RevOS API,We're evaluating Clari as well. Can you share a comparison deck?,2026-07-15T00:00:00,outbound,-0.93,
2421,404,129,ritu.brown@signalops.in,rep_2@revos.ai,Re: Signalops Inc — RevOS API,"Hi Rep_2, we need to push the timeline. Budget freeze until next quarter. I'll keep you posted.",2026-08-30T00:00:00,inbound,-0.77,
2422,404,129,ritu.brown@signalops.in,rep_2@revos.ai,Re: Signalops Inc — RevOS API,Our CTO left the company last week. New leadership wants to re-evaluate all vendor decisions.,2026-08-30T00:00:00,inbound,-0.58,
2423,405,128,manish.rao@signalops.in,rep_3@revos.ai,Re: Signalops Inc — RevOS Starter,We're evaluating People.ai as well. Can you share a comparison deck?,2026-08-29T00:00:00,inbound,-0.84,
2424,405,128,rep_3@revos.ai,manish.rao@signalops.in,Re: Signalops Inc — RevOS Starter,The team has concerns about integration complexity. We might need to revisit scope.,2026-08-02T00:00:00,outbound,-0.14,
2425,405,128,rep_3@revos.ai,manish.rao@signalops.in,Re: Signalops Inc — RevOS Starter,We're evaluating HubSpot AI as well. Can you share a comparison deck?,2026-08-11T00:00:00,outbound,-0.96,
2426,405,128,rep_3@revos.ai,manish.rao@signalops.in,Re: Signalops Inc — RevOS Starter,The team has concerns about integration complexity. We might need to revisit scope.,2026-08-19T00:00:00,outbound,-0.6,
2427,405,128,manish.rao@signalops.in,rep_3@revos.ai,Re: Signalops Inc — RevOS Starter,We're evaluating a competitor as well. Can you share a comparison deck?,2026-07-16T00:00:00,inbound,-0.29,
2428,405,128,manish.rao@signalops.in,rep_3@revos.ai,Re: Signalops Inc — RevOS Starter,We need to put this on hold. There's a hiring freeze and priorities have shifted.,2026-09-18T00:00:00,inbound,-0.73,
2429,405,128,manish.rao@signalops.in,rep_3@revos.ai,Re: Signalops Inc — RevOS Starter,The team has concerns about integration complexity. We might need to revisit scope.,2026-08-26T00:00:00,inbound,-0.71,
2430,405,128,manish.rao@signalops.in,rep_3@revos.ai,Re: Signalops Inc — RevOS Starter,"Hi Rep_3, we need to push the timeline. Budget freeze until next quarter. I'll keep you posted.",2026-07-18T00:00:00,inbound,-0.51,
2431,405,128,rep_3@revos.ai,manish.rao@signalops.in,Re: Signalops Inc — RevOS Starter,"Hi Rep_3, we need to push the timeline. Budget freeze until next quarter. I'll keep you posted.",2026-08-19T00:00:00,outbound,-0.21,
2432,405,128,manish.rao@signalops.in,rep_3@revos.ai,Re: Signalops Inc — RevOS Starter,We're evaluating Clari as well. Can you share a comparison deck?,2026-07-26T00:00:00,inbound,-0.82,
2433,406,75,divya.sharma@zenithops.io,rep_8@revos.ai,Re: Zenithops Inc — RevOS Pro,We're evaluating HubSpot AI as well. Can you share a comparison deck?,2026-04-20T00:00:00,inbound,-0.75,
2434,406,75,divya.sharma@zenithops.io,rep_8@revos.ai,Re: Zenithops Inc — RevOS Pro,Our CTO left the company last week. New leadership wants to re-evaluate all vendor decisions.,2026-04-23T00:00:00,inbound,-0.43,
2435,406,75,divya.sharma@zenithops.io,rep_8@revos.ai,Re: Zenithops Inc — RevOS Pro,We need to put this on hold. There's a hiring freeze and priorities have shifted.,2026-08-15T00:00:00,inbound,-0.11,
2436,406,75,divya.sharma@zenithops.io,rep_8@revos.ai,Re: Zenithops Inc — RevOS Pro,"Hi Rep_8, we need to push the timeline. Budget freeze until next quarter. I'll keep you posted.",2026-07-13T00:00:00,inbound,-0.33,
2437,406,75,rep_8@revos.ai,divya.sharma@zenithops.io,Re: Zenithops Inc — RevOS Pro,Our CTO left the company last week. New leadership wants to re-evaluate all vendor decisions.,2026-08-29T00:00:00,outbound,-0.89,HubSpot AI
2438,406,75,rep_8@revos.ai,divya.sharma@zenithops.io,Re: Zenithops Inc — RevOS Pro,We're evaluating Clari as well. Can you share a comparison deck?,2026-06-28T00:00:00,outbound,-0.81,
2439,406,75,rep_8@revos.ai,divya.sharma@zenithops.io,Re: Zenithops Inc — RevOS Pro,Our CTO left the company last week. New leadership wants to re-evaluate all vendor decisions.,2026-08-21T00:00:00,outbound,-0.67,
2440,406,75,rep_8@revos.ai,divya.sharma@zenithops.io,Re: Zenithops Inc — RevOS Pro,We need to put this on hold. There's a hiring freeze and priorities have shifted.,2026-08-26T00:00:00,outbound,-0.91,
2441,407,54,rep_6@revos.ai,ritu.singh@stratosai.co,Re: Stratosai Inc — RevOS Pro,"Hi Rep_6, just checking in. Any updates on the custom integration we discussed?",2026-09-05T00:00:00,outbound,0.34,
2442,407,54,ritu.singh@stratosai.co,rep_6@revos.ai,Re: Stratosai Inc — RevOS Pro,Quick update — we got budget approval. Let's finalize the SOW this week.,2026-08-21T00:00:00,inbound,0.5,
2443,407,54,rep_6@revos.ai,ritu.singh@stratosai.co,Re: Stratosai Inc — RevOS Pro,We've completed internal review. Legal is looking at the contract now. Expect sign-off by October 06.,2026-09-29T00:00:00,outbound,0.91,
2444,407,54,ritu.singh@stratosai.co,rep_6@revos.ai,Re: Stratosai Inc — RevOS Pro,Great demo yesterday! Our VP was impressed with the forecasting module. Let's discuss pricing for the enterprise tier.,2026-08-28T00:00:00,inbound,0.82,Salesforce Einstein
2445,407,54,rep_6@revos.ai,ritu.singh@stratosai.co,Re: Stratosai Inc — RevOS Pro,Great demo yesterday! Our VP was impressed with the forecasting module. Let's discuss pricing for the enterprise tier.,2026-09-30T00:00:00,outbound,0.39,
2446,407,54,ritu.singh@stratosai.co,rep_6@revos.ai,Re: Stratosai Inc — RevOS Pro,We've completed internal review. Legal is looking at the contract now. Expect sign-off by October 03.,2026-09-26T00:00:00,inbound,0.47,
2447,408,77,rep_4@revos.ai,jessica.shah@zenithops.io,Re: Zenithops Inc — RevOS Enterprise,"Hi Rep_4, just checking in. Any updates on the custom integration we discussed?",2026-08-17T00:00:00,outbound,0.12,
2448,408,77,rep_4@revos.ai,jessica.shah@zenithops.io,Re: Zenithops Inc — RevOS Enterprise,We've completed internal review. Legal is looking at the contract now. Expect sign-off by September 21.,2026-09-14T00:00:00,outbound,0.11,
2449,408,77,rep_4@revos.ai,jessica.shah@zenithops.io,Re: Zenithops Inc — RevOS Enterprise,Can you send over the updated pricing sheet? We need it for our internal review.,2026-09-23T00:00:00,outbound,0.04,
2450,408,77,rep_4@revos.ai,jessica.shah@zenithops.io,Re: Zenithops Inc — RevOS Enterprise,"Hi Rep_4, just checking in. Any updates on the custom integration we discussed?",2026-08-18T00:00:00,outbound,0.14,
2451,408,77,jessica.shah@zenithops.io,rep_4@revos.ai,Re: Zenithops Inc — RevOS Enterprise,Can you send over the updated pricing sheet? We need it for our internal review.,2026-08-17T00:00:00,inbound,0.43,
2452,408,77,rep_4@revos.ai,jessica.shah@zenithops.io,Re: Zenithops Inc — RevOS Enterprise,"Hi Rep_4, thanks for the proposal. The team reviewed it and we're keen to move forward. Can we schedule a call this week to discuss next steps?",2026-09-19T00:00:00,outbound,-0.02,Clari
2453,408,77,rep_4@revos.ai,jessica.shah@zenithops.io,Re: Zenithops Inc — RevOS Enterprise,"Hi Rep_4, thanks for the proposal. The team reviewed it and we're keen to move forward. Can we schedule a call this week to discuss next steps?",2026-07-22T00:00:00,outbound,0.05,HubSpot AI
2454,408,77,jessica.shah@zenithops.io,rep_4@revos.ai,Re: Zenithops Inc — RevOS Enterprise,We've completed internal review. Legal is looking at the contract now. Expect sign-off by August 22.,2026-08-15T00:00:00,inbound,-0.05,
2455,408,77,jessica.shah@zenithops.io,rep_4@revos.ai,Re: Zenithops Inc — RevOS Enterprise,We've completed internal review. Legal is looking at the contract now. Expect sign-off by August 28.,2026-08-21T00:00:00,inbound,-0.18,
2456,408,77,jessica.shah@zenithops.io,rep_4@revos.ai,Re: Zenithops Inc — RevOS Enterprise,Can you send over the updated pricing sheet? We need it for our internal review.,2026-07-27T00:00:00,inbound,0.39,
2457,409,83,amanda.brown@brightspark.com,rep_8@revos.ai,Re: Brightspark Inc — RevOS API,We've completed internal review. Legal is looking at the contract now. Expect sign-off by September 09.,2026-09-02T00:00:00,inbound,0.79,
2458,409,83,rep_8@revos.ai,amanda.brown@brightspark.com,Re: Brightspark Inc — RevOS API,We've completed internal review. Legal is looking at the contract now. Expect sign-off by August 15.,2026-08-08T00:00:00,outbound,0.72,HubSpot AI
2459,409,83,amanda.brown@brightspark.com,rep_8@revos.ai,Re: Brightspark Inc — RevOS API,The ROI numbers you shared were compelling. I've looped in our CFO for budget approval.,2026-08-10T00:00:00,inbound,0.35,
2460,409,83,amanda.brown@brightspark.com,rep_8@revos.ai,Re: Brightspark Inc — RevOS API,We've completed internal review. Legal is looking at the contract now. Expect sign-off by September 11.,2026-09-04T00:00:00,inbound,0.52,
2461,409,83,amanda.brown@brightspark.com,rep_8@revos.ai,Re: Brightspark Inc — RevOS API,The ROI numbers you shared were compelling. I've looped in our CFO for budget approval.,2026-09-19T00:00:00,inbound,0.38,Gong
2462,409,83,rep_8@revos.ai,amanda.brown@brightspark.com,Re: Brightspark Inc — RevOS API,We've completed internal review. Legal is looking at the contract now. Expect sign-off by August 24.,2026-08-17T00:00:00,outbound,0.69,
2463,409,83,amanda.brown@brightspark.com,rep_8@revos.ai,Re: Brightspark Inc — RevOS API,Quick update — we got budget approval. Let's finalize the SOW this week.,2026-09-12T00:00:00,inbound,0.47,
2464,409,83,amanda.brown@brightspark.com,rep_8@revos.ai,Re: Brightspark Inc — RevOS API,"Hi Rep_8, just checking in. Any updates on the custom integration we discussed?",2026-08-04T00:00:00,inbound,0.46,
2465,410,58,rep_10@revos.ai,jennifer.das@ultradev.in,Re: Ultradev Inc — RevOS Pro,Great demo yesterday! Our VP was impressed with the forecasting module. Let's discuss pricing for the enterprise tier.,2026-09-24T00:00:00,outbound,0.42,Clari
2466,410,58,jennifer.das@ultradev.in,rep_10@revos.ai,Re: Ultradev Inc — RevOS Pro,"Hi Rep_10, thanks for the proposal. The team reviewed it and we're keen to move forward. Can we schedule a call this week to discuss next steps?",2026-09-11T00:00:00,inbound,0.56,
2467,410,58,rep_10@revos.ai,jennifer.das@ultradev.in,Re: Ultradev Inc — RevOS Pro,Quick update — we got budget approval. Let's finalize the SOW this week.,2026-08-26T00:00:00,outbound,0.79,Salesforce Einstein
2468,410,58,rep_10@revos.ai,jennifer.das@ultradev.in,Re: Ultradev Inc — RevOS Pro,We've completed internal review. Legal is looking at the contract now. Expect sign-off by August 15.,2026-08-08T00:00:00,outbound,0.53,
2469,410,58,rep_10@revos.ai,jennifer.das@ultradev.in,Re: Ultradev Inc — RevOS Pro,Great demo yesterday! Our VP was impressed with the forecasting module. Let's discuss pricing for the enterprise tier.,2026-09-14T00:00:00,outbound,0.98,Clari
2470,410,58,rep_10@revos.ai,jennifer.das@ultradev.in,Re: Ultradev Inc — RevOS Pro,The ROI numbers you shared were compelling. I've looped in our CFO for budget approval.,2026-08-29T00:00:00,outbound,0.65,
2471,410,58,rep_10@revos.ai,jennifer.das@ultradev.in,Re: Ultradev Inc — RevOS Pro,Great demo yesterday! Our VP was impressed with the forecasting module. Let's discuss pricing for the enterprise tier.,2026-09-15T00:00:00,outbound,0.75,
2472,410,58,jennifer.das@ultradev.in,rep_10@revos.ai,Re: Ultradev Inc — RevOS Pro,Quick update — we got budget approval. Let's finalize the SOW this week.,2026-10-01T00:00:00,inbound,0.34,
2473,410,58,jennifer.das@ultradev.in,rep_10@revos.ai,Re: Ultradev Inc — RevOS Pro,Quick update — we got budget approval. Let's finalize the SOW this week.,2026-09-03T00:00:00,inbound,0.42,
2474,411,15,rep_3@revos.ai,nisha.patel@finlabs.in,Re: Finlabs Inc — RevOS Starter,Great demo yesterday! Our VP was impressed with the forecasting module. Let's discuss pricing for the enterprise tier.,2026-08-07T00:00:00,outbound,0.96,
2475,411,15,nisha.patel@finlabs.in,rep_3@revos.ai,Re: Finlabs Inc — RevOS Starter,Great demo yesterday! Our VP was impressed with the forecasting module. Let's discuss pricing for the enterprise tier.,2026-08-13T00:00:00,inbound,0.4,
2476,411,15,rep_3@revos.ai,nisha.patel@finlabs.in,Re: Finlabs Inc — RevOS Starter,"Hi Rep_3, thanks for the proposal. The team reviewed it and we're keen to move forward. Can we schedule a call this week to discuss next steps?",2026-07-31T00:00:00,outbound,0.58,
2477,411,15,nisha.patel@finlabs.in,rep_3@revos.ai,Re: Finlabs Inc — RevOS Starter,The ROI numbers you shared were compelling. I've looped in our CFO for budget approval.,2026-08-22T00:00:00,inbound,0.32,
2478,411,15,nisha.patel@finlabs.in,rep_3@revos.ai,Re: Finlabs Inc — RevOS Starter,"Hi Rep_3, thanks for the proposal. The team reviewed it and we're keen to move forward. Can we schedule a call this week to discuss next steps?",2026-07-23T00:00:00,inbound,0.34,
2479,412,38,rep_9@revos.ai,rohan.sharma@nexatech.io,Re: Nexatech Inc — RevOS API,"Hi Rep_9, we need to push the timeline. Budget freeze until next quarter. I'll keep you posted.",2026-08-08T00:00:00,outbound,-0.59,
2480,412,38,rohan.sharma@nexatech.io,rep_9@revos.ai,Re: Nexatech Inc — RevOS API,We're evaluating Salesforce Einstein as well. Can you share a comparison deck?,2026-07-27T00:00:00,inbound,-0.34,
2481,412,38,rohan.sharma@nexatech.io,rep_9@revos.ai,Re: Nexatech Inc — RevOS API,We're evaluating a competitor as well. Can you share a comparison deck?,2026-07-31T00:00:00,inbound,-0.47,
2482,412,38,rohan.sharma@nexatech.io,rep_9@revos.ai,Re: Nexatech Inc — RevOS API,Our CTO left the company last week. New leadership wants to re-evaluate all vendor decisions.,2026-09-26T00:00:00,inbound,-0.86,
2483,412,38,rohan.sharma@nexatech.io,rep_9@revos.ai,Re: Nexatech Inc — RevOS API,"Hi Rep_9, we need to push the timeline. Budget freeze until next quarter. I'll keep you posted.",2026-08-24T00:00:00,inbound,-0.23,Clari
2484,413,11,lisa.patel@deltaforce.co,rep_2@revos.ai,Re: Deltaforce Inc — RevOS Enterprise,The ROI numbers you shared were compelling. I've looped in our CFO for budget approval.,2026-09-11T00:00:00,inbound,0.33,Gong
2485,413,11,lisa.patel@deltaforce.co,rep_2@revos.ai,Re: Deltaforce Inc — RevOS Enterprise,Quick update — we got budget approval. Let's finalize the SOW this week.,2026-09-26T00:00:00,inbound,0.46,
2486,413,11,lisa.patel@deltaforce.co,rep_2@revos.ai,Re: Deltaforce Inc — RevOS Enterprise,"Hi Rep_2, thanks for the proposal. The team reviewed it and we're keen to move forward. Can we schedule a call this week to discuss next steps?",2026-09-17T00:00:00,inbound,0.52,
2487,413,11,rep_2@revos.ai,lisa.patel@deltaforce.co,Re: Deltaforce Inc — RevOS Enterprise,Quick update — we got budget approval. Let's finalize the SOW this week.,2026-09-19T00:00:00,outbound,0.67,
2488,413,11,lisa.patel@deltaforce.co,rep_2@revos.ai,Re: Deltaforce Inc — RevOS Enterprise,Great demo yesterday! Our VP was impressed with the forecasting module. Let's discuss pricing for the enterprise tier.,2026-09-23T00:00:00,inbound,0.34,HubSpot AI
2489,413,11,lisa.patel@deltaforce.co,rep_2@revos.ai,Re: Deltaforce Inc — RevOS Enterprise,Great demo yesterday! Our VP was impressed with the forecasting module. Let's discuss pricing for the enterprise tier.,2026-09-14T00:00:00,inbound,0.59,
2490,413,11,rep_2@revos.ai,lisa.patel@deltaforce.co,Re: Deltaforce Inc — RevOS Enterprise,The ROI numbers you shared were compelling. I've looped in our CFO for budget approval.,2026-09-10T00:00:00,outbound,0.79,
2491,413,11,rep_2@revos.ai,lisa.patel@deltaforce.co,Re: Deltaforce Inc — RevOS Enterprise,We've completed internal review. Legal is looking at the contract now. Expect sign-off by October 04.,2026-09-27T00:00:00,outbound,0.64,Gong
2492,413,11,rep_2@revos.ai,lisa.patel@deltaforce.co,Re: Deltaforce Inc — RevOS Enterprise,"Hi Rep_2, thanks for the proposal. The team reviewed it and we're keen to move forward. Can we schedule a call this week to discuss next steps?",2026-09-27T00:00:00,outbound,0.75,
2493,414,59,jennifer.miller@ultradev.in,rep_4@revos.ai,Re: Ultradev Inc — RevOS Starter,Great demo yesterday! Our VP was impressed with the forecasting module. Let's discuss pricing for the enterprise tier.,2026-07-29T00:00:00,inbound,0.53,
2494,414,59,jennifer.miller@ultradev.in,rep_4@revos.ai,Re: Ultradev Inc — RevOS Starter,Quick update — we got budget approval. Let's finalize the SOW this week.,2026-07-16T00:00:00,inbound,-0.1,
2495,414,59,rep_4@revos.ai,jennifer.miller@ultradev.in,Re: Ultradev Inc — RevOS Starter,Quick update — we got budget approval. Let's finalize the SOW this week.,2026-08-30T00:00:00,outbound,0.19,
2496,414,59,rep_4@revos.ai,jennifer.miller@ultradev.in,Re: Ultradev Inc — RevOS Starter,Great demo yesterday! Our VP was impressed with the forecasting module. Let's discuss pricing for the enterprise tier.,2026-06-04T00:00:00,outbound,0.07,
2497,414,59,jennifer.miller@ultradev.in,rep_4@revos.ai,Re: Ultradev Inc — RevOS Starter,Can you send over the updated pricing sheet? We need it for our internal review.,2026-07-31T00:00:00,inbound,-0.17,
2498,414,59,rep_4@revos.ai,jennifer.miller@ultradev.in,Re: Ultradev Inc — RevOS Starter,Great demo yesterday! Our VP was impressed with the forecasting module. Let's discuss pricing for the enterprise tier.,2026-08-06T00:00:00,outbound,-0.16,
2499,415,68,lisa.brown@xeronova.com,rep_8@revos.ai,Re: Xeronova Inc — RevOS Starter,Can you send over the updated pricing sheet? We need it for our internal review.,2026-09-22T00:00:00,inbound,0.34,
2500,415,68,lisa.brown@xeronova.com,rep_8@revos.ai,Re: Xeronova Inc — RevOS Starter,We've completed internal review. Legal is looking at the contract now. Expect sign-off by September 13.,2026-09-06T00:00:00,inbound,0.44,
2501,415,68,rep_8@revos.ai,lisa.brown@xeronova.com,Re: Xeronova Inc — RevOS Starter,The ROI numbers you shared were compelling. I've looped in our CFO for budget approval.,2026-10-01T00:00:00,outbound,0.68,Clari
2502,415,68,lisa.brown@xeronova.com,rep_8@revos.ai,Re: Xeronova Inc — RevOS Starter,The ROI numbers you shared were compelling. I've looped in our CFO for budget approval.,2026-09-02T00:00:00,inbound,0.04,
2503,416,81,rep_7@revos.ai,amanda.smith@alphacloud.co,Re: Alphacloud Inc — RevOS API,"Hi Rep_7, thanks for the proposal. The team reviewed it and we're keen to move forward. Can we schedule a call this week to discuss next steps?",2026-09-15T00:00:00,outbound,0.4,
2504,416,81,amanda.smith@alphacloud.co,rep_7@revos.ai,Re: Alphacloud Inc — RevOS API,Great demo yesterday! Our VP was impressed with the forecasting module. Let's discuss pricing for the enterprise tier.,2026-09-17T00:00:00,inbound,0.83,
2505,416,81,rep_7@revos.ai,amanda.smith@alphacloud.co,Re: Alphacloud Inc — RevOS API,We've completed internal review. Legal is looking at the contract now. Expect sign-off by June 01.,2026-05-25T00:00:00,outbound,0.77,Gong
2506,416,81,amanda.smith@alphacloud.co,rep_7@revos.ai,Re: Alphacloud Inc — RevOS API,Quick update — we got budget approval. Let's finalize the SOW this week.,2026-08-01T00:00:00,inbound,0.72,
2507,416,81,rep_7@revos.ai,amanda.smith@alphacloud.co,Re: Alphacloud Inc — RevOS API,"Hi Rep_7, thanks for the proposal. The team reviewed it and we're keen to move forward. Can we schedule a call this week to discuss next steps?",2026-09-10T00:00:00,outbound,0.67,HubSpot AI
2508,416,81,rep_7@revos.ai,amanda.smith@alphacloud.co,Re: Alphacloud Inc — RevOS API,Quick update — we got budget approval. Let's finalize the SOW this week.,2026-05-21T00:00:00,outbound,0.85,
2509,416,81,amanda.smith@alphacloud.co,rep_7@revos.ai,Re: Alphacloud Inc — RevOS API,Great demo yesterday! Our VP was impressed with the forecasting module. Let's discuss pricing for the enterprise tier.,2026-08-23T00:00:00,inbound,0.33,
2510,416,81,amanda.smith@alphacloud.co,rep_7@revos.ai,Re: Alphacloud Inc — RevOS API,We've completed internal review. Legal is looking at the contract now. Expect sign-off by May 24.,2026-05-17T00:00:00,inbound,0.34,Salesforce Einstein
2511,416,81,rep_7@revos.ai,amanda.smith@alphacloud.co,Re: Alphacloud Inc — RevOS API,The ROI numbers you shared were compelling. I've looped in our CFO for budget approval.,2026-08-07T00:00:00,outbound,0.72,
2512,417,82,rep_6@revos.ai,meera.smith@brightspark.com,Re: Brightspark Inc — RevOS API,"Hi Rep_6, we need to push the timeline. Budget freeze until next quarter. I'll keep you posted.",2026-08-12T00:00:00,outbound,-0.4,
2513,417,82,meera.smith@brightspark.com,rep_6@revos.ai,Re: Brightspark Inc — RevOS API,Our CTO left the company last week. New leadership wants to re-evaluate all vendor decisions.,2026-08-01T00:00:00,inbound,-0.17,Clari
2514,417,82,meera.smith@brightspark.com,rep_6@revos.ai,Re: Brightspark Inc — RevOS API,Sorry for the silence — been caught up with internal reorg. Not sure about the timeline anymore.,2026-09-22T00:00:00,inbound,-0.5,
2515,417,82,meera.smith@brightspark.com,rep_6@revos.ai,Re: Brightspark Inc — RevOS API,"Hi Rep_6, we need to push the timeline. Budget freeze until next quarter. I'll keep you posted.",2026-08-15T00:00:00,inbound,-0.87,
2516,417,82,meera.smith@brightspark.com,rep_6@revos.ai,Re: Brightspark Inc — RevOS API,We need to put this on hold. There's a hiring freeze and priorities have shifted.,2026-09-22T00:00:00,inbound,-0.79,
2517,417,82,meera.smith@brightspark.com,rep_6@revos.ai,Re: Brightspark Inc — RevOS API,"Hi Rep_6, we need to push the timeline. Budget freeze until next quarter. I'll keep you posted.",2026-08-15T00:00:00,inbound,-0.11,Clari
2518,417,82,rep_6@revos.ai,meera.smith@brightspark.com,Re: Brightspark Inc — RevOS API,Our CTO left the company last week. New leadership wants to re-evaluate all vendor decisions.,2026-09-22T00:00:00,outbound,-0.57,
2519,417,82,meera.smith@brightspark.com,rep_6@revos.ai,Re: Brightspark Inc — RevOS API,Sorry for the silence — been caught up with internal reorg. Not sure about the timeline anymore.,2026-09-04T00:00:00,inbound,-0.71,
2520,417,82,rep_6@revos.ai,meera.smith@brightspark.com,Re: Brightspark Inc — RevOS API,We're evaluating People.ai as well. Can you share a comparison deck?,2026-09-19T00:00:00,outbound,-0.69,
2521,418,131,ashley.brown@terraflow.io,rep_5@revos.ai,Re: Terraflow Inc — RevOS API,We've completed internal review. Legal is looking at the contract now. Expect sign-off by July 10.,2026-07-03T00:00:00,inbound,0.38,
2522,418,131,rep_5@revos.ai,ashley.brown@terraflow.io,Re: Terraflow Inc — RevOS API,We've completed internal review. Legal is looking at the contract now. Expect sign-off by July 22.,2026-07-15T00:00:00,outbound,0.37,
2523,418,131,ashley.brown@terraflow.io,rep_5@revos.ai,Re: Terraflow Inc — RevOS API,"Hi Rep_5, thanks for the proposal. The team reviewed it and we're keen to move forward. Can we schedule a call this week to discuss next steps?",2026-07-09T00:00:00,inbound,0.48,
2524,418,131,rep_5@revos.ai,ashley.brown@terraflow.io,Re: Terraflow Inc — RevOS API,The ROI numbers you shared were compelling. I've looped in our CFO for budget approval.,2026-08-31T00:00:00,outbound,0.84,Salesforce Einstein
2525,418,131,rep_5@revos.ai,ashley.brown@terraflow.io,Re: Terraflow Inc — RevOS API,Quick update — we got budget approval. Let's finalize the SOW this week.,2026-08-11T00:00:00,outbound,-0.03,
2526,418,131,rep_5@revos.ai,ashley.brown@terraflow.io,Re: Terraflow Inc — RevOS API,Can you send over the updated pricing sheet? We need it for our internal review.,2026-08-22T00:00:00,outbound,-0.05,
2527,419,15,nisha.patel@finlabs.in,rep_5@revos.ai,Re: Finlabs Inc — RevOS API,We've completed internal review. Legal is looking at the contract now. Expect sign-off by August 22.,2026-08-15T00:00:00,inbound,0.15,Gong
2528,419,15,rep_5@revos.ai,nisha.patel@finlabs.in,Re: Finlabs Inc — RevOS API,We've completed internal review. Legal is looking at the contract now. Expect sign-off by April 24.,2026-04-17T00:00:00,outbound,0.32,
2529,420,102,lisa.jones@innov8.co,rep_5@revos.ai,Re: Innov8 Inc — RevOS Enterprise,The team has concerns about integration complexity. We might need to revisit scope.,2026-09-02T00:00:00,inbound,-0.66,Gong
2530,420,102,rep_5@revos.ai,lisa.jones@innov8.co,Re: Innov8 Inc — RevOS Enterprise,Our CTO left the company last week. New leadership wants to re-evaluate all vendor decisions.,2026-06-20T00:00:00,outbound,-0.9,
2531,420,102,lisa.jones@innov8.co,rep_5@revos.ai,Re: Innov8 Inc — RevOS Enterprise,"Hi Rep_5, we need to push the timeline. Budget freeze until next quarter. I'll keep you posted.",2026-06-12T00:00:00,inbound,-0.18,
2532,420,102,rep_5@revos.ai,lisa.jones@innov8.co,Re: Innov8 Inc — RevOS Enterprise,"Hi Rep_5, we need to push the timeline. Budget freeze until next quarter. I'll keep you posted.",2026-09-23T00:00:00,outbound,-0.13,
2533,420,102,rep_5@revos.ai,lisa.jones@innov8.co,Re: Innov8 Inc — RevOS Enterprise,Sorry for the silence — been caught up with internal reorg. Not sure about the timeline anymore.,2026-07-17T00:00:00,outbound,-0.19,
2534,420,102,lisa.jones@innov8.co,rep_5@revos.ai,Re: Innov8 Inc — RevOS Enterprise,"Hi Rep_5, we need to push the timeline. Budget freeze until next quarter. I'll keep you posted.",2026-08-04T00:00:00,inbound,-0.78,
2535,420,102,lisa.jones@innov8.co,rep_5@revos.ai,Re: Innov8 Inc — RevOS Enterprise,We need to put this on hold. There's a hiring freeze and priorities have shifted.,2026-08-27T00:00:00,inbound,-0.81,
2536,420,102,lisa.jones@innov8.co,rep_5@revos.ai,Re: Innov8 Inc — RevOS Enterprise,The team has concerns about integration complexity. We might need to revisit scope.,2026-09-07T00:00:00,inbound,-0.38,
2537,420,102,lisa.jones@innov8.co,rep_5@revos.ai,Re: Innov8 Inc — RevOS Enterprise,We're evaluating Clari as well. Can you share a comparison deck?,2026-09-27T00:00:00,inbound,-0.87,
2538,420,102,lisa.jones@innov8.co,rep_5@revos.ai,Re: Innov8 Inc — RevOS Enterprise,Our CTO left the company last week. New leadership wants to re-evaluate all vendor decisions.,2026-07-20T00:00:00,inbound,-0.13,
2539,421,112,rep_10@revos.ai,jessica.mehta@maplesoft.co,Re: Maplesoft Inc — RevOS Starter,Great demo yesterday! Our VP was impressed with the forecasting module. Let's discuss pricing for the enterprise tier.,2026-05-03T00:00:00,outbound,0.88,
2540,421,112,jessica.mehta@maplesoft.co,rep_10@revos.ai,Re: Maplesoft Inc — RevOS Starter,Can you send over the updated pricing sheet? We need it for our internal review.,2026-09-01T00:00:00,inbound,0.47,
2541,421,112,rep_10@revos.ai,jessica.mehta@maplesoft.co,Re: Maplesoft Inc — RevOS Starter,Quick update — we got budget approval. Let's finalize the SOW this week.,2026-07-12T00:00:00,outbound,0.5,
2542,421,112,rep_10@revos.ai,jessica.mehta@maplesoft.co,Re: Maplesoft Inc — RevOS Starter,Quick update — we got budget approval. Let's finalize the SOW this week.,2026-07-18T00:00:00,outbound,0.47,
2543,422,54,rep_5@revos.ai,ritu.singh@stratosai.co,Re: Stratosai Inc — RevOS Enterprise,Sorry for the silence — been caught up with internal reorg. Not sure about the timeline anymore.,2026-09-16T00:00:00,outbound,-0.11,
2544,422,54,ritu.singh@stratosai.co,rep_5@revos.ai,Re: Stratosai Inc — RevOS Enterprise,Sorry for the silence — been caught up with internal reorg. Not sure about the timeline anymore.,2026-07-01T00:00:00,inbound,-0.93,People.ai
2545,422,54,ritu.singh@stratosai.co,rep_5@revos.ai,Re: Stratosai Inc — RevOS Enterprise,The team has concerns about integration complexity. We might need to revisit scope.,2026-08-10T00:00:00,inbound,-0.28,
2546,423,111,rep_5@revos.ai,daniel.kumar@maplesoft.co,Re: Maplesoft Inc — RevOS Starter,Quick update — we got budget approval. Let's finalize the SOW this week.,2026-09-11T00:00:00,outbound,0.94,
2547,423,111,rep_5@revos.ai,daniel.kumar@maplesoft.co,Re: Maplesoft Inc — RevOS Starter,Quick update — we got budget approval. Let's finalize the SOW this week.,2026-09-23T00:00:00,outbound,0.67,
2548,423,111,rep_5@revos.ai,daniel.kumar@maplesoft.co,Re: Maplesoft Inc — RevOS Starter,We've completed internal review. Legal is looking at the contract now. Expect sign-off by September 12.,2026-09-05T00:00:00,outbound,0.66,
2549,423,111,daniel.kumar@maplesoft.co,rep_5@revos.ai,Re: Maplesoft Inc — RevOS Starter,We've completed internal review. Legal is looking at the contract now. Expect sign-off by September 09.,2026-09-02T00:00:00,inbound,0.3,
2550,424,15,nisha.patel@finlabs.in,rep_3@revos.ai,Re: Finlabs Inc — RevOS Analytics,"Hi Rep_3, we need to push the timeline. Budget freeze until next quarter. I'll keep you posted.",2026-09-29T00:00:00,inbound,-0.38,
2551,424,15,nisha.patel@finlabs.in,rep_3@revos.ai,Re: Finlabs Inc — RevOS Analytics,Sorry for the silence — been caught up with internal reorg. Not sure about the timeline anymore.,2026-09-10T00:00:00,inbound,-0.7,
2552,424,15,nisha.patel@finlabs.in,rep_3@revos.ai,Re: Finlabs Inc — RevOS Analytics,Sorry for the silence — been caught up with internal reorg. Not sure about the timeline anymore.,2026-08-18T00:00:00,inbound,-0.19,
2553,424,15,nisha.patel@finlabs.in,rep_3@revos.ai,Re: Finlabs Inc — RevOS Analytics,The team has concerns about integration complexity. We might need to revisit scope.,2026-08-15T00:00:00,inbound,-0.24,
2554,425,63,sarah.miller@wavefront.co,rep_8@revos.ai,Re: Wavefront Inc — RevOS Enterprise,We've completed internal review. Legal is looking at the contract now. Expect sign-off by September 30.,2026-09-23T00:00:00,inbound,0.07,
2555,425,63,rep_8@revos.ai,sarah.miller@wavefront.co,Re: Wavefront Inc — RevOS Enterprise,The ROI numbers you shared were compelling. I've looped in our CFO for budget approval.,2026-08-28T00:00:00,outbound,-0.18,Salesforce Einstein
2556,425,63,sarah.miller@wavefront.co,rep_8@revos.ai,Re: Wavefront Inc — RevOS Enterprise,"Hi Rep_8, just checking in. Any updates on the custom integration we discussed?",2026-09-08T00:00:00,inbound,0.29,
2557,425,63,sarah.miller@wavefront.co,rep_8@revos.ai,Re: Wavefront Inc — RevOS Enterprise,"Hi Rep_8, thanks for the proposal. The team reviewed it and we're keen to move forward. Can we schedule a call this week to discuss next steps?",2026-09-09T00:00:00,inbound,-0.21,People.ai
2558,425,63,rep_8@revos.ai,sarah.miller@wavefront.co,Re: Wavefront Inc — RevOS Enterprise,Great demo yesterday! Our VP was impressed with the forecasting module. Let's discuss pricing for the enterprise tier.,2026-09-01T00:00:00,outbound,-0.08,
2559,425,63,sarah.miller@wavefront.co,rep_8@revos.ai,Re: Wavefront Inc — RevOS Enterprise,Thanks for the follow-up. We're still in discussion internally. Will get back to you soon.,2026-08-27T00:00:00,inbound,0.43,
2560,426,92,rep_6@revos.ai,nisha.singh@edgeflux.co,Re: Edgeflux Inc — RevOS Analytics,We need to put this on hold. There's a hiring freeze and priorities have shifted.,2026-06-11T00:00:00,outbound,-0.85,
2561,426,92,rep_6@revos.ai,nisha.singh@edgeflux.co,Re: Edgeflux Inc — RevOS Analytics,Sorry for the silence — been caught up with internal reorg. Not sure about the timeline anymore.,2026-07-11T00:00:00,outbound,-0.83,People.ai
2562,426,92,nisha.singh@edgeflux.co,rep_6@revos.ai,Re: Edgeflux Inc — RevOS Analytics,We need to put this on hold. There's a hiring freeze and priorities have shifted.,2026-09-14T00:00:00,inbound,-0.93,
2563,426,92,rep_6@revos.ai,nisha.singh@edgeflux.co,Re: Edgeflux Inc — RevOS Analytics,We're evaluating HubSpot AI as well. Can you share a comparison deck?,2026-06-04T00:00:00,outbound,-0.5,
2564,426,92,nisha.singh@edgeflux.co,rep_6@revos.ai,Re: Edgeflux Inc — RevOS Analytics,Sorry for the silence — been caught up with internal reorg. Not sure about the timeline anymore.,2026-09-08T00:00:00,inbound,-0.93,
2565,426,92,rep_6@revos.ai,nisha.singh@edgeflux.co,Re: Edgeflux Inc — RevOS Analytics,Our CTO left the company last week. New leadership wants to re-evaluate all vendor decisions.,2026-07-11T00:00:00,outbound,-0.7,
2566,426,92,rep_6@revos.ai,nisha.singh@edgeflux.co,Re: Edgeflux Inc — RevOS Analytics,The team has concerns about integration complexity. We might need to revisit scope.,2026-07-02T00:00:00,outbound,-0.36,Salesforce Einstein
2567,426,92,nisha.singh@edgeflux.co,rep_6@revos.ai,Re: Edgeflux Inc — RevOS Analytics,We need to put this on hold. There's a hiring freeze and priorities have shifted.,2026-08-08T00:00:00,inbound,-0.23,
2568,426,92,rep_6@revos.ai,nisha.singh@edgeflux.co,Re: Edgeflux Inc — RevOS Analytics,"Hi Rep_6, we need to push the timeline. Budget freeze until next quarter. I'll keep you posted.",2026-06-25T00:00:00,outbound,-0.16,
2569,427,66,rep_5@revos.ai,arjun.joshi@wavefront.co,Re: Wavefront Inc — RevOS Pro,Our CTO left the company last week. New leadership wants to re-evaluate all vendor decisions.,2026-08-25T00:00:00,outbound,-0.96,
2570,427,66,rep_5@revos.ai,arjun.joshi@wavefront.co,Re: Wavefront Inc — RevOS Pro,Our CTO left the company last week. New leadership wants to re-evaluate all vendor decisions.,2026-09-13T00:00:00,outbound,-0.17,
2571,427,66,arjun.joshi@wavefront.co,rep_5@revos.ai,Re: Wavefront Inc — RevOS Pro,Our CTO left the company last week. New leadership wants to re-evaluate all vendor decisions.,2026-06-27T00:00:00,inbound,-0.2,
2572,427,66,rep_5@revos.ai,arjun.joshi@wavefront.co,Re: Wavefront Inc — RevOS Pro,"Hi Rep_5, we need to push the timeline. Budget freeze until next quarter. I'll keep you posted.",2026-08-23T00:00:00,outbound,-0.7,Salesforce Einstein
2573,427,66,arjun.joshi@wavefront.co,rep_5@revos.ai,Re: Wavefront Inc — RevOS Pro,We're evaluating a competitor as well. Can you share a comparison deck?,2026-04-29T00:00:00,inbound,-0.27,
2574,427,66,rep_5@revos.ai,arjun.joshi@wavefront.co,Re: Wavefront Inc — RevOS Pro,We need to put this on hold. There's a hiring freeze and priorities have shifted.,2026-08-25T00:00:00,outbound,-0.32,Clari
2575,427,66,arjun.joshi@wavefront.co,rep_5@revos.ai,Re: Wavefront Inc — RevOS Pro,Sorry for the silence — been caught up with internal reorg. Not sure about the timeline anymore.,2026-05-19T00:00:00,inbound,-0.15,
2576,427,66,arjun.joshi@wavefront.co,rep_5@revos.ai,Re: Wavefront Inc — RevOS Pro,We need to put this on hold. There's a hiring freeze and priorities have shifted.,2026-06-23T00:00:00,inbound,-0.57,
2577,427,66,rep_5@revos.ai,arjun.joshi@wavefront.co,Re: Wavefront Inc — RevOS Pro,Sorry for the silence — been caught up with internal reorg. Not sure about the timeline anymore.,2026-07-27T00:00:00,outbound,-0.87,
2578,427,66,arjun.joshi@wavefront.co,rep_5@revos.ai,Re: Wavefront Inc — RevOS Pro,We're evaluating a competitor as well. Can you share a comparison deck?,2026-07-14T00:00:00,inbound,-0.87,
2579,428,45,rep_6@revos.ai,kavita.kumar@prismdata.com,Re: Prismdata Inc — RevOS Starter,Our CTO left the company last week. New leadership wants to re-evaluate all vendor decisions.,2026-10-01T00:00:00,outbound,-0.8,Salesforce Einstein
2580,428,45,kavita.kumar@prismdata.com,rep_6@revos.ai,Re: Prismdata Inc — RevOS Starter,We're evaluating Salesforce Einstein as well. Can you share a comparison deck?,2026-08-09T00:00:00,inbound,-0.4,Salesforce Einstein
2581,428,45,rep_6@revos.ai,kavita.kumar@prismdata.com,Re: Prismdata Inc — RevOS Starter,We need to put this on hold. There's a hiring freeze and priorities have shifted.,2026-08-18T00:00:00,outbound,-0.69,
2582,428,45,rep_6@revos.ai,kavita.kumar@prismdata.com,Re: Prismdata Inc — RevOS Starter,We're evaluating Salesforce Einstein as well. Can you share a comparison deck?,2026-09-28T00:00:00,outbound,-0.69,
2583,428,45,kavita.kumar@prismdata.com,rep_6@revos.ai,Re: Prismdata Inc — RevOS Starter,Sorry for the silence — been caught up with internal reorg. Not sure about the timeline anymore.,2026-08-16T00:00:00,inbound,-0.42,
2584,428,45,rep_6@revos.ai,kavita.kumar@prismdata.com,Re: Prismdata Inc — RevOS Starter,We're evaluating People.ai as well. Can you share a comparison deck?,2026-08-07T00:00:00,outbound,-0.69,
2585,428,45,rep_6@revos.ai,kavita.kumar@prismdata.com,Re: Prismdata Inc — RevOS Starter,"Hi Rep_6, we need to push the timeline. Budget freeze until next quarter. I'll keep you posted.",2026-09-10T00:00:00,outbound,-0.15,
2586,428,45,kavita.kumar@prismdata.com,rep_6@revos.ai,Re: Prismdata Inc — RevOS Starter,Our CTO left the company last week. New leadership wants to re-evaluate all vendor decisions.,2026-08-18T00:00:00,inbound,-0.69,
2587,428,45,kavita.kumar@prismdata.com,rep_6@revos.ai,Re: Prismdata Inc — RevOS Starter,We need to put this on hold. There's a hiring freeze and priorities have shifted.,2026-09-01T00:00:00,inbound,-0.85,People.ai
2588,428,45,kavita.kumar@prismdata.com,rep_6@revos.ai,Re: Prismdata Inc — RevOS Starter,The team has concerns about integration complexity. We might need to revisit scope.,2026-09-21T00:00:00,inbound,-0.7,
2589,429,2,rep_5@revos.ai,karthik.shah@acmetech.com,Re: Acmetech Inc — RevOS Enterprise,We need to put this on hold. There's a hiring freeze and priorities have shifted.,2026-09-10T00:00:00,outbound,-0.97,Salesforce Einstein
2590,429,2,rep_5@revos.ai,karthik.shah@acmetech.com,Re: Acmetech Inc — RevOS Enterprise,Our CTO left the company last week. New leadership wants to re-evaluate all vendor decisions.,2026-09-22T00:00:00,outbound,-0.23,HubSpot AI
2591,429,2,rep_5@revos.ai,karthik.shah@acmetech.com,Re: Acmetech Inc — RevOS Enterprise,We need to put this on hold. There's a hiring freeze and priorities have shifted.,2026-09-22T00:00:00,outbound,-0.59,
2592,429,2,rep_5@revos.ai,karthik.shah@acmetech.com,Re: Acmetech Inc — RevOS Enterprise,"Hi Rep_5, we need to push the timeline. Budget freeze until next quarter. I'll keep you posted.",2026-09-17T00:00:00,outbound,-0.73,
2593,429,2,rep_5@revos.ai,karthik.shah@acmetech.com,Re: Acmetech Inc — RevOS Enterprise,We need to put this on hold. There's a hiring freeze and priorities have shifted.,2026-09-28T00:00:00,outbound,-0.61,
2594,429,2,karthik.shah@acmetech.com,rep_5@revos.ai,Re: Acmetech Inc — RevOS Enterprise,We need to put this on hold. There's a hiring freeze and priorities have shifted.,2026-09-10T00:00:00,inbound,-0.84,
2595,429,2,rep_5@revos.ai,karthik.shah@acmetech.com,Re: Acmetech Inc — RevOS Enterprise,Our CTO left the company last week. New leadership wants to re-evaluate all vendor decisions.,2026-09-06T00:00:00,outbound,-0.7,
2596,429,2,karthik.shah@acmetech.com,rep_5@revos.ai,Re: Acmetech Inc — RevOS Enterprise,We need to put this on hold. There's a hiring freeze and priorities have shifted.,2026-09-24T00:00:00,inbound,-0.24,
2597,429,2,rep_5@revos.ai,karthik.shah@acmetech.com,Re: Acmetech Inc — RevOS Enterprise,Our CTO left the company last week. New leadership wants to re-evaluate all vendor decisions.,2026-09-11T00:00:00,outbound,-0.24,
2598,429,2,karthik.shah@acmetech.com,rep_5@revos.ai,Re: Acmetech Inc — RevOS Enterprise,The team has concerns about integration complexity. We might need to revisit scope.,2026-09-13T00:00:00,inbound,-0.97,
2599,430,111,rep_10@revos.ai,daniel.kumar@maplesoft.co,Re: Maplesoft Inc — RevOS Pro,Great demo yesterday! Our VP was impressed with the forecasting module. Let's discuss pricing for the enterprise tier.,2026-09-11T00:00:00,outbound,0.96,Gong
2600,430,111,daniel.kumar@maplesoft.co,rep_10@revos.ai,Re: Maplesoft Inc — RevOS Pro,Quick update — we got budget approval. Let's finalize the SOW this week.,2026-06-13T00:00:00,inbound,0.65,
2601,430,111,daniel.kumar@maplesoft.co,rep_10@revos.ai,Re: Maplesoft Inc — RevOS Pro,We've completed internal review. Legal is looking at the contract now. Expect sign-off by July 24.,2026-07-17T00:00:00,inbound,0.6,
2602,430,111,daniel.kumar@maplesoft.co,rep_10@revos.ai,Re: Maplesoft Inc — RevOS Pro,"Hi Rep_10, thanks for the proposal. The team reviewed it and we're keen to move forward. Can we schedule a call this week to discuss next steps?",2026-07-03T00:00:00,inbound,0.96,
2603,430,111,daniel.kumar@maplesoft.co,rep_10@revos.ai,Re: Maplesoft Inc — RevOS Pro,Great demo yesterday! Our VP was impressed with the forecasting module. Let's discuss pricing for the enterprise tier.,2026-06-06T00:00:00,inbound,0.53,
2604,430,111,rep_10@revos.ai,daniel.kumar@maplesoft.co,Re: Maplesoft Inc — RevOS Pro,The ROI numbers you shared were compelling. I've looped in our CFO for budget approval.,2026-05-15T00:00:00,outbound,0.35,
2605,430,111,rep_10@revos.ai,daniel.kumar@maplesoft.co,Re: Maplesoft Inc — RevOS Pro,Quick update — we got budget approval. Let's finalize the SOW this week.,2026-07-18T00:00:00,outbound,0.56,
2606,430,111,rep_10@revos.ai,daniel.kumar@maplesoft.co,Re: Maplesoft Inc — RevOS Pro,The team has concerns about integration complexity. We might need to revisit scope.,2026-09-07T00:00:00,outbound,-0.49,
2607,430,111,rep_10@revos.ai,daniel.kumar@maplesoft.co,Re: Maplesoft Inc — RevOS Pro,The team has concerns about integration complexity. We might need to revisit scope.,2026-07-15T00:00:00,outbound,-0.19,Clari
2608,430,111,rep_10@revos.ai,daniel.kumar@maplesoft.co,Re: Maplesoft Inc — RevOS Pro,"Hi Rep_10, thanks for the proposal. The team reviewed it and we're keen to move forward. Can we schedule a call this week to discuss next steps?",2026-09-20T00:00:00,outbound,0.61,
2609,431,120,rep_8@revos.ai,ashley.kumar@pulsenet.io,Re: Pulsenet Inc — RevOS Enterprise,Quick update — we got budget approval. Let's finalize the SOW this week.,2026-10-01T00:00:00,outbound,0.46,
2610,431,120,rep_8@revos.ai,ashley.kumar@pulsenet.io,Re: Pulsenet Inc — RevOS Enterprise,We've completed internal review. Legal is looking at the contract now. Expect sign-off by August 23.,2026-08-16T00:00:00,outbound,0.4,
2611,431,120,ashley.kumar@pulsenet.io,rep_8@revos.ai,Re: Pulsenet Inc — RevOS Enterprise,The ROI numbers you shared were compelling. I've looped in our CFO for budget approval.,2026-09-04T00:00:00,inbound,0.76,Clari
2612,431,120,ashley.kumar@pulsenet.io,rep_8@revos.ai,Re: Pulsenet Inc — RevOS Enterprise,We've completed internal review. Legal is looking at the contract now. Expect sign-off by August 17.,2026-08-10T00:00:00,inbound,0.88,
2613,431,120,rep_8@revos.ai,ashley.kumar@pulsenet.io,Re: Pulsenet Inc — RevOS Enterprise,Great demo yesterday! Our VP was impressed with the forecasting module. Let's discuss pricing for the enterprise tier.,2026-08-24T00:00:00,outbound,0.34,People.ai
2614,431,120,ashley.kumar@pulsenet.io,rep_8@revos.ai,Re: Pulsenet Inc — RevOS Enterprise,The ROI numbers you shared were compelling. I've looped in our CFO for budget approval.,2026-09-25T00:00:00,inbound,0.84,
2615,431,120,ashley.kumar@pulsenet.io,rep_8@revos.ai,Re: Pulsenet Inc — RevOS Enterprise,Quick update — we got budget approval. Let's finalize the SOW this week.,2026-09-04T00:00:00,inbound,0.81,
2616,432,83,amanda.brown@brightspark.com,rep_5@revos.ai,Re: Brightspark Inc — RevOS Pro,Great demo yesterday! Our VP was impressed with the forecasting module. Let's discuss pricing for the enterprise tier.,2026-09-05T00:00:00,inbound,0.42,
2617,432,83,amanda.brown@brightspark.com,rep_5@revos.ai,Re: Brightspark Inc — RevOS Pro,Great demo yesterday! Our VP was impressed with the forecasting module. Let's discuss pricing for the enterprise tier.,2026-09-06T00:00:00,inbound,-0.29,
2618,432,83,amanda.brown@brightspark.com,rep_5@revos.ai,Re: Brightspark Inc — RevOS Pro,The ROI numbers you shared were compelling. I've looped in our CFO for budget approval.,2026-09-26T00:00:00,inbound,0.46,
2619,432,83,amanda.brown@brightspark.com,rep_5@revos.ai,Re: Brightspark Inc — RevOS Pro,Great demo yesterday! Our VP was impressed with the forecasting module. Let's discuss pricing for the enterprise tier.,2026-09-29T00:00:00,inbound,0.86,HubSpot AI
2620,432,83,amanda.brown@brightspark.com,rep_5@revos.ai,Re: Brightspark Inc — RevOS Pro,Thanks for the follow-up. We're still in discussion internally. Will get back to you soon.,2026-09-21T00:00:00,inbound,0.02,
2621,432,83,amanda.brown@brightspark.com,rep_5@revos.ai,Re: Brightspark Inc — RevOS Pro,The ROI numbers you shared were compelling. I've looped in our CFO for budget approval.,2026-09-22T00:00:00,inbound,0.73,
2622,433,93,jessica.shah@fusionware.com,rep_4@revos.ai,Re: Fusionware Inc — RevOS Analytics,We're evaluating a competitor as well. Can you share a comparison deck?,2026-08-13T00:00:00,inbound,-0.19,
2623,433,93,rep_4@revos.ai,jessica.shah@fusionware.com,Re: Fusionware Inc — RevOS Analytics,"Hi Rep_4, we need to push the timeline. Budget freeze until next quarter. I'll keep you posted.",2026-08-28T00:00:00,outbound,-0.92,
2624,433,93,jessica.shah@fusionware.com,rep_4@revos.ai,Re: Fusionware Inc — RevOS Analytics,The team has concerns about integration complexity. We might need to revisit scope.,2026-08-13T00:00:00,inbound,-0.33,
2625,433,93,rep_4@revos.ai,jessica.shah@fusionware.com,Re: Fusionware Inc — RevOS Analytics,We need to put this on hold. There's a hiring freeze and priorities have shifted.,2026-08-22T00:00:00,outbound,-0.67,HubSpot AI
2626,433,93,rep_4@revos.ai,jessica.shah@fusionware.com,Re: Fusionware Inc — RevOS Analytics,We're evaluating a competitor as well. Can you share a comparison deck?,2026-08-21T00:00:00,outbound,-0.2,
2627,433,93,rep_4@revos.ai,jessica.shah@fusionware.com,Re: Fusionware Inc — RevOS Analytics,We're evaluating Clari as well. Can you share a comparison deck?,2026-09-04T00:00:00,outbound,-0.56,Clari
2628,434,18,sneha.williams@growthloop.io,rep_1@revos.ai,Re: Growthloop Inc — RevOS Starter,"Hi Rep_1, we need to push the timeline. Budget freeze until next quarter. I'll keep you posted.",2026-05-28T00:00:00,inbound,-0.3,
2629,434,18,sneha.williams@growthloop.io,rep_1@revos.ai,Re: Growthloop Inc — RevOS Starter,"Hi Rep_1, we need to push the timeline. Budget freeze until next quarter. I'll keep you posted.",2026-06-20T00:00:00,inbound,-0.92,
2630,434,18,sneha.williams@growthloop.io,rep_1@revos.ai,Re: Growthloop Inc — RevOS Starter,Our CTO left the company last week. New leadership wants to re-evaluate all vendor decisions.,2026-07-16T00:00:00,inbound,-0.53,
2631,434,18,sneha.williams@growthloop.io,rep_1@revos.ai,Re: Growthloop Inc — RevOS Starter,Sorry for the silence — been caught up with internal reorg. Not sure about the timeline anymore.,2026-09-18T00:00:00,inbound,-0.39,
2632,435,74,swati.verma@zenithops.io,rep_9@revos.ai,Re: Zenithops Inc — RevOS Pro,Our CTO left the company last week. New leadership wants to re-evaluate all vendor decisions.,2026-06-29T00:00:00,inbound,-0.9,
2633,435,74,swati.verma@zenithops.io,rep_9@revos.ai,Re: Zenithops Inc — RevOS Pro,We need to put this on hold. There's a hiring freeze and priorities have shifted.,2026-05-29T00:00:00,inbound,-0.8,
2634,435,74,swati.verma@zenithops.io,rep_9@revos.ai,Re: Zenithops Inc — RevOS Pro,We're evaluating Salesforce Einstein as well. Can you share a comparison deck?,2026-07-11T00:00:00,inbound,-0.79,
2635,435,74,rep_9@revos.ai,swati.verma@zenithops.io,Re: Zenithops Inc — RevOS Pro,The team has concerns about integration complexity. We might need to revisit scope.,2026-08-30T00:00:00,outbound,-0.12,
2636,435,74,rep_9@revos.ai,swati.verma@zenithops.io,Re: Zenithops Inc — RevOS Pro,"Hi Rep_9, we need to push the timeline. Budget freeze until next quarter. I'll keep you posted.",2026-06-06T00:00:00,outbound,-0.23,Clari
2637,435,74,swati.verma@zenithops.io,rep_9@revos.ai,Re: Zenithops Inc — RevOS Pro,Sorry for the silence — been caught up with internal reorg. Not sure about the timeline anymore.,2026-06-12T00:00:00,inbound,-0.74,
2638,435,74,swati.verma@zenithops.io,rep_9@revos.ai,Re: Zenithops Inc — RevOS Pro,We need to put this on hold. There's a hiring freeze and priorities have shifted.,2026-05-27T00:00:00,inbound,-0.81,Gong
2639,436,128,rep_2@revos.ai,manish.rao@signalops.in,Re: Signalops Inc — RevOS Pro,The team has concerns about integration complexity. We might need to revisit scope.,2026-07-16T00:00:00,outbound,-0.61,
2640,436,128,rep_2@revos.ai,manish.rao@signalops.in,Re: Signalops Inc — RevOS Pro,Sorry for the silence — been caught up with internal reorg. Not sure about the timeline anymore.,2026-05-27T00:00:00,outbound,-0.31,
2641,436,128,rep_2@revos.ai,manish.rao@signalops.in,Re: Signalops Inc — RevOS Pro,We need to put this on hold. There's a hiring freeze and priorities have shifted.,2026-09-11T00:00:00,outbound,-0.86,
2642,436,128,manish.rao@signalops.in,rep_2@revos.ai,Re: Signalops Inc — RevOS Pro,"Hi Rep_2, we need to push the timeline. Budget freeze until next quarter. I'll keep you posted.",2026-09-02T00:00:00,inbound,-0.26,
2643,436,128,manish.rao@signalops.in,rep_2@revos.ai,Re: Signalops Inc — RevOS Pro,"Hi Rep_2, we need to push the timeline. Budget freeze until next quarter. I'll keep you posted.",2026-06-30T00:00:00,inbound,-0.25,
2644,437,60,aditya.mehta@vantagepoint.io,rep_7@revos.ai,Re: Vantagepoint Inc — RevOS Pro,"Hi Rep_7, thanks for the proposal. The team reviewed it and we're keen to move forward. Can we schedule a call this week to discuss next steps?",2026-07-19T00:00:00,inbound,0.52,
2645,437,60,aditya.mehta@vantagepoint.io,rep_7@revos.ai,Re: Vantagepoint Inc — RevOS Pro,Quick update — we got budget approval. Let's finalize the SOW this week.,2026-09-04T00:00:00,inbound,0.73,
2646,437,60,aditya.mehta@vantagepoint.io,rep_7@revos.ai,Re: Vantagepoint Inc — RevOS Pro,The ROI numbers you shared were compelling. I've looped in our CFO for budget approval.,2026-08-05T00:00:00,inbound,0.91,Salesforce Einstein
2647,437,60,rep_7@revos.ai,aditya.mehta@vantagepoint.io,Re: Vantagepoint Inc — RevOS Pro,Quick update — we got budget approval. Let's finalize the SOW this week.,2026-08-23T00:00:00,outbound,0.9,
2648,437,60,aditya.mehta@vantagepoint.io,rep_7@revos.ai,Re: Vantagepoint Inc — RevOS Pro,Great demo yesterday! Our VP was impressed with the forecasting module. Let's discuss pricing for the enterprise tier.,2026-08-29T00:00:00,inbound,0.99,
2649,437,60,aditya.mehta@vantagepoint.io,rep_7@revos.ai,Re: Vantagepoint Inc — RevOS Pro,The ROI numbers you shared were compelling. I've looped in our CFO for budget approval.,2026-08-10T00:00:00,inbound,0.34,
2650,437,60,aditya.mehta@vantagepoint.io,rep_7@revos.ai,Re: Vantagepoint Inc — RevOS Pro,We've completed internal review. Legal is looking at the contract now. Expect sign-off by September 18.,2026-09-11T00:00:00,inbound,0.67,
2651,437,60,aditya.mehta@vantagepoint.io,rep_7@revos.ai,Re: Vantagepoint Inc — RevOS Pro,The ROI numbers you shared were compelling. I've looped in our CFO for budget approval.,2026-07-11T00:00:00,inbound,0.91,HubSpot AI
2652,437,60,aditya.mehta@vantagepoint.io,rep_7@revos.ai,Re: Vantagepoint Inc — RevOS Pro,The ROI numbers you shared were compelling. I've looped in our CFO for budget approval.,2026-10-01T00:00:00,inbound,0.44,HubSpot AI
2653,437,60,aditya.mehta@vantagepoint.io,rep_7@revos.ai,Re: Vantagepoint Inc — RevOS Pro,The ROI numbers you shared were compelling. I've looped in our CFO for budget approval.,2026-08-17T00:00:00,inbound,0.54,
2654,438,117,rep_4@revos.ai,meera.jones@orchidtech.in,Re: Orchidtech Inc — RevOS Pro,Our CTO left the company last week. New leadership wants to re-evaluate all vendor decisions.,2026-09-10T00:00:00,outbound,-0.38,
2655,438,117,meera.jones@orchidtech.in,rep_4@revos.ai,Re: Orchidtech Inc — RevOS Pro,We need to put this on hold. There's a hiring freeze and priorities have shifted.,2026-09-18T00:00:00,inbound,-0.85,
2656,438,117,meera.jones@orchidtech.in,rep_4@revos.ai,Re: Orchidtech Inc — RevOS Pro,Sorry for the silence — been caught up with internal reorg. Not sure about the timeline anymore.,2026-09-20T00:00:00,inbound,-0.83,
2657,438,117,rep_4@revos.ai,meera.jones@orchidtech.in,Re: Orchidtech Inc — RevOS Pro,We need to put this on hold. There's a hiring freeze and priorities have shifted.,2026-09-29T00:00:00,outbound,-0.87,
2658,438,117,rep_4@revos.ai,meera.jones@orchidtech.in,Re: Orchidtech Inc — RevOS Pro,The team has concerns about integration complexity. We might need to revisit scope.,2026-10-01T00:00:00,outbound,-0.68,
2659,438,117,meera.jones@orchidtech.in,rep_4@revos.ai,Re: Orchidtech Inc — RevOS Pro,Our CTO left the company last week. New leadership wants to re-evaluate all vendor decisions.,2026-09-28T00:00:00,inbound,-0.31,
2660,438,117,rep_4@revos.ai,meera.jones@orchidtech.in,Re: Orchidtech Inc — RevOS Pro,We're evaluating Clari as well. Can you share a comparison deck?,2026-10-01T00:00:00,outbound,-0.17,
2661,438,117,meera.jones@orchidtech.in,rep_4@revos.ai,Re: Orchidtech Inc — RevOS Pro,Sorry for the silence — been caught up with internal reorg. Not sure about the timeline anymore.,2026-09-06T00:00:00,inbound,-0.51,
2662,438,117,rep_4@revos.ai,meera.jones@orchidtech.in,Re: Orchidtech Inc — RevOS Pro,Sorry for the silence — been caught up with internal reorg. Not sure about the timeline anymore.,2026-09-18T00:00:00,outbound,-0.21,
2663,439,103,priya.singh@innov8.co,rep_7@revos.ai,Re: Innov8 Inc — RevOS Pro,We've completed internal review. Legal is looking at the contract now. Expect sign-off by June 24.,2026-06-17T00:00:00,inbound,0.79,
2664,439,103,rep_7@revos.ai,priya.singh@innov8.co,Re: Innov8 Inc — RevOS Pro,The ROI numbers you shared were compelling. I've looped in our CFO for budget approval.,2026-07-25T00:00:00,outbound,0.93,HubSpot AI
2665,439,103,rep_7@revos.ai,priya.singh@innov8.co,Re: Innov8 Inc — RevOS Pro,The ROI numbers you shared were compelling. I've looped in our CFO for budget approval.,2026-07-24T00:00:00,outbound,0.46,
2666,439,103,priya.singh@innov8.co,rep_7@revos.ai,Re: Innov8 Inc — RevOS Pro,Great demo yesterday! Our VP was impressed with the forecasting module. Let's discuss pricing for the enterprise tier.,2026-09-05T00:00:00,inbound,0.37,
2667,439,103,priya.singh@innov8.co,rep_7@revos.ai,Re: Innov8 Inc — RevOS Pro,The ROI numbers you shared were compelling. I've looped in our CFO for budget approval.,2026-09-20T00:00:00,inbound,0.33,HubSpot AI
2668,440,124,ritu.rao@qubitlabs.co,rep_1@revos.ai,Re: Qubitlabs Inc — RevOS Pro,We've completed internal review. Legal is looking at the contract now. Expect sign-off by July 31.,2026-07-24T00:00:00,inbound,0.48,HubSpot AI
2669,440,124,ritu.rao@qubitlabs.co,rep_1@revos.ai,Re: Qubitlabs Inc — RevOS Pro,We've completed internal review. Legal is looking at the contract now. Expect sign-off by September 04.,2026-08-28T00:00:00,inbound,0.8,
2670,440,124,ritu.rao@qubitlabs.co,rep_1@revos.ai,Re: Qubitlabs Inc — RevOS Pro,"Hi Rep_1, thanks for the proposal. The team reviewed it and we're keen to move forward. Can we schedule a call this week to discuss next steps?",2026-05-25T00:00:00,inbound,0.37,
2671,440,124,ritu.rao@qubitlabs.co,rep_1@revos.ai,Re: Qubitlabs Inc — RevOS Pro,Quick update — we got budget approval. Let's finalize the SOW this week.,2026-05-15T00:00:00,inbound,0.73,
2672,440,124,rep_1@revos.ai,ritu.rao@qubitlabs.co,Re: Qubitlabs Inc — RevOS Pro,We've completed internal review. Legal is looking at the contract now. Expect sign-off by May 20.,2026-05-13T00:00:00,outbound,0.57,
2673,440,124,ritu.rao@qubitlabs.co,rep_1@revos.ai,Re: Qubitlabs Inc — RevOS Pro,Great demo yesterday! Our VP was impressed with the forecasting module. Let's discuss pricing for the enterprise tier.,2026-07-13T00:00:00,inbound,0.57,
2674,440,124,ritu.rao@qubitlabs.co,rep_1@revos.ai,Re: Qubitlabs Inc — RevOS Pro,We've completed internal review. Legal is looking at the contract now. Expect sign-off by July 19.,2026-07-12T00:00:00,inbound,0.86,Salesforce Einstein
2675,440,124,rep_1@revos.ai,ritu.rao@qubitlabs.co,Re: Qubitlabs Inc — RevOS Pro,Our CTO left the company last week. New leadership wants to re-evaluate all vendor decisions.,2026-07-16T00:00:00,outbound,-0.68,
2676,440,124,ritu.rao@qubitlabs.co,rep_1@revos.ai,Re: Qubitlabs Inc — RevOS Pro,"Hi Rep_1, thanks for the proposal. The team reviewed it and we're keen to move forward. Can we schedule a call this week to discuss next steps?",2026-08-24T00:00:00,inbound,0.9,Clari
2677,440,124,ritu.rao@qubitlabs.co,rep_1@revos.ai,Re: Qubitlabs Inc — RevOS Pro,Great demo yesterday! Our VP was impressed with the forecasting module. Let's discuss pricing for the enterprise tier.,2026-08-21T00:00:00,inbound,0.97,
2678,441,91,rep_2@revos.ai,siddharth.nair@edgeflux.co,Re: Edgeflux Inc — RevOS Enterprise,Can you send over the updated pricing sheet? We need it for our internal review.,2026-09-06T00:00:00,outbound,0.29,
2679,441,91,siddharth.nair@edgeflux.co,rep_2@revos.ai,Re: Edgeflux Inc — RevOS Enterprise,"Hi Rep_2, thanks for the proposal. The team reviewed it and we're keen to move forward. Can we schedule a call this week to discuss next steps?",2026-07-31T00:00:00,inbound,0.18,
2680,441,91,rep_2@revos.ai,siddharth.nair@edgeflux.co,Re: Edgeflux Inc — RevOS Enterprise,"Hi Rep_2, just checking in. Any updates on the custom integration we discussed?",2026-04-23T00:00:00,outbound,0.58,
2681,441,91,siddharth.nair@edgeflux.co,rep_2@revos.ai,Re: Edgeflux Inc — RevOS Enterprise,Quick update — we got budget approval. Let's finalize the SOW this week.,2026-09-05T00:00:00,inbound,0.7,
2682,441,91,siddharth.nair@edgeflux.co,rep_2@revos.ai,Re: Edgeflux Inc — RevOS Enterprise,Great demo yesterday! Our VP was impressed with the forecasting module. Let's discuss pricing for the enterprise tier.,2026-07-10T00:00:00,inbound,0.59,
2683,441,91,siddharth.nair@edgeflux.co,rep_2@revos.ai,Re: Edgeflux Inc — RevOS Enterprise,Quick update — we got budget approval. Let's finalize the SOW this week.,2026-06-14T00:00:00,inbound,0.74,
2684,441,91,rep_2@revos.ai,siddharth.nair@edgeflux.co,Re: Edgeflux Inc — RevOS Enterprise,The ROI numbers you shared were compelling. I've looped in our CFO for budget approval.,2026-05-27T00:00:00,outbound,0.42,
2685,441,91,rep_2@revos.ai,siddharth.nair@edgeflux.co,Re: Edgeflux Inc — RevOS Enterprise,We've completed internal review. Legal is looking at the contract now. Expect sign-off by September 09.,2026-09-02T00:00:00,outbound,0.49,
2686,442,18,sneha.williams@growthloop.io,rep_7@revos.ai,Re: Growthloop Inc — RevOS Enterprise,Great demo yesterday! Our VP was impressed with the forecasting module. Let's discuss pricing for the enterprise tier.,2026-07-05T00:00:00,inbound,-0.04,
2687,442,18,rep_7@revos.ai,sneha.williams@growthloop.io,Re: Growthloop Inc — RevOS Enterprise,"Hi Rep_7, thanks for the proposal. The team reviewed it and we're keen to move forward. Can we schedule a call this week to discuss next steps?",2026-08-05T00:00:00,outbound,0.99,
2688,442,18,rep_7@revos.ai,sneha.williams@growthloop.io,Re: Growthloop Inc — RevOS Enterprise,We've completed internal review. Legal is looking at the contract now. Expect sign-off by August 24.,2026-08-17T00:00:00,outbound,0.42,Salesforce Einstein
2689,443,108,rep_3@revos.ai,sneha.das@keystone.in,Re: Keystone Inc — RevOS Enterprise,Can you send over the updated pricing sheet? We need it for our internal review.,2026-08-13T00:00:00,outbound,0.28,
2690,443,108,sneha.das@keystone.in,rep_3@revos.ai,Re: Keystone Inc — RevOS Enterprise,Great demo yesterday! Our VP was impressed with the forecasting module. Let's discuss pricing for the enterprise tier.,2026-09-25T00:00:00,inbound,0.11,
2691,444,104,jessica.reddy@junctionai.com,rep_7@revos.ai,Re: Junctionai Inc — RevOS API,We've completed internal review. Legal is looking at the contract now. Expect sign-off by July 24.,2026-07-17T00:00:00,inbound,0.31,
2692,444,104,jessica.reddy@junctionai.com,rep_7@revos.ai,Re: Junctionai Inc — RevOS API,The ROI numbers you shared were compelling. I've looped in our CFO for budget approval.,2026-06-20T00:00:00,inbound,-0.05,
2693,444,104,rep_7@revos.ai,jessica.reddy@junctionai.com,Re: Junctionai Inc — RevOS API,Can you send over the updated pricing sheet? We need it for our internal review.,2026-09-29T00:00:00,outbound,0.32,
2694,444,104,jessica.reddy@junctionai.com,rep_7@revos.ai,Re: Junctionai Inc — RevOS API,Quick update — we got budget approval. Let's finalize the SOW this week.,2026-05-08T00:00:00,inbound,-0.29,
2695,444,104,jessica.reddy@junctionai.com,rep_7@revos.ai,Re: Junctionai Inc — RevOS API,Great demo yesterday! Our VP was impressed with the forecasting module. Let's discuss pricing for the enterprise tier.,2026-05-23T00:00:00,inbound,0.27,
2696,444,104,rep_7@revos.ai,jessica.reddy@junctionai.com,Re: Junctionai Inc — RevOS API,Can you send over the updated pricing sheet? We need it for our internal review.,2026-07-22T00:00:00,outbound,0.36,Salesforce Einstein
2697,445,14,rep_3@revos.ai,ashley.gupta@finlabs.in,Re: Finlabs Inc — RevOS Analytics,We need to put this on hold. There's a hiring freeze and priorities have shifted.,2026-09-19T00:00:00,outbound,-0.17,Clari
2698,445,14,rep_3@revos.ai,ashley.gupta@finlabs.in,Re: Finlabs Inc — RevOS Analytics,The team has concerns about integration complexity. We might need to revisit scope.,2026-09-15T00:00:00,outbound,-0.3,
2699,445,14,ashley.gupta@finlabs.in,rep_3@revos.ai,Re: Finlabs Inc — RevOS Analytics,We're evaluating Salesforce Einstein as well. Can you share a comparison deck?,2026-09-12T00:00:00,inbound,-0.39,
2700,445,14,rep_3@revos.ai,ashley.gupta@finlabs.in,Re: Finlabs Inc — RevOS Analytics,Sorry for the silence — been caught up with internal reorg. Not sure about the timeline anymore.,2026-09-22T00:00:00,outbound,-0.48,
2701,445,14,ashley.gupta@finlabs.in,rep_3@revos.ai,Re: Finlabs Inc — RevOS Analytics,We're evaluating Clari as well. Can you share a comparison deck?,2026-09-07T00:00:00,inbound,-0.63,
2702,445,14,rep_3@revos.ai,ashley.gupta@finlabs.in,Re: Finlabs Inc — RevOS Analytics,Sorry for the silence — been caught up with internal reorg. Not sure about the timeline anymore.,2026-09-17T00:00:00,outbound,-0.91,
2703,446,101,jessica.gupta@hexacore.io,rep_10@revos.ai,Re: Hexacore Inc — RevOS Analytics,Can you send over the updated pricing sheet? We need it for our internal review.,2026-08-30T00:00:00,inbound,0.45,
2704,446,101,jessica.gupta@hexacore.io,rep_10@revos.ai,Re: Hexacore Inc — RevOS Analytics,Great demo yesterday! Our VP was impressed with the forecasting module. Let's discuss pricing for the enterprise tier.,2026-09-07T00:00:00,inbound,-0.23,
2705,446,101,jessica.gupta@hexacore.io,rep_10@revos.ai,Re: Hexacore Inc — RevOS Analytics,Can you send over the updated pricing sheet? We need it for our internal review.,2026-09-24T00:00:00,inbound,-0.2,
2706,447,1,rep_9@revos.ai,daniel.shah@acmetech.com,Re: Acmetech Inc — RevOS API,The team has concerns about integration complexity. We might need to revisit scope.,2026-07-25T00:00:00,outbound,-0.66,
2707,447,1,daniel.shah@acmetech.com,rep_9@revos.ai,Re: Acmetech Inc — RevOS API,Our CTO left the company last week. New leadership wants to re-evaluate all vendor decisions.,2026-06-05T00:00:00,inbound,-0.59,
2708,447,1,rep_9@revos.ai,daniel.shah@acmetech.com,Re: Acmetech Inc — RevOS API,We're evaluating Salesforce Einstein as well. Can you share a comparison deck?,2026-06-23T00:00:00,outbound,-0.14,
2709,448,122,rep_8@revos.ai,amanda.davis@qubitlabs.co,Re: Qubitlabs Inc — RevOS Analytics,Thanks for the follow-up. We're still in discussion internally. Will get back to you soon.,2026-10-01T00:00:00,outbound,-0.08,
2710,448,122,rep_8@revos.ai,amanda.davis@qubitlabs.co,Re: Qubitlabs Inc — RevOS Analytics,Quick update — we got budget approval. Let's finalize the SOW this week.,2026-09-19T00:00:00,outbound,0.11,People.ai
2711,448,122,amanda.davis@qubitlabs.co,rep_8@revos.ai,Re: Qubitlabs Inc — RevOS Analytics,Thanks for the follow-up. We're still in discussion internally. Will get back to you soon.,2026-09-08T00:00:00,inbound,0.01,
2712,448,122,rep_8@revos.ai,amanda.davis@qubitlabs.co,Re: Qubitlabs Inc — RevOS Analytics,Thanks for the follow-up. We're still in discussion internally. Will get back to you soon.,2026-08-15T00:00:00,outbound,-0.22,
2713,448,122,amanda.davis@qubitlabs.co,rep_8@revos.ai,Re: Qubitlabs Inc — RevOS Analytics,Thanks for the follow-up. We're still in discussion internally. Will get back to you soon.,2026-09-22T00:00:00,inbound,0.38,
2714,448,122,amanda.davis@qubitlabs.co,rep_8@revos.ai,Re: Qubitlabs Inc — RevOS Analytics,The ROI numbers you shared were compelling. I've looped in our CFO for budget approval.,2026-09-09T00:00:00,inbound,0.3,
2715,448,122,amanda.davis@qubitlabs.co,rep_8@revos.ai,Re: Qubitlabs Inc — RevOS Analytics,The ROI numbers you shared were compelling. I've looped in our CFO for budget approval.,2026-08-05T00:00:00,inbound,0.02,
2716,448,122,amanda.davis@qubitlabs.co,rep_8@revos.ai,Re: Qubitlabs Inc — RevOS Analytics,We've completed internal review. Legal is looking at the contract now. Expect sign-off by August 24.,2026-08-17T00:00:00,inbound,0.11,
2717,448,122,amanda.davis@qubitlabs.co,rep_8@revos.ai,Re: Qubitlabs Inc — RevOS Analytics,"Hi Rep_8, just checking in. Any updates on the custom integration we discussed?",2026-08-29T00:00:00,inbound,0.45,Clari
2718,448,122,rep_8@revos.ai,amanda.davis@qubitlabs.co,Re: Qubitlabs Inc — RevOS Analytics,"Hi Rep_8, just checking in. Any updates on the custom integration we discussed?",2026-09-20T00:00:00,outbound,0.1,
2719,449,6,william.gupta@clearstack.io,rep_1@revos.ai,Re: Clearstack Inc — RevOS Analytics,We need to put this on hold. There's a hiring freeze and priorities have shifted.,2026-09-16T00:00:00,inbound,-0.54,
2720,449,6,william.gupta@clearstack.io,rep_1@revos.ai,Re: Clearstack Inc — RevOS Analytics,"Hi Rep_1, we need to push the timeline. Budget freeze until next quarter. I'll keep you posted.",2026-09-05T00:00:00,inbound,-0.55,
2721,449,6,william.gupta@clearstack.io,rep_1@revos.ai,Re: Clearstack Inc — RevOS Analytics,Our CTO left the company last week. New leadership wants to re-evaluate all vendor decisions.,2026-07-16T00:00:00,inbound,-0.76,People.ai
2722,449,6,rep_1@revos.ai,william.gupta@clearstack.io,Re: Clearstack Inc — RevOS Analytics,The team has concerns about integration complexity. We might need to revisit scope.,2026-09-05T00:00:00,outbound,-0.51,
2723,449,6,william.gupta@clearstack.io,rep_1@revos.ai,Re: Clearstack Inc — RevOS Analytics,Sorry for the silence — been caught up with internal reorg. Not sure about the timeline anymore.,2026-09-02T00:00:00,inbound,-0.69,
2724,449,6,rep_1@revos.ai,william.gupta@clearstack.io,Re: Clearstack Inc — RevOS Analytics,Sorry for the silence — been caught up with internal reorg. Not sure about the timeline anymore.,2026-08-17T00:00:00,outbound,-0.72,People.ai
2725,449,6,rep_1@revos.ai,william.gupta@clearstack.io,Re: Clearstack Inc — RevOS Analytics,We need to put this on hold. There's a hiring freeze and priorities have shifted.,2026-09-10T00:00:00,outbound,-0.75,
2726,449,6,william.gupta@clearstack.io,rep_1@revos.ai,Re: Clearstack Inc — RevOS Analytics,"Hi Rep_1, we need to push the timeline. Budget freeze until next quarter. I'll keep you posted.",2026-09-15T00:00:00,inbound,-0.6,
2727,449,6,rep_1@revos.ai,william.gupta@clearstack.io,Re: Clearstack Inc — RevOS Analytics,The team has concerns about integration complexity. We might need to revisit scope.,2026-09-13T00:00:00,outbound,-1.0,
2728,450,4,rep_4@revos.ai,karthik.patel@betaworks.in,Re: Betaworks Inc — RevOS Analytics,We're evaluating People.ai as well. Can you share a comparison deck?,2026-09-10T00:00:00,outbound,-0.32,People.ai
2729,450,4,karthik.patel@betaworks.in,rep_4@revos.ai,Re: Betaworks Inc — RevOS Analytics,Our CTO left the company last week. New leadership wants to re-evaluate all vendor decisions.,2026-09-17T00:00:00,inbound,-0.11,Salesforce Einstein
2730,451,58,rep_10@revos.ai,jennifer.das@ultradev.in,Re: Ultradev Inc — RevOS Analytics,The team has concerns about integration complexity. We might need to revisit scope.,2026-06-25T00:00:00,outbound,-0.69,
2731,451,58,rep_10@revos.ai,jennifer.das@ultradev.in,Re: Ultradev Inc — RevOS Analytics,We're evaluating Gong as well. Can you share a comparison deck?,2026-07-26T00:00:00,outbound,-0.99,
2732,451,58,jennifer.das@ultradev.in,rep_10@revos.ai,Re: Ultradev Inc — RevOS Analytics,The team has concerns about integration complexity. We might need to revisit scope.,2026-09-14T00:00:00,inbound,-0.3,Salesforce Einstein
2733,451,58,jennifer.das@ultradev.in,rep_10@revos.ai,Re: Ultradev Inc — RevOS Analytics,"Hi Rep_10, we need to push the timeline. Budget freeze until next quarter. I'll keep you posted.",2026-07-27T00:00:00,inbound,-0.61,
2734,451,58,jennifer.das@ultradev.in,rep_10@revos.ai,Re: Ultradev Inc — RevOS Analytics,Sorry for the silence — been caught up with internal reorg. Not sure about the timeline anymore.,2026-08-30T00:00:00,inbound,-0.64,
2735,452,26,rep_4@revos.ai,vikram.sharma@jetscale.in,Re: Jetscale Inc — RevOS Analytics,The ROI numbers you shared were compelling. I've looped in our CFO for budget approval.,2026-06-14T00:00:00,outbound,0.83,
2736,452,26,vikram.sharma@jetscale.in,rep_4@revos.ai,Re: Jetscale Inc — RevOS Analytics,The team has concerns about integration complexity. We might need to revisit scope.,2026-08-10T00:00:00,inbound,-0.24,
2737,452,26,rep_4@revos.ai,vikram.sharma@jetscale.in,Re: Jetscale Inc — RevOS Analytics,We're evaluating HubSpot AI as well. Can you share a comparison deck?,2026-07-19T00:00:00,outbound,-0.88,
2738,453,129,ritu.brown@signalops.in,rep_4@revos.ai,Re: Signalops Inc — RevOS Enterprise,Our CTO left the company last week. New leadership wants to re-evaluate all vendor decisions.,2026-09-04T00:00:00,inbound,-0.15,
2739,453,129,ritu.brown@signalops.in,rep_4@revos.ai,Re: Signalops Inc — RevOS Enterprise,We're evaluating Salesforce Einstein as well. Can you share a comparison deck?,2026-08-29T00:00:00,inbound,-0.19,
2740,453,129,rep_4@revos.ai,ritu.brown@signalops.in,Re: Signalops Inc — RevOS Enterprise,We're evaluating a competitor as well. Can you share a comparison deck?,2026-09-02T00:00:00,outbound,-0.83,
2741,453,129,ritu.brown@signalops.in,rep_4@revos.ai,Re: Signalops Inc — RevOS Enterprise,"Hi Rep_4, we need to push the timeline. Budget freeze until next quarter. I'll keep you posted.",2026-09-25T00:00:00,inbound,-0.79,Clari
2742,453,129,ritu.brown@signalops.in,rep_4@revos.ai,Re: Signalops Inc — RevOS Enterprise,Our CTO left the company last week. New leadership wants to re-evaluate all vendor decisions.,2026-09-18T00:00:00,inbound,-0.38,
2743,454,113,meera.reddy@novabridge.com,rep_4@revos.ai,Re: Novabridge Inc — RevOS Analytics,"Hi Rep_4, just checking in. Any updates on the custom integration we discussed?",2026-07-07T00:00:00,inbound,-0.06,Gong
2744,454,113,meera.reddy@novabridge.com,rep_4@revos.ai,Re: Novabridge Inc — RevOS Analytics,"Hi Rep_4, thanks for the proposal. The team reviewed it and we're keen to move forward. Can we schedule a call this week to discuss next steps?",2026-06-23T00:00:00,inbound,0.18,
2745,454,113,rep_4@revos.ai,meera.reddy@novabridge.com,Re: Novabridge Inc — RevOS Analytics,Can you send over the updated pricing sheet? We need it for our internal review.,2026-08-05T00:00:00,outbound,-0.18,
2746,454,113,meera.reddy@novabridge.com,rep_4@revos.ai,Re: Novabridge Inc — RevOS Analytics,The ROI numbers you shared were compelling. I've looped in our CFO for budget approval.,2026-09-05T00:00:00,inbound,0.37,
2747,454,113,meera.reddy@novabridge.com,rep_4@revos.ai,Re: Novabridge Inc — RevOS Analytics,The ROI numbers you shared were compelling. I've looped in our CFO for budget approval.,2026-08-07T00:00:00,inbound,0.19,
2748,455,49,rep_3@revos.ai,kavita.mehta@raptorx.io,Re: Raptorx Inc — RevOS API,The team has concerns about integration complexity. We might need to revisit scope.,2026-08-27T00:00:00,outbound,-0.72,
2749,455,49,kavita.mehta@raptorx.io,rep_3@revos.ai,Re: Raptorx Inc — RevOS API,Sorry for the silence — been caught up with internal reorg. Not sure about the timeline anymore.,2026-08-08T00:00:00,inbound,-0.4,
2750,455,49,rep_3@revos.ai,kavita.mehta@raptorx.io,Re: Raptorx Inc — RevOS API,We need to put this on hold. There's a hiring freeze and priorities have shifted.,2026-08-18T00:00:00,outbound,-0.86,HubSpot AI
2751,455,49,kavita.mehta@raptorx.io,rep_3@revos.ai,Re: Raptorx Inc — RevOS API,We're evaluating a competitor as well. Can you share a comparison deck?,2026-08-31T00:00:00,inbound,-0.43,
2752,455,49,kavita.mehta@raptorx.io,rep_3@revos.ai,Re: Raptorx Inc — RevOS API,Our CTO left the company last week. New leadership wants to re-evaluate all vendor decisions.,2026-09-16T00:00:00,inbound,-0.61,
2753,455,49,rep_3@revos.ai,kavita.mehta@raptorx.io,Re: Raptorx Inc — RevOS API,We're evaluating HubSpot AI as well. Can you share a comparison deck?,2026-09-26T00:00:00,outbound,-0.76,
2754,455,49,kavita.mehta@raptorx.io,rep_3@revos.ai,Re: Raptorx Inc — RevOS API,Our CTO left the company last week. New leadership wants to re-evaluate all vendor decisions.,2026-09-26T00:00:00,inbound,-0.97,
2755,455,49,rep_3@revos.ai,kavita.mehta@raptorx.io,Re: Raptorx Inc — RevOS API,We need to put this on hold. There's a hiring freeze and priorities have shifted.,2026-09-17T00:00:00,outbound,-0.53,
2756,456,91,siddharth.nair@edgeflux.co,rep_9@revos.ai,Re: Edgeflux Inc — RevOS Pro,"Hi Rep_9, just checking in. Any updates on the custom integration we discussed?",2026-09-08T00:00:00,inbound,-0.09,Clari
2757,456,91,rep_9@revos.ai,siddharth.nair@edgeflux.co,Re: Edgeflux Inc — RevOS Pro,The ROI numbers you shared were compelling. I've looped in our CFO for budget approval.,2026-08-18T00:00:00,outbound,0.57,
2758,456,91,siddharth.nair@edgeflux.co,rep_9@revos.ai,Re: Edgeflux Inc — RevOS Pro,"Hi Rep_9, just checking in. Any updates on the custom integration we discussed?",2026-09-21T00:00:00,inbound,-0.19,
2759,456,91,rep_9@revos.ai,siddharth.nair@edgeflux.co,Re: Edgeflux Inc — RevOS Pro,Quick update — we got budget approval. Let's finalize the SOW this week.,2026-06-15T00:00:00,outbound,0.58,
2760,456,91,rep_9@revos.ai,siddharth.nair@edgeflux.co,Re: Edgeflux Inc — RevOS Pro,We've completed internal review. Legal is looking at the contract now. Expect sign-off by June 25.,2026-06-18T00:00:00,outbound,0.65,
2761,457,24,rep_8@revos.ai,james.verma@infoedge.com,Re: Infoedge Inc — RevOS Starter,Quick update — we got budget approval. Let's finalize the SOW this week.,2026-05-03T00:00:00,outbound,0.6,HubSpot AI
2762,457,24,rep_8@revos.ai,james.verma@infoedge.com,Re: Infoedge Inc — RevOS Starter,"Hi Rep_8, just checking in. Any updates on the custom integration we discussed?",2026-09-06T00:00:00,outbound,-0.09,
2763,457,24,james.verma@infoedge.com,rep_8@revos.ai,Re: Infoedge Inc — RevOS Starter,The ROI numbers you shared were compelling. I've looped in our CFO for budget approval.,2026-07-04T00:00:00,inbound,0.57,People.ai
2764,457,24,rep_8@revos.ai,james.verma@infoedge.com,Re: Infoedge Inc — RevOS Starter,"Hi Rep_8, thanks for the proposal. The team reviewed it and we're keen to move forward. Can we schedule a call this week to discuss next steps?",2026-07-02T00:00:00,outbound,0.52,
2765,457,24,rep_8@revos.ai,james.verma@infoedge.com,Re: Infoedge Inc — RevOS Starter,We've completed internal review. Legal is looking at the contract now. Expect sign-off by June 08.,2026-06-01T00:00:00,outbound,0.73,
2766,457,24,james.verma@infoedge.com,rep_8@revos.ai,Re: Infoedge Inc — RevOS Starter,We've completed internal review. Legal is looking at the contract now. Expect sign-off by June 29.,2026-06-22T00:00:00,inbound,0.52,
2767,457,24,rep_8@revos.ai,james.verma@infoedge.com,Re: Infoedge Inc — RevOS Starter,We've completed internal review. Legal is looking at the contract now. Expect sign-off by August 01.,2026-07-25T00:00:00,outbound,-0.12,
2768,457,24,rep_8@revos.ai,james.verma@infoedge.com,Re: Infoedge Inc — RevOS Starter,Great demo yesterday! Our VP was impressed with the forecasting module. Let's discuss pricing for the enterprise tier.,2026-08-19T00:00:00,outbound,0.82,Gong
2769,457,24,james.verma@infoedge.com,rep_8@revos.ai,Re: Infoedge Inc — RevOS Starter,Quick update — we got budget approval. Let's finalize the SOW this week.,2026-09-26T00:00:00,inbound,0.55,
2770,458,144,rep_1@revos.ai,aarav.brown@xyphorai.io,Re: Xyphorai Inc — RevOS Analytics,Great demo yesterday! Our VP was impressed with the forecasting module. Let's discuss pricing for the enterprise tier.,2026-09-04T00:00:00,outbound,0.55,
2771,458,144,rep_1@revos.ai,aarav.brown@xyphorai.io,Re: Xyphorai Inc — RevOS Analytics,Great demo yesterday! Our VP was impressed with the forecasting module. Let's discuss pricing for the enterprise tier.,2026-09-20T00:00:00,outbound,0.42,
2772,458,144,rep_1@revos.ai,aarav.brown@xyphorai.io,Re: Xyphorai Inc — RevOS Analytics,Quick update — we got budget approval. Let's finalize the SOW this week.,2026-07-17T00:00:00,outbound,0.45,
2773,458,144,rep_1@revos.ai,aarav.brown@xyphorai.io,Re: Xyphorai Inc — RevOS Analytics,"Hi Rep_1, thanks for the proposal. The team reviewed it and we're keen to move forward. Can we schedule a call this week to discuss next steps?",2026-08-04T00:00:00,outbound,0.71,Clari
2774,458,144,rep_1@revos.ai,aarav.brown@xyphorai.io,Re: Xyphorai Inc — RevOS Analytics,Quick update — we got budget approval. Let's finalize the SOW this week.,2026-06-12T00:00:00,outbound,0.6,
2775,458,144,aarav.brown@xyphorai.io,rep_1@revos.ai,Re: Xyphorai Inc — RevOS Analytics,The ROI numbers you shared were compelling. I've looped in our CFO for budget approval.,2026-09-12T00:00:00,inbound,0.45,
2776,458,144,aarav.brown@xyphorai.io,rep_1@revos.ai,Re: Xyphorai Inc — RevOS Analytics,We've completed internal review. Legal is looking at the contract now. Expect sign-off by October 05.,2026-09-28T00:00:00,inbound,0.51,
2777,458,144,aarav.brown@xyphorai.io,rep_1@revos.ai,Re: Xyphorai Inc — RevOS Analytics,The ROI numbers you shared were compelling. I've looped in our CFO for budget approval.,2026-09-18T00:00:00,inbound,0.66,
2778,459,8,william.brown@clearstack.io,rep_6@revos.ai,Re: Clearstack Inc — RevOS API,The ROI numbers you shared were compelling. I've looped in our CFO for budget approval.,2026-08-19T00:00:00,inbound,0.42,
2779,459,8,william.brown@clearstack.io,rep_6@revos.ai,Re: Clearstack Inc — RevOS API,"Hi Rep_6, thanks for the proposal. The team reviewed it and we're keen to move forward. Can we schedule a call this week to discuss next steps?",2026-10-01T00:00:00,inbound,0.15,
2780,459,8,rep_6@revos.ai,william.brown@clearstack.io,Re: Clearstack Inc — RevOS API,Can you send over the updated pricing sheet? We need it for our internal review.,2026-08-21T00:00:00,outbound,-0.29,
2781,459,8,rep_6@revos.ai,william.brown@clearstack.io,Re: Clearstack Inc — RevOS API,Great demo yesterday! Our VP was impressed with the forecasting module. Let's discuss pricing for the enterprise tier.,2026-08-28T00:00:00,outbound,0.08,
2782,459,8,rep_6@revos.ai,william.brown@clearstack.io,Re: Clearstack Inc — RevOS API,"Hi Rep_6, thanks for the proposal. The team reviewed it and we're keen to move forward. Can we schedule a call this week to discuss next steps?",2026-08-22T00:00:00,outbound,0.32,
2783,459,8,rep_6@revos.ai,william.brown@clearstack.io,Re: Clearstack Inc — RevOS API,"Hi Rep_6, just checking in. Any updates on the custom integration we discussed?",2026-09-22T00:00:00,outbound,0.37,
2784,459,8,william.brown@clearstack.io,rep_6@revos.ai,Re: Clearstack Inc — RevOS API,"Hi Rep_6, just checking in. Any updates on the custom integration we discussed?",2026-08-25T00:00:00,inbound,0.29,
2785,460,126,david.rao@relaystack.com,rep_6@revos.ai,Re: Relaystack Inc — RevOS Pro,Quick update — we got budget approval. Let's finalize the SOW this week.,2026-08-30T00:00:00,inbound,0.86,
2786,460,126,rep_6@revos.ai,david.rao@relaystack.com,Re: Relaystack Inc — RevOS Pro,Quick update — we got budget approval. Let's finalize the SOW this week.,2026-09-22T00:00:00,outbound,0.67,
2787,460,126,david.rao@relaystack.com,rep_6@revos.ai,Re: Relaystack Inc — RevOS Pro,We've completed internal review. Legal is looking at the contract now. Expect sign-off by October 03.,2026-09-26T00:00:00,inbound,0.47,Salesforce Einstein
2788,460,126,rep_6@revos.ai,david.rao@relaystack.com,Re: Relaystack Inc — RevOS Pro,We've completed internal review. Legal is looking at the contract now. Expect sign-off by September 03.,2026-08-27T00:00:00,outbound,0.73,
2789,460,126,david.rao@relaystack.com,rep_6@revos.ai,Re: Relaystack Inc — RevOS Pro,We've completed internal review. Legal is looking at the contract now. Expect sign-off by September 26.,2026-09-19T00:00:00,inbound,0.34,
2790,460,126,david.rao@relaystack.com,rep_6@revos.ai,Re: Relaystack Inc — RevOS Pro,Quick update — we got budget approval. Let's finalize the SOW this week.,2026-09-09T00:00:00,inbound,0.75,
2791,460,126,rep_6@revos.ai,david.rao@relaystack.com,Re: Relaystack Inc — RevOS Pro,Quick update — we got budget approval. Let's finalize the SOW this week.,2026-09-18T00:00:00,outbound,0.97,Salesforce Einstein
2792,461,104,jessica.reddy@junctionai.com,rep_4@revos.ai,Re: Junctionai Inc — RevOS API,The ROI numbers you shared were compelling. I've looped in our CFO for budget approval.,2026-08-06T00:00:00,inbound,0.72,People.ai
2793,461,104,jessica.reddy@junctionai.com,rep_4@revos.ai,Re: Junctionai Inc — RevOS API,The ROI numbers you shared were compelling. I've looped in our CFO for budget approval.,2026-07-13T00:00:00,inbound,-0.27,Clari
2794,461,104,jessica.reddy@junctionai.com,rep_4@revos.ai,Re: Junctionai Inc — RevOS API,"Hi Rep_4, thanks for the proposal. The team reviewed it and we're keen to move forward. Can we schedule a call this week to discuss next steps?",2026-08-25T00:00:00,inbound,0.45,
2795,461,104,rep_4@revos.ai,jessica.reddy@junctionai.com,Re: Junctionai Inc — RevOS API,We've completed internal review. Legal is looking at the contract now. Expect sign-off by August 28.,2026-08-21T00:00:00,outbound,0.71,Salesforce Einstein
2796,461,104,rep_4@revos.ai,jessica.reddy@junctionai.com,Re: Junctionai Inc — RevOS API,The ROI numbers you shared were compelling. I've looped in our CFO for budget approval.,2026-08-29T00:00:00,outbound,0.6,
2797,462,52,michael.iyer@raptorx.io,rep_2@revos.ai,Re: Raptorx Inc — RevOS API,"Hi Rep_2, we need to push the timeline. Budget freeze until next quarter. I'll keep you posted.",2026-09-27T00:00:00,inbound,-0.83,Salesforce Einstein
2798,462,52,michael.iyer@raptorx.io,rep_2@revos.ai,Re: Raptorx Inc — RevOS API,We need to put this on hold. There's a hiring freeze and priorities have shifted.,2026-09-16T00:00:00,inbound,-0.48,
2799,462,52,rep_2@revos.ai,michael.iyer@raptorx.io,Re: Raptorx Inc — RevOS API,Our CTO left the company last week. New leadership wants to re-evaluate all vendor decisions.,2026-09-28T00:00:00,outbound,-0.29,
2800,463,103,priya.singh@innov8.co,rep_2@revos.ai,Re: Innov8 Inc — RevOS Analytics,Great demo yesterday! Our VP was impressed with the forecasting module. Let's discuss pricing for the enterprise tier.,2026-09-09T00:00:00,inbound,-0.19,
2801,463,103,priya.singh@innov8.co,rep_2@revos.ai,Re: Innov8 Inc — RevOS Analytics,Quick update — we got budget approval. Let's finalize the SOW this week.,2026-07-18T00:00:00,inbound,0.59,
2802,463,103,priya.singh@innov8.co,rep_2@revos.ai,Re: Innov8 Inc — RevOS Analytics,We've completed internal review. Legal is looking at the contract now. Expect sign-off by August 17.,2026-08-10T00:00:00,inbound,-0.02,Clari
2803,464,53,rep_9@revos.ai,priya.joshi@stratosai.co,Re: Stratosai Inc — RevOS Starter,"Hi Rep_9, thanks for the proposal. The team reviewed it and we're keen to move forward. Can we schedule a call this week to discuss next steps?",2026-08-04T00:00:00,outbound,0.41,Salesforce Einstein
2804,464,53,priya.joshi@stratosai.co,rep_9@revos.ai,Re: Stratosai Inc — RevOS Starter,Great demo yesterday! Our VP was impressed with the forecasting module. Let's discuss pricing for the enterprise tier.,2026-07-17T00:00:00,inbound,0.43,
2805,465,125,ritu.smith@relaystack.com,rep_4@revos.ai,Re: Relaystack Inc — RevOS Pro,The ROI numbers you shared were compelling. I've looped in our CFO for budget approval.,2026-08-15T00:00:00,inbound,0.82,
2806,465,125,rep_4@revos.ai,ritu.smith@relaystack.com,Re: Relaystack Inc — RevOS Pro,Quick update — we got budget approval. Let's finalize the SOW this week.,2026-06-18T00:00:00,outbound,0.38,
2807,465,125,rep_4@revos.ai,ritu.smith@relaystack.com,Re: Relaystack Inc — RevOS Pro,We've completed internal review. Legal is looking at the contract now. Expect sign-off by September 02.,2026-08-26T00:00:00,outbound,-0.19,Clari
2808,466,62,rep_5@revos.ai,aditya.das@vantagepoint.io,Re: Vantagepoint Inc — RevOS Starter,Sorry for the silence — been caught up with internal reorg. Not sure about the timeline anymore.,2026-09-12T00:00:00,outbound,-0.93,
2809,466,62,rep_5@revos.ai,aditya.das@vantagepoint.io,Re: Vantagepoint Inc — RevOS Starter,Sorry for the silence — been caught up with internal reorg. Not sure about the timeline anymore.,2026-09-23T00:00:00,outbound,-0.99,Clari
2810,466,62,aditya.das@vantagepoint.io,rep_5@revos.ai,Re: Vantagepoint Inc — RevOS Starter,We're evaluating HubSpot AI as well. Can you share a comparison deck?,2026-08-09T00:00:00,inbound,-0.36,
2811,466,62,rep_5@revos.ai,aditya.das@vantagepoint.io,Re: Vantagepoint Inc — RevOS Starter,Sorry for the silence — been caught up with internal reorg. Not sure about the timeline anymore.,2026-09-10T00:00:00,outbound,-0.17,
2812,466,62,rep_5@revos.ai,aditya.das@vantagepoint.io,Re: Vantagepoint Inc — RevOS Starter,We're evaluating Clari as well. Can you share a comparison deck?,2026-09-15T00:00:00,outbound,-0.13,Clari
2813,467,10,robert.johnson@deltaforce.co,rep_3@revos.ai,Re: Deltaforce Inc — RevOS Starter,We've completed internal review. Legal is looking at the contract now. Expect sign-off by June 14.,2026-06-07T00:00:00,inbound,-0.15,People.ai
2814,467,10,rep_3@revos.ai,robert.johnson@deltaforce.co,Re: Deltaforce Inc — RevOS Starter,"Hi Rep_3, just checking in. Any updates on the custom integration we discussed?",2026-08-09T00:00:00,outbound,0.55,
2815,467,10,robert.johnson@deltaforce.co,rep_3@revos.ai,Re: Deltaforce Inc — RevOS Starter,Quick update — we got budget approval. Let's finalize the SOW this week.,2026-07-29T00:00:00,inbound,0.03,
2816,467,10,robert.johnson@deltaforce.co,rep_3@revos.ai,Re: Deltaforce Inc — RevOS Starter,Quick update — we got budget approval. Let's finalize the SOW this week.,2026-07-17T00:00:00,inbound,-0.07,
2817,468,58,rep_6@revos.ai,jennifer.das@ultradev.in,Re: Ultradev Inc — RevOS Enterprise,Can you send over the updated pricing sheet? We need it for our internal review.,2026-08-08T00:00:00,outbound,0.32,
2818,468,58,rep_6@revos.ai,jennifer.das@ultradev.in,Re: Ultradev Inc — RevOS Enterprise,Thanks for the follow-up. We're still in discussion internally. Will get back to you soon.,2026-07-13T00:00:00,outbound,0.35,
2819,469,30,rep_6@revos.ai,william.brown@kinetiq.io,Re: Kinetiq Inc — RevOS Analytics,The team has concerns about integration complexity. We might need to revisit scope.,2026-09-17T00:00:00,outbound,-0.15,
2820,469,30,william.brown@kinetiq.io,rep_6@revos.ai,Re: Kinetiq Inc — RevOS Analytics,"Hi Rep_6, we need to push the timeline. Budget freeze until next quarter. I'll keep you posted.",2026-10-01T00:00:00,inbound,-0.89,
2821,469,30,william.brown@kinetiq.io,rep_6@revos.ai,Re: Kinetiq Inc — RevOS Analytics,We need to put this on hold. There's a hiring freeze and priorities have shifted.,2026-09-18T00:00:00,inbound,-0.34,
2822,469,30,william.brown@kinetiq.io,rep_6@revos.ai,Re: Kinetiq Inc — RevOS Analytics,"Hi Rep_6, we need to push the timeline. Budget freeze until next quarter. I'll keep you posted.",2026-09-23T00:00:00,inbound,-0.84,
2823,469,30,william.brown@kinetiq.io,rep_6@revos.ai,Re: Kinetiq Inc — RevOS Analytics,Sorry for the silence — been caught up with internal reorg. Not sure about the timeline anymore.,2026-10-01T00:00:00,inbound,-0.29,Clari
2824,470,103,rep_3@revos.ai,priya.singh@innov8.co,Re: Innov8 Inc — RevOS API,Sorry for the silence — been caught up with internal reorg. Not sure about the timeline anymore.,2026-10-01T00:00:00,outbound,-0.5,
2825,470,103,priya.singh@innov8.co,rep_3@revos.ai,Re: Innov8 Inc — RevOS API,Our CTO left the company last week. New leadership wants to re-evaluate all vendor decisions.,2026-09-24T00:00:00,inbound,-0.37,
2826,470,103,rep_3@revos.ai,priya.singh@innov8.co,Re: Innov8 Inc — RevOS API,"Hi Rep_3, we need to push the timeline. Budget freeze until next quarter. I'll keep you posted.",2026-09-20T00:00:00,outbound,-0.13,
2827,470,103,priya.singh@innov8.co,rep_3@revos.ai,Re: Innov8 Inc — RevOS API,"Hi Rep_3, we need to push the timeline. Budget freeze until next quarter. I'll keep you posted.",2026-08-22T00:00:00,inbound,-0.87,Clari
2828,470,103,rep_3@revos.ai,priya.singh@innov8.co,Re: Innov8 Inc — RevOS API,Our CTO left the company last week. New leadership wants to re-evaluate all vendor decisions.,2026-08-05T00:00:00,outbound,-0.89,
2829,470,103,priya.singh@innov8.co,rep_3@revos.ai,Re: Innov8 Inc — RevOS API,The team has concerns about integration complexity. We might need to revisit scope.,2026-07-22T00:00:00,inbound,-0.33,
2830,471,91,siddharth.nair@edgeflux.co,rep_8@revos.ai,Re: Edgeflux Inc — RevOS Starter,Our CTO left the company last week. New leadership wants to re-evaluate all vendor decisions.,2026-09-19T00:00:00,inbound,-0.55,
2831,471,91,rep_8@revos.ai,siddharth.nair@edgeflux.co,Re: Edgeflux Inc — RevOS Starter,Our CTO left the company last week. New leadership wants to re-evaluate all vendor decisions.,2026-05-30T00:00:00,outbound,-0.24,Clari
2832,472,111,rep_2@revos.ai,daniel.kumar@maplesoft.co,Re: Maplesoft Inc — RevOS Analytics,We've completed internal review. Legal is looking at the contract now. Expect sign-off by September 06.,2026-08-30T00:00:00,outbound,-0.27,
2833,472,111,daniel.kumar@maplesoft.co,rep_2@revos.ai,Re: Maplesoft Inc — RevOS Analytics,Thanks for the follow-up. We're still in discussion internally. Will get back to you soon.,2026-09-08T00:00:00,inbound,0.32,
2834,472,111,rep_2@revos.ai,daniel.kumar@maplesoft.co,Re: Maplesoft Inc — RevOS Analytics,"Hi Rep_2, thanks for the proposal. The team reviewed it and we're keen to move forward. Can we schedule a call this week to discuss next steps?",2026-09-09T00:00:00,outbound,0.32,
2835,472,111,daniel.kumar@maplesoft.co,rep_2@revos.ai,Re: Maplesoft Inc — RevOS Analytics,Great demo yesterday! Our VP was impressed with the forecasting module. Let's discuss pricing for the enterprise tier.,2026-09-10T00:00:00,inbound,-0.17,
2836,472,111,rep_2@revos.ai,daniel.kumar@maplesoft.co,Re: Maplesoft Inc — RevOS Analytics,"Hi Rep_2, just checking in. Any updates on the custom integration we discussed?",2026-08-07T00:00:00,outbound,-0.04,
2837,472,111,rep_2@revos.ai,daniel.kumar@maplesoft.co,Re: Maplesoft Inc — RevOS Analytics,We've completed internal review. Legal is looking at the contract now. Expect sign-off by September 29.,2026-09-22T00:00:00,outbound,0.46,
2838,472,111,rep_2@revos.ai,daniel.kumar@maplesoft.co,Re: Maplesoft Inc — RevOS Analytics,The ROI numbers you shared were compelling. I've looped in our CFO for budget approval.,2026-09-02T00:00:00,outbound,0.24,
2839,473,111,daniel.kumar@maplesoft.co,rep_6@revos.ai,Re: Maplesoft Inc — RevOS Analytics,The ROI numbers you shared were compelling. I've looped in our CFO for budget approval.,2026-07-16T00:00:00,inbound,0.96,
2840,473,111,daniel.kumar@maplesoft.co,rep_6@revos.ai,Re: Maplesoft Inc — RevOS Analytics,The ROI numbers you shared were compelling. I've looped in our CFO for budget approval.,2026-08-24T00:00:00,inbound,0.39,
2841,473,111,rep_6@revos.ai,daniel.kumar@maplesoft.co,Re: Maplesoft Inc — RevOS Analytics,We've completed internal review. Legal is looking at the contract now. Expect sign-off by September 23.,2026-09-16T00:00:00,outbound,0.71,HubSpot AI
2842,473,111,rep_6@revos.ai,daniel.kumar@maplesoft.co,Re: Maplesoft Inc — RevOS Analytics,Quick update — we got budget approval. Let's finalize the SOW this week.,2026-09-30T00:00:00,outbound,0.86,
2843,473,111,daniel.kumar@maplesoft.co,rep_6@revos.ai,Re: Maplesoft Inc — RevOS Analytics,The ROI numbers you shared were compelling. I've looped in our CFO for budget approval.,2026-07-02T00:00:00,inbound,0.4,
2844,473,111,rep_6@revos.ai,daniel.kumar@maplesoft.co,Re: Maplesoft Inc — RevOS Analytics,Great demo yesterday! Our VP was impressed with the forecasting module. Let's discuss pricing for the enterprise tier.,2026-08-12T00:00:00,outbound,0.52,
2845,473,111,rep_6@revos.ai,daniel.kumar@maplesoft.co,Re: Maplesoft Inc — RevOS Analytics,Quick update — we got budget approval. Let's finalize the SOW this week.,2026-07-26T00:00:00,outbound,0.94,
2846,474,86,william.mehta@corelogic.in,rep_7@revos.ai,Re: Corelogic Inc — RevOS Analytics,Sorry for the silence — been caught up with internal reorg. Not sure about the timeline anymore.,2026-08-01T00:00:00,inbound,-0.67,Clari
2847,474,86,rep_7@revos.ai,william.mehta@corelogic.in,Re: Corelogic Inc — RevOS Analytics,The team has concerns about integration complexity. We might need to revisit scope.,2026-08-03T00:00:00,outbound,-0.96,
2848,474,86,rep_7@revos.ai,william.mehta@corelogic.in,Re: Corelogic Inc — RevOS Analytics,We're evaluating Salesforce Einstein as well. Can you share a comparison deck?,2026-06-09T00:00:00,outbound,-0.81,
2849,474,86,rep_7@revos.ai,william.mehta@corelogic.in,Re: Corelogic Inc — RevOS Analytics,The team has concerns about integration complexity. We might need to revisit scope.,2026-06-19T00:00:00,outbound,-0.84,Gong
2850,474,86,rep_7@revos.ai,william.mehta@corelogic.in,Re: Corelogic Inc — RevOS Analytics,Sorry for the silence — been caught up with internal reorg. Not sure about the timeline anymore.,2026-06-20T00:00:00,outbound,-0.25,
2851,474,86,rep_7@revos.ai,william.mehta@corelogic.in,Re: Corelogic Inc — RevOS Analytics,Our CTO left the company last week. New leadership wants to re-evaluate all vendor decisions.,2026-06-01T00:00:00,outbound,-0.25,
2852,474,86,rep_7@revos.ai,william.mehta@corelogic.in,Re: Corelogic Inc — RevOS Analytics,Sorry for the silence — been caught up with internal reorg. Not sure about the timeline anymore.,2026-07-10T00:00:00,outbound,-0.84,
2853,474,86,william.mehta@corelogic.in,rep_7@revos.ai,Re: Corelogic Inc — RevOS Analytics,We're evaluating People.ai as well. Can you share a comparison deck?,2026-09-17T00:00:00,inbound,-0.99,
2854,475,26,vikram.sharma@jetscale.in,rep_2@revos.ai,Re: Jetscale Inc — RevOS Analytics,"Hi Rep_2, thanks for the proposal. The team reviewed it and we're keen to move forward. Can we schedule a call this week to discuss next steps?",2026-08-03T00:00:00,inbound,0.66,
2855,475,26,vikram.sharma@jetscale.in,rep_2@revos.ai,Re: Jetscale Inc — RevOS Analytics,"Hi Rep_2, thanks for the proposal. The team reviewed it and we're keen to move forward. Can we schedule a call this week to discuss next steps?",2026-08-24T00:00:00,inbound,-0.04,People.ai
2856,475,26,vikram.sharma@jetscale.in,rep_2@revos.ai,Re: Jetscale Inc — RevOS Analytics,Can you send over the updated pricing sheet? We need it for our internal review.,2026-06-18T00:00:00,inbound,-0.29,
2857,475,26,vikram.sharma@jetscale.in,rep_2@revos.ai,Re: Jetscale Inc — RevOS Analytics,We've completed internal review. Legal is looking at the contract now. Expect sign-off by June 08.,2026-06-01T00:00:00,inbound,0.92,HubSpot AI
2858,475,26,rep_2@revos.ai,vikram.sharma@jetscale.in,Re: Jetscale Inc — RevOS Analytics,Can you send over the updated pricing sheet? We need it for our internal review.,2026-06-07T00:00:00,outbound,-0.05,
2859,476,52,michael.iyer@raptorx.io,rep_5@revos.ai,Re: Raptorx Inc — RevOS Analytics,"Hi Rep_5, thanks for the proposal. The team reviewed it and we're keen to move forward. Can we schedule a call this week to discuss next steps?",2026-09-28T00:00:00,inbound,0.31,
2860,476,52,michael.iyer@raptorx.io,rep_5@revos.ai,Re: Raptorx Inc — RevOS Analytics,Great demo yesterday! Our VP was impressed with the forecasting module. Let's discuss pricing for the enterprise tier.,2026-09-27T00:00:00,inbound,-0.26,
2861,477,110,priya.miller@luminance.io,rep_5@revos.ai,Re: Luminance Inc — RevOS Enterprise,Thanks for the follow-up. We're still in discussion internally. Will get back to you soon.,2026-06-20T00:00:00,inbound,-0.09,Salesforce Einstein
2862,477,110,priya.miller@luminance.io,rep_5@revos.ai,Re: Luminance Inc — RevOS Enterprise,"Hi Rep_5, thanks for the proposal. The team reviewed it and we're keen to move forward. Can we schedule a call this week to discuss next steps?",2026-06-16T00:00:00,inbound,0.86,
2863,477,110,priya.miller@luminance.io,rep_5@revos.ai,Re: Luminance Inc — RevOS Enterprise,The ROI numbers you shared were compelling. I've looped in our CFO for budget approval.,2026-09-02T00:00:00,inbound,0.54,
2864,477,110,priya.miller@luminance.io,rep_5@revos.ai,Re: Luminance Inc — RevOS Enterprise,Quick update — we got budget approval. Let's finalize the SOW this week.,2026-09-15T00:00:00,inbound,0.63,
2865,478,54,ritu.singh@stratosai.co,rep_2@revos.ai,Re: Stratosai Inc — RevOS Analytics,We've completed internal review. Legal is looking at the contract now. Expect sign-off by July 14.,2026-07-07T00:00:00,inbound,0.65,
2866,478,54,ritu.singh@stratosai.co,rep_2@revos.ai,Re: Stratosai Inc — RevOS Analytics,Quick update — we got budget approval. Let's finalize the SOW this week.,2026-05-16T00:00:00,inbound,0.44,
2867,478,54,rep_2@revos.ai,ritu.singh@stratosai.co,Re: Stratosai Inc — RevOS Analytics,Great demo yesterday! Our VP was impressed with the forecasting module. Let's discuss pricing for the enterprise tier.,2026-05-18T00:00:00,outbound,0.39,
2868,478,54,ritu.singh@stratosai.co,rep_2@revos.ai,Re: Stratosai Inc — RevOS Analytics,Thanks for the follow-up. We're still in discussion internally. Will get back to you soon.,2026-07-02T00:00:00,inbound,0.2,
2869,478,54,rep_2@revos.ai,ritu.singh@stratosai.co,Re: Stratosai Inc — RevOS Analytics,Quick update — we got budget approval. Let's finalize the SOW this week.,2026-06-12T00:00:00,outbound,0.82,People.ai
2870,478,54,ritu.singh@stratosai.co,rep_2@revos.ai,Re: Stratosai Inc — RevOS Analytics,Quick update — we got budget approval. Let's finalize the SOW this week.,2026-08-08T00:00:00,inbound,0.06,
2871,479,107,manish.singh@keystone.in,rep_6@revos.ai,Re: Keystone Inc — RevOS Pro,Quick update — we got budget approval. Let's finalize the SOW this week.,2026-04-26T00:00:00,inbound,0.98,HubSpot AI
2872,479,107,rep_6@revos.ai,manish.singh@keystone.in,Re: Keystone Inc — RevOS Pro,Great demo yesterday! Our VP was impressed with the forecasting module. Let's discuss pricing for the enterprise tier.,2026-08-21T00:00:00,outbound,0.34,
2873,479,107,manish.singh@keystone.in,rep_6@revos.ai,Re: Keystone Inc — RevOS Pro,Great demo yesterday! Our VP was impressed with the forecasting module. Let's discuss pricing for the enterprise tier.,2026-06-07T00:00:00,inbound,0.8,
2874,479,107,rep_6@revos.ai,manish.singh@keystone.in,Re: Keystone Inc — RevOS Pro,Great demo yesterday! Our VP was impressed with the forecasting module. Let's discuss pricing for the enterprise tier.,2026-07-23T00:00:00,outbound,0.37,
2875,479,107,rep_6@revos.ai,manish.singh@keystone.in,Re: Keystone Inc — RevOS Pro,"Hi Rep_6, thanks for the proposal. The team reviewed it and we're keen to move forward. Can we schedule a call this week to discuss next steps?",2026-05-19T00:00:00,outbound,0.76,Gong
2876,479,107,manish.singh@keystone.in,rep_6@revos.ai,Re: Keystone Inc — RevOS Pro,We've completed internal review. Legal is looking at the contract now. Expect sign-off by July 06.,2026-06-29T00:00:00,inbound,0.45,
2877,479,107,manish.singh@keystone.in,rep_6@revos.ai,Re: Keystone Inc — RevOS Pro,"Hi Rep_6, thanks for the proposal. The team reviewed it and we're keen to move forward. Can we schedule a call this week to discuss next steps?",2026-05-16T00:00:00,inbound,0.49,Salesforce Einstein
2878,479,107,rep_6@revos.ai,manish.singh@keystone.in,Re: Keystone Inc — RevOS Pro,We've completed internal review. Legal is looking at the contract now. Expect sign-off by May 28.,2026-05-21T00:00:00,outbound,0.8,
2879,480,27,karthik.singh@jetscale.in,rep_6@revos.ai,Re: Jetscale Inc — RevOS Analytics,Quick update — we got budget approval. Let's finalize the SOW this week.,2026-09-01T00:00:00,inbound,-0.21,HubSpot AI
2880,480,27,karthik.singh@jetscale.in,rep_6@revos.ai,Re: Jetscale Inc — RevOS Analytics,"Hi Rep_6, thanks for the proposal. The team reviewed it and we're keen to move forward. Can we schedule a call this week to discuss next steps?",2026-09-11T00:00:00,inbound,0.5,
2881,480,27,karthik.singh@jetscale.in,rep_6@revos.ai,Re: Jetscale Inc — RevOS Analytics,The ROI numbers you shared were compelling. I've looped in our CFO for budget approval.,2026-09-16T00:00:00,inbound,0.46,
2882,480,27,karthik.singh@jetscale.in,rep_6@revos.ai,Re: Jetscale Inc — RevOS Analytics,"Hi Rep_6, thanks for the proposal. The team reviewed it and we're keen to move forward. Can we schedule a call this week to discuss next steps?",2026-08-24T00:00:00,inbound,0.41,
2883,480,27,rep_6@revos.ai,karthik.singh@jetscale.in,Re: Jetscale Inc — RevOS Analytics,Quick update — we got budget approval. Let's finalize the SOW this week.,2026-09-06T00:00:00,outbound,0.03,
2884,481,12,rep_5@revos.ai,david.mehta@ecomsprint.com,Re: Ecomsprint Inc — RevOS Enterprise,Can you send over the updated pricing sheet? We need it for our internal review.,2026-09-28T00:00:00,outbound,0.36,
2885,481,12,david.mehta@ecomsprint.com,rep_5@revos.ai,Re: Ecomsprint Inc — RevOS Enterprise,The ROI numbers you shared were compelling. I've looped in our CFO for budget approval.,2026-09-09T00:00:00,inbound,-0.25,
2886,481,12,david.mehta@ecomsprint.com,rep_5@revos.ai,Re: Ecomsprint Inc — RevOS Enterprise,We've completed internal review. Legal is looking at the contract now. Expect sign-off by October 04.,2026-09-27T00:00:00,inbound,0.22,Clari
2887,481,12,rep_5@revos.ai,david.mehta@ecomsprint.com,Re: Ecomsprint Inc — RevOS Enterprise,Quick update — we got budget approval. Let's finalize the SOW this week.,2026-09-14T00:00:00,outbound,0.09,
2888,481,12,david.mehta@ecomsprint.com,rep_5@revos.ai,Re: Ecomsprint Inc — RevOS Enterprise,Great demo yesterday! Our VP was impressed with the forecasting module. Let's discuss pricing for the enterprise tier.,2026-09-08T00:00:00,inbound,0.23,Salesforce Einstein
2889,481,12,david.mehta@ecomsprint.com,rep_5@revos.ai,Re: Ecomsprint Inc — RevOS Enterprise,Thanks for the follow-up. We're still in discussion internally. Will get back to you soon.,2026-08-20T00:00:00,inbound,-0.15,Clari
2890,481,12,rep_5@revos.ai,david.mehta@ecomsprint.com,Re: Ecomsprint Inc — RevOS Enterprise,"Hi Rep_5, just checking in. Any updates on the custom integration we discussed?",2026-09-14T00:00:00,outbound,0.54,
2891,482,1,daniel.shah@acmetech.com,rep_2@revos.ai,Re: Acmetech Inc — RevOS Starter,"Hi Rep_2, we need to push the timeline. Budget freeze until next quarter. I'll keep you posted.",2026-08-15T00:00:00,inbound,-0.12,
2892,482,1,daniel.shah@acmetech.com,rep_2@revos.ai,Re: Acmetech Inc — RevOS Starter,Our CTO left the company last week. New leadership wants to re-evaluate all vendor decisions.,2026-09-20T00:00:00,inbound,-0.58,
2893,482,1,rep_2@revos.ai,daniel.shah@acmetech.com,Re: Acmetech Inc — RevOS Starter,"Hi Rep_2, we need to push the timeline. Budget freeze until next quarter. I'll keep you posted.",2026-09-19T00:00:00,outbound,-0.59,People.ai
2894,482,1,rep_2@revos.ai,daniel.shah@acmetech.com,Re: Acmetech Inc — RevOS Starter,Sorry for the silence — been caught up with internal reorg. Not sure about the timeline anymore.,2026-08-07T00:00:00,outbound,-0.99,
2895,482,1,rep_2@revos.ai,daniel.shah@acmetech.com,Re: Acmetech Inc — RevOS Starter,We're evaluating a competitor as well. Can you share a comparison deck?,2026-08-15T00:00:00,outbound,-0.85,
2896,482,1,daniel.shah@acmetech.com,rep_2@revos.ai,Re: Acmetech Inc — RevOS Starter,We're evaluating Clari as well. Can you share a comparison deck?,2026-08-28T00:00:00,inbound,-0.29,
2897,483,35,sarah.joshi@metaverse.in,rep_5@revos.ai,Re: Metaverse Inc — RevOS Enterprise,The ROI numbers you shared were compelling. I've looped in our CFO for budget approval.,2026-09-06T00:00:00,inbound,0.48,
2898,483,35,rep_5@revos.ai,sarah.joshi@metaverse.in,Re: Metaverse Inc — RevOS Enterprise,Thanks for the follow-up. We're still in discussion internally. Will get back to you soon.,2026-09-18T00:00:00,outbound,0.08,
2899,483,35,sarah.joshi@metaverse.in,rep_5@revos.ai,Re: Metaverse Inc — RevOS Enterprise,"Hi Rep_5, just checking in. Any updates on the custom integration we discussed?",2026-09-09T00:00:00,inbound,0.52,
2900,483,35,rep_5@revos.ai,sarah.joshi@metaverse.in,Re: Metaverse Inc — RevOS Enterprise,Thanks for the follow-up. We're still in discussion internally. Will get back to you soon.,2026-09-14T00:00:00,outbound,0.3,HubSpot AI
2901,484,112,rep_4@revos.ai,jessica.mehta@maplesoft.co,Re: Maplesoft Inc — RevOS Starter,We've completed internal review. Legal is looking at the contract now. Expect sign-off by September 03.,2026-08-27T00:00:00,outbound,0.59,Clari
2902,484,112,rep_4@revos.ai,jessica.mehta@maplesoft.co,Re: Maplesoft Inc — RevOS Starter,"Hi Rep_4, thanks for the proposal. The team reviewed it and we're keen to move forward. Can we schedule a call this week to discuss next steps?",2026-08-01T00:00:00,outbound,0.6,
2903,484,112,rep_4@revos.ai,jessica.mehta@maplesoft.co,Re: Maplesoft Inc — RevOS Starter,Can you send over the updated pricing sheet? We need it for our internal review.,2026-09-11T00:00:00,outbound,-0.2,
2904,484,112,rep_4@revos.ai,jessica.mehta@maplesoft.co,Re: Maplesoft Inc — RevOS Starter,We've completed internal review. Legal is looking at the contract now. Expect sign-off by August 22.,2026-08-15T00:00:00,outbound,0.43,People.ai
2905,484,112,jessica.mehta@maplesoft.co,rep_4@revos.ai,Re: Maplesoft Inc — RevOS Starter,"Hi Rep_4, thanks for the proposal. The team reviewed it and we're keen to move forward. Can we schedule a call this week to discuss next steps?",2026-08-25T00:00:00,inbound,0.63,
2906,484,112,jessica.mehta@maplesoft.co,rep_4@revos.ai,Re: Maplesoft Inc — RevOS Starter,Quick update — we got budget approval. Let's finalize the SOW this week.,2026-08-15T00:00:00,inbound,0.37,
2907,484,112,rep_4@revos.ai,jessica.mehta@maplesoft.co,Re: Maplesoft Inc — RevOS Starter,We've completed internal review. Legal is looking at the contract now. Expect sign-off by August 26.,2026-08-19T00:00:00,outbound,0.22,People.ai
2908,484,112,jessica.mehta@maplesoft.co,rep_4@revos.ai,Re: Maplesoft Inc — RevOS Starter,Great demo yesterday! Our VP was impressed with the forecasting module. Let's discuss pricing for the enterprise tier.,2026-07-16T00:00:00,inbound,0.94,Salesforce Einstein
2909,485,82,rep_10@revos.ai,meera.smith@brightspark.com,Re: Brightspark Inc — RevOS API,Great demo yesterday! Our VP was impressed with the forecasting module. Let's discuss pricing for the enterprise tier.,2026-07-10T00:00:00,outbound,0.64,
2910,485,82,rep_10@revos.ai,meera.smith@brightspark.com,Re: Brightspark Inc — RevOS API,Great demo yesterday! Our VP was impressed with the forecasting module. Let's discuss pricing for the enterprise tier.,2026-09-25T00:00:00,outbound,0.55,
2911,485,82,meera.smith@brightspark.com,rep_10@revos.ai,Re: Brightspark Inc — RevOS API,We've completed internal review. Legal is looking at the contract now. Expect sign-off by June 16.,2026-06-09T00:00:00,inbound,1.0,People.ai
2912,485,82,meera.smith@brightspark.com,rep_10@revos.ai,Re: Brightspark Inc — RevOS API,Quick update — we got budget approval. Let's finalize the SOW this week.,2026-08-18T00:00:00,inbound,0.76,
2913,485,82,rep_10@revos.ai,meera.smith@brightspark.com,Re: Brightspark Inc — RevOS API,"Hi Rep_10, thanks for the proposal. The team reviewed it and we're keen to move forward. Can we schedule a call this week to discuss next steps?",2026-07-06T00:00:00,outbound,-0.12,
2914,485,82,rep_10@revos.ai,meera.smith@brightspark.com,Re: Brightspark Inc — RevOS API,"Hi Rep_10, thanks for the proposal. The team reviewed it and we're keen to move forward. Can we schedule a call this week to discuss next steps?",2026-09-24T00:00:00,outbound,0.32,Clari
2915,485,82,meera.smith@brightspark.com,rep_10@revos.ai,Re: Brightspark Inc — RevOS API,"Hi Rep_10, thanks for the proposal. The team reviewed it and we're keen to move forward. Can we schedule a call this week to discuss next steps?",2026-07-18T00:00:00,inbound,0.52,People.ai
2916,485,82,rep_10@revos.ai,meera.smith@brightspark.com,Re: Brightspark Inc — RevOS API,Great demo yesterday! Our VP was impressed with the forecasting module. Let's discuss pricing for the enterprise tier.,2026-07-11T00:00:00,outbound,0.83,People.ai
2917,486,13,nikhil.shah@ecomsprint.com,rep_6@revos.ai,Re: Ecomsprint Inc — RevOS Starter,The ROI numbers you shared were compelling. I've looped in our CFO for budget approval.,2026-09-03T00:00:00,inbound,-0.21,
2918,486,13,rep_6@revos.ai,nikhil.shah@ecomsprint.com,Re: Ecomsprint Inc — RevOS Starter,"Hi Rep_6, just checking in. Any updates on the custom integration we discussed?",2026-09-22T00:00:00,outbound,-0.02,
2919,487,110,rep_10@revos.ai,priya.miller@luminance.io,Re: Luminance Inc — RevOS Pro,"Hi Rep_10, just checking in. Any updates on the custom integration we discussed?",2026-08-12T00:00:00,outbound,0.04,
2920,487,110,rep_10@revos.ai,priya.miller@luminance.io,Re: Luminance Inc — RevOS Pro,"Hi Rep_10, thanks for the proposal. The team reviewed it and we're keen to move forward. Can we schedule a call this week to discuss next steps?",2026-08-22T00:00:00,outbound,0.05,
2921,487,110,priya.miller@luminance.io,rep_10@revos.ai,Re: Luminance Inc — RevOS Pro,The ROI numbers you shared were compelling. I've looped in our CFO for budget approval.,2026-07-02T00:00:00,inbound,-0.19,
2922,488,53,priya.joshi@stratosai.co,rep_9@revos.ai,Re: Stratosai Inc — RevOS Starter,We've completed internal review. Legal is looking at the contract now. Expect sign-off by September 09.,2026-09-02T00:00:00,inbound,0.46,Salesforce Einstein
2923,488,53,rep_9@revos.ai,priya.joshi@stratosai.co,Re: Stratosai Inc — RevOS Starter,Quick update — we got budget approval. Let's finalize the SOW this week.,2026-08-09T00:00:00,outbound,0.61,HubSpot AI
2924,488,53,rep_9@revos.ai,priya.joshi@stratosai.co,Re: Stratosai Inc — RevOS Starter,The ROI numbers you shared were compelling. I've looped in our CFO for budget approval.,2026-07-15T00:00:00,outbound,0.37,
2925,488,53,rep_9@revos.ai,priya.joshi@stratosai.co,Re: Stratosai Inc — RevOS Starter,The ROI numbers you shared were compelling. I've looped in our CFO for budget approval.,2026-08-09T00:00:00,outbound,0.73,
2926,488,53,rep_9@revos.ai,priya.joshi@stratosai.co,Re: Stratosai Inc — RevOS Starter,"Hi Rep_9, thanks for the proposal. The team reviewed it and we're keen to move forward. Can we schedule a call this week to discuss next steps?",2026-06-17T00:00:00,outbound,0.38,
2927,489,125,ritu.smith@relaystack.com,rep_2@revos.ai,Re: Relaystack Inc — RevOS Analytics,We need to put this on hold. There's a hiring freeze and priorities have shifted.,2026-09-18T00:00:00,inbound,-0.55,
2928,489,125,rep_2@revos.ai,ritu.smith@relaystack.com,Re: Relaystack Inc — RevOS Analytics,Our CTO left the company last week. New leadership wants to re-evaluate all vendor decisions.,2026-07-17T00:00:00,outbound,-0.62,
2929,489,125,rep_2@revos.ai,ritu.smith@relaystack.com,Re: Relaystack Inc — RevOS Analytics,"Hi Rep_2, we need to push the timeline. Budget freeze until next quarter. I'll keep you posted.",2026-08-28T00:00:00,outbound,-0.16,
2930,489,125,rep_2@revos.ai,ritu.smith@relaystack.com,Re: Relaystack Inc — RevOS Analytics,The team has concerns about integration complexity. We might need to revisit scope.,2026-09-18T00:00:00,outbound,-0.55,
2931,489,125,rep_2@revos.ai,ritu.smith@relaystack.com,Re: Relaystack Inc — RevOS Analytics,We need to put this on hold. There's a hiring freeze and priorities have shifted.,2026-08-24T00:00:00,outbound,-0.18,
2932,489,125,rep_2@revos.ai,ritu.smith@relaystack.com,Re: Relaystack Inc — RevOS Analytics,Sorry for the silence — been caught up with internal reorg. Not sure about the timeline anymore.,2026-08-15T00:00:00,outbound,-0.95,
2933,490,99,rep_6@revos.ai,jennifer.johnson@hexacore.io,Re: Hexacore Inc — RevOS Pro,We need to put this on hold. There's a hiring freeze and priorities have shifted.,2026-08-23T00:00:00,outbound,-0.62,
2934,490,99,rep_6@revos.ai,jennifer.johnson@hexacore.io,Re: Hexacore Inc — RevOS Pro,We need to put this on hold. There's a hiring freeze and priorities have shifted.,2026-08-05T00:00:00,outbound,-0.7,
2935,490,99,rep_6@revos.ai,jennifer.johnson@hexacore.io,Re: Hexacore Inc — RevOS Pro,Our CTO left the company last week. New leadership wants to re-evaluate all vendor decisions.,2026-09-24T00:00:00,outbound,-0.77,
2936,490,99,rep_6@revos.ai,jennifer.johnson@hexacore.io,Re: Hexacore Inc — RevOS Pro,"Hi Rep_6, we need to push the timeline. Budget freeze until next quarter. I'll keep you posted.",2026-07-25T00:00:00,outbound,-0.69,
2937,491,89,rep_4@revos.ai,nikhil.verma@datavault.io,Re: Datavault Inc — RevOS Analytics,The team has concerns about integration complexity. We might need to revisit scope.,2026-07-06T00:00:00,outbound,-0.42,
2938,491,89,rep_4@revos.ai,nikhil.verma@datavault.io,Re: Datavault Inc — RevOS Analytics,The team has concerns about integration complexity. We might need to revisit scope.,2026-06-17T00:00:00,outbound,-0.78,
2939,491,89,nikhil.verma@datavault.io,rep_4@revos.ai,Re: Datavault Inc — RevOS Analytics,We need to put this on hold. There's a hiring freeze and priorities have shifted.,2026-08-16T00:00:00,inbound,-0.75,
2940,491,89,rep_4@revos.ai,nikhil.verma@datavault.io,Re: Datavault Inc — RevOS Analytics,We're evaluating People.ai as well. Can you share a comparison deck?,2026-08-07T00:00:00,outbound,-0.42,People.ai
2941,491,89,nikhil.verma@datavault.io,rep_4@revos.ai,Re: Datavault Inc — RevOS Analytics,Sorry for the silence — been caught up with internal reorg. Not sure about the timeline anymore.,2026-09-21T00:00:00,inbound,-0.28,
2942,492,2,karthik.shah@acmetech.com,rep_10@revos.ai,Re: Acmetech Inc — RevOS Analytics,We've completed internal review. Legal is looking at the contract now. Expect sign-off by October 08.,2026-10-01T00:00:00,inbound,0.46,Salesforce Einstein
2943,492,2,rep_10@revos.ai,karthik.shah@acmetech.com,Re: Acmetech Inc — RevOS Analytics,Great demo yesterday! Our VP was impressed with the forecasting module. Let's discuss pricing for the enterprise tier.,2026-09-14T00:00:00,outbound,0.81,Salesforce Einstein
2944,492,2,rep_10@revos.ai,karthik.shah@acmetech.com,Re: Acmetech Inc — RevOS Analytics,"Hi Rep_10, just checking in. Any updates on the custom integration we discussed?",2026-08-04T00:00:00,outbound,0.33,People.ai
2945,492,2,karthik.shah@acmetech.com,rep_10@revos.ai,Re: Acmetech Inc — RevOS Analytics,Great demo yesterday! Our VP was impressed with the forecasting module. Let's discuss pricing for the enterprise tier.,2026-09-20T00:00:00,inbound,0.34,
2946,492,2,karthik.shah@acmetech.com,rep_10@revos.ai,Re: Acmetech Inc — RevOS Analytics,The ROI numbers you shared were compelling. I've looped in our CFO for budget approval.,2026-07-18T00:00:00,inbound,0.45,
2947,492,2,rep_10@revos.ai,karthik.shah@acmetech.com,Re: Acmetech Inc — RevOS Analytics,"Hi Rep_10, thanks for the proposal. The team reviewed it and we're keen to move forward. Can we schedule a call this week to discuss next steps?",2026-09-11T00:00:00,outbound,0.86,
2948,492,2,rep_10@revos.ai,karthik.shah@acmetech.com,Re: Acmetech Inc — RevOS Analytics,Quick update — we got budget approval. Let's finalize the SOW this week.,2026-08-04T00:00:00,outbound,0.62,
2949,492,2,karthik.shah@acmetech.com,rep_10@revos.ai,Re: Acmetech Inc — RevOS Analytics,Quick update — we got budget approval. Let's finalize the SOW this week.,2026-07-09T00:00:00,inbound,-0.05,
2950,492,2,rep_10@revos.ai,karthik.shah@acmetech.com,Re: Acmetech Inc — RevOS Analytics,"Hi Rep_10, thanks for the proposal. The team reviewed it and we're keen to move forward. Can we schedule a call this week to discuss next steps?",2026-09-09T00:00:00,outbound,-0.1,
2951,492,2,rep_10@revos.ai,karthik.shah@acmetech.com,Re: Acmetech Inc — RevOS Analytics,Quick update — we got budget approval. Let's finalize the SOW this week.,2026-06-30T00:00:00,outbound,-0.06,
2952,493,112,jessica.mehta@maplesoft.co,rep_10@revos.ai,Re: Maplesoft Inc — RevOS API,Our CTO left the company last week. New leadership wants to re-evaluate all vendor decisions.,2026-09-14T00:00:00,inbound,-0.74,
2953,493,112,jessica.mehta@maplesoft.co,rep_10@revos.ai,Re: Maplesoft Inc — RevOS API,"Hi Rep_10, we need to push the timeline. Budget freeze until next quarter. I'll keep you posted.",2026-09-18T00:00:00,inbound,-0.98,
2954,493,112,jessica.mehta@maplesoft.co,rep_10@revos.ai,Re: Maplesoft Inc — RevOS API,Our CTO left the company last week. New leadership wants to re-evaluate all vendor decisions.,2026-07-31T00:00:00,inbound,-0.9,
2955,493,112,jessica.mehta@maplesoft.co,rep_10@revos.ai,Re: Maplesoft Inc — RevOS API,The team has concerns about integration complexity. We might need to revisit scope.,2026-07-17T00:00:00,inbound,-0.12,Salesforce Einstein
2956,494,124,rep_2@revos.ai,ritu.rao@qubitlabs.co,Re: Qubitlabs Inc — RevOS Pro,Great demo yesterday! Our VP was impressed with the forecasting module. Let's discuss pricing for the enterprise tier.,2026-09-13T00:00:00,outbound,0.9,Gong
2957,494,124,rep_2@revos.ai,ritu.rao@qubitlabs.co,Re: Qubitlabs Inc — RevOS Pro,We've completed internal review. Legal is looking at the contract now. Expect sign-off by June 13.,2026-06-06T00:00:00,outbound,0.61,
2958,494,124,rep_2@revos.ai,ritu.rao@qubitlabs.co,Re: Qubitlabs Inc — RevOS Pro,We've completed internal review. Legal is looking at the contract now. Expect sign-off by July 30.,2026-07-23T00:00:00,outbound,0.32,
2959,494,124,ritu.rao@qubitlabs.co,rep_2@revos.ai,Re: Qubitlabs Inc — RevOS Pro,The ROI numbers you shared were compelling. I've looped in our CFO for budget approval.,2026-08-11T00:00:00,inbound,0.32,
2960,494,124,rep_2@revos.ai,ritu.rao@qubitlabs.co,Re: Qubitlabs Inc — RevOS Pro,The ROI numbers you shared were compelling. I've looped in our CFO for budget approval.,2026-09-27T00:00:00,outbound,0.34,People.ai
2961,494,124,ritu.rao@qubitlabs.co,rep_2@revos.ai,Re: Qubitlabs Inc — RevOS Pro,Great demo yesterday! Our VP was impressed with the forecasting module. Let's discuss pricing for the enterprise tier.,2026-09-30T00:00:00,inbound,0.92,
2962,494,124,ritu.rao@qubitlabs.co,rep_2@revos.ai,Re: Qubitlabs Inc — RevOS Pro,Great demo yesterday! Our VP was impressed with the forecasting module. Let's discuss pricing for the enterprise tier.,2026-06-08T00:00:00,inbound,0.64,HubSpot AI
2963,494,124,rep_2@revos.ai,ritu.rao@qubitlabs.co,Re: Qubitlabs Inc — RevOS Pro,Great demo yesterday! Our VP was impressed with the forecasting module. Let's discuss pricing for the enterprise tier.,2026-09-25T00:00:00,outbound,0.94,
2964,494,124,rep_2@revos.ai,ritu.rao@qubitlabs.co,Re: Qubitlabs Inc — RevOS Pro,Sorry for the silence — been caught up with internal reorg. Not sure about the timeline anymore.,2026-07-17T00:00:00,outbound,-0.99,
2965,495,115,rep_7@revos.ai,lisa.joshi@orchidtech.in,Re: Orchidtech Inc — RevOS Starter,"Hi Rep_7, we need to push the timeline. Budget freeze until next quarter. I'll keep you posted.",2026-09-09T00:00:00,outbound,-0.32,
2966,495,115,rep_7@revos.ai,lisa.joshi@orchidtech.in,Re: Orchidtech Inc — RevOS Starter,"Hi Rep_7, we need to push the timeline. Budget freeze until next quarter. I'll keep you posted.",2026-09-21T00:00:00,outbound,-0.26,Clari
2967,495,115,lisa.joshi@orchidtech.in,rep_7@revos.ai,Re: Orchidtech Inc — RevOS Starter,Our CTO left the company last week. New leadership wants to re-evaluate all vendor decisions.,2026-09-24T00:00:00,inbound,-0.82,
2968,495,115,rep_7@revos.ai,lisa.joshi@orchidtech.in,Re: Orchidtech Inc — RevOS Starter,Our CTO left the company last week. New leadership wants to re-evaluate all vendor decisions.,2026-09-29T00:00:00,outbound,-0.34,
2969,495,115,lisa.joshi@orchidtech.in,rep_7@revos.ai,Re: Orchidtech Inc — RevOS Starter,The team has concerns about integration complexity. We might need to revisit scope.,2026-09-15T00:00:00,inbound,-0.53,
2970,495,115,lisa.joshi@orchidtech.in,rep_7@revos.ai,Re: Orchidtech Inc — RevOS Starter,The team has concerns about integration complexity. We might need to revisit scope.,2026-09-23T00:00:00,inbound,-0.41,
2971,495,115,rep_7@revos.ai,lisa.joshi@orchidtech.in,Re: Orchidtech Inc — RevOS Starter,Our CTO left the company last week. New leadership wants to re-evaluate all vendor decisions.,2026-09-09T00:00:00,outbound,-0.88,People.ai
2972,495,115,lisa.joshi@orchidtech.in,rep_7@revos.ai,Re: Orchidtech Inc — RevOS Starter,"Hi Rep_7, we need to push the timeline. Budget freeze until next quarter. I'll keep you posted.",2026-09-10T00:00:00,inbound,-0.22,
2973,495,115,lisa.joshi@orchidtech.in,rep_7@revos.ai,Re: Orchidtech Inc — RevOS Starter,Sorry for the silence — been caught up with internal reorg. Not sure about the timeline anymore.,2026-09-25T00:00:00,inbound,-0.28,
2974,495,115,lisa.joshi@orchidtech.in,rep_7@revos.ai,Re: Orchidtech Inc — RevOS Starter,"Hi Rep_7, we need to push the timeline. Budget freeze until next quarter. I'll keep you posted.",2026-09-17T00:00:00,inbound,-0.61,
2975,496,18,rep_8@revos.ai,sneha.williams@growthloop.io,Re: Growthloop Inc — RevOS Analytics,The team has concerns about integration complexity. We might need to revisit scope.,2026-08-03T00:00:00,outbound,-0.2,
2976,496,18,sneha.williams@growthloop.io,rep_8@revos.ai,Re: Growthloop Inc — RevOS Analytics,We're evaluating Clari as well. Can you share a comparison deck?,2026-07-31T00:00:00,inbound,-0.1,
2977,496,18,rep_8@revos.ai,sneha.williams@growthloop.io,Re: Growthloop Inc — RevOS Analytics,The team has concerns about integration complexity. We might need to revisit scope.,2026-05-20T00:00:00,outbound,-0.61,
2978,496,18,sneha.williams@growthloop.io,rep_8@revos.ai,Re: Growthloop Inc — RevOS Analytics,Our CTO left the company last week. New leadership wants to re-evaluate all vendor decisions.,2026-08-07T00:00:00,inbound,-0.44,Salesforce Einstein
2979,496,18,sneha.williams@growthloop.io,rep_8@revos.ai,Re: Growthloop Inc — RevOS Analytics,We need to put this on hold. There's a hiring freeze and priorities have shifted.,2026-08-12T00:00:00,inbound,-0.97,Gong
2980,496,18,rep_8@revos.ai,sneha.williams@growthloop.io,Re: Growthloop Inc — RevOS Analytics,We're evaluating Gong as well. Can you share a comparison deck?,2026-08-22T00:00:00,outbound,-0.98,
2981,496,18,sneha.williams@growthloop.io,rep_8@revos.ai,Re: Growthloop Inc — RevOS Analytics,Sorry for the silence — been caught up with internal reorg. Not sure about the timeline anymore.,2026-06-23T00:00:00,inbound,-0.68,
2982,496,18,sneha.williams@growthloop.io,rep_8@revos.ai,Re: Growthloop Inc — RevOS Analytics,Our CTO left the company last week. New leadership wants to re-evaluate all vendor decisions.,2026-07-13T00:00:00,inbound,-0.42,Salesforce Einstein
2983,496,18,rep_8@revos.ai,sneha.williams@growthloop.io,Re: Growthloop Inc — RevOS Analytics,We're evaluating Clari as well. Can you share a comparison deck?,2026-08-10T00:00:00,outbound,-0.39,Clari
2984,496,18,sneha.williams@growthloop.io,rep_8@revos.ai,Re: Growthloop Inc — RevOS Analytics,We're evaluating Clari as well. Can you share a comparison deck?,2026-06-22T00:00:00,inbound,-0.22,
2985,497,102,lisa.jones@innov8.co,rep_8@revos.ai,Re: Innov8 Inc — RevOS Analytics,The team has concerns about integration complexity. We might need to revisit scope.,2026-09-20T00:00:00,inbound,-1.0,HubSpot AI
2986,497,102,lisa.jones@innov8.co,rep_8@revos.ai,Re: Innov8 Inc — RevOS Analytics,We're evaluating a competitor as well. Can you share a comparison deck?,2026-09-20T00:00:00,inbound,-0.37,
2987,497,102,lisa.jones@innov8.co,rep_8@revos.ai,Re: Innov8 Inc — RevOS Analytics,"Hi Rep_8, thanks for the proposal. The team reviewed it and we're keen to move forward. Can we schedule a call this week to discuss next steps?",2026-09-26T00:00:00,inbound,0.85,Clari
2988,497,102,lisa.jones@innov8.co,rep_8@revos.ai,Re: Innov8 Inc — RevOS Analytics,We've completed internal review. Legal is looking at the contract now. Expect sign-off by September 28.,2026-09-21T00:00:00,inbound,0.8,People.ai
2989,497,102,rep_8@revos.ai,lisa.jones@innov8.co,Re: Innov8 Inc — RevOS Analytics,Sorry for the silence — been caught up with internal reorg. Not sure about the timeline anymore.,2026-09-30T00:00:00,outbound,-0.46,
2990,497,102,lisa.jones@innov8.co,rep_8@revos.ai,Re: Innov8 Inc — RevOS Analytics,The team has concerns about integration complexity. We might need to revisit scope.,2026-09-30T00:00:00,inbound,-0.43,
2991,497,102,lisa.jones@innov8.co,rep_8@revos.ai,Re: Innov8 Inc — RevOS Analytics,Our CTO left the company last week. New leadership wants to re-evaluate all vendor decisions.,2026-09-30T00:00:00,inbound,-0.86,People.ai
2992,498,6,william.gupta@clearstack.io,rep_7@revos.ai,Re: Clearstack Inc — RevOS Enterprise,Great demo yesterday! Our VP was impressed with the forecasting module. Let's discuss pricing for the enterprise tier.,2026-08-16T00:00:00,inbound,0.47,
2993,498,6,rep_7@revos.ai,william.gupta@clearstack.io,Re: Clearstack Inc — RevOS Enterprise,We've completed internal review. Legal is looking at the contract now. Expect sign-off by May 09.,2026-05-02T00:00:00,outbound,0.03,
2994,498,6,william.gupta@clearstack.io,rep_7@revos.ai,Re: Clearstack Inc — RevOS Enterprise,We've completed internal review. Legal is looking at the contract now. Expect sign-off by July 30.,2026-07-23T00:00:00,inbound,0.23,People.ai
2995,498,6,william.gupta@clearstack.io,rep_7@revos.ai,Re: Clearstack Inc — RevOS Enterprise,The ROI numbers you shared were compelling. I've looped in our CFO for budget approval.,2026-08-16T00:00:00,inbound,0.36,
2996,498,6,rep_7@revos.ai,william.gupta@clearstack.io,Re: Clearstack Inc — RevOS Enterprise,Great demo yesterday! Our VP was impressed with the forecasting module. Let's discuss pricing for the enterprise tier.,2026-09-12T00:00:00,outbound,0.37,
2997,499,95,priya.jones@fusionware.com,rep_9@revos.ai,Re: Fusionware Inc — RevOS Starter,The team has concerns about integration complexity. We might need to revisit scope.,2026-08-01T00:00:00,inbound,-0.54,
2998,499,95,priya.jones@fusionware.com,rep_9@revos.ai,Re: Fusionware Inc — RevOS Starter,The team has concerns about integration complexity. We might need to revisit scope.,2026-07-18T00:00:00,inbound,-0.34,
2999,499,95,priya.jones@fusionware.com,rep_9@revos.ai,Re: Fusionware Inc — RevOS Starter,The team has concerns about integration complexity. We might need to revisit scope.,2026-09-14T00:00:00,inbound,-0.74,
3000,500,72,anjali.iyer@yieldmax.in,rep_6@revos.ai,Re: Yieldmax Inc — RevOS Starter,The ROI numbers you shared were compelling. I've looped in our CFO for budget approval.,2026-07-17T00:00:00,inbound,0.72,
3001,500,72,anjali.iyer@yieldmax.in,rep_6@revos.ai,Re: Yieldmax Inc — RevOS Starter,Can you send over the updated pricing sheet? We need it for our internal review.,2026-08-26T00:00:00,inbound,0.47,
3002,500,72,anjali.iyer@yieldmax.in,rep_6@revos.ai,Re: Yieldmax Inc — RevOS Starter,We've completed internal review. Legal is looking at the contract now. Expect sign-off by August 05.,2026-07-29T00:00:00,inbound,0.51,
3003,500,72,rep_6@revos.ai,anjali.iyer@yieldmax.in,Re: Yieldmax Inc — RevOS Starter,Quick update — we got budget approval. Let's finalize the SOW this week.,2026-09-07T00:00:00,outbound,0.91,
3004,500,72,anjali.iyer@yieldmax.in,rep_6@revos.ai,Re: Yieldmax Inc — RevOS Starter,Great demo yesterday! Our VP was impressed with the forecasting module. Let's discuss pricing for the enterprise tier.,2026-07-27T00:00:00,inbound,0.9,
3005,500,72,rep_6@revos.ai,anjali.iyer@yieldmax.in,Re: Yieldmax Inc — RevOS Starter,"Hi Rep_6, thanks for the proposal. The team reviewed it and we're keen to move forward. Can we schedule a call this week to discuss next steps?",2026-08-12T00:00:00,outbound,0.31,HubSpot AI
